This is pdfTeX, Version 3.141592653-2.6-1.40.27 (TeX Live 2025) (preloaded format=pdflatex 2025.8.21)  26 FEB 2026 16:38
entering extended mode
 restricted \write18 enabled.
 file:line:error style messages enabled.
 %&-line parsing enabled.
**/Users/kaiyrly/Desktop/eb-1a/latex_public/inkin.tex
(/Users/kaiyrly/Desktop/eb-1a/latex_public/inkin.tex
LaTeX2e <2024-11-01> patch level 2
L3 programming layer <2025-01-18>
(/usr/local/texlive/2025/texmf-dist/tex/latex/base/article.cls
Document Class: article 2024/06/29 v1.4n Standard LaTeX document class
(/usr/local/texlive/2025/texmf-dist/tex/latex/base/size12.clo
File: size12.clo 2024/06/29 v1.4n Standard LaTeX file (size option)
)
\c@part=\count196
\c@section=\count197
\c@subsection=\count198
\c@subsubsection=\count199
\c@paragraph=\count266
\c@subparagraph=\count267
\c@figure=\count268
\c@table=\count269
\abovecaptionskip=\skip49
\belowcaptionskip=\skip50
\bibindent=\dimen141
) (./use.tex (/usr/local/texlive/2025/texmf-dist/tex/latex/dirtytalk/dirtytalk.sty
Package: dirtytalk 2010/11/21 A package making "quoting" easier
 (/usr/local/texlive/2025/texmf-dist/tex/latex/kvoptions/kvoptions.sty
Package: kvoptions 2022-06-15 v3.15 Key value format for package options (HO)
 (/usr/local/texlive/2025/texmf-dist/tex/latex/graphics/keyval.sty
Package: keyval 2022/05/29 v1.15 key=value parser (DPC)
\KV@toks@=\toks17
) (/usr/local/texlive/2025/texmf-dist/tex/generic/ltxcmds/ltxcmds.sty
Package: ltxcmds 2023-12-04 v1.26 LaTeX kernel commands for general use (HO)
) (/usr/local/texlive/2025/texmf-dist/tex/latex/kvsetkeys/kvsetkeys.sty
Package: kvsetkeys 2022-10-05 v1.19 Key value parser (HO)
)) (/usr/local/texlive/2025/texmf-dist/tex/latex/base/ifthen.sty
Package: ifthen 2024/03/16 v1.1e Standard LaTeX ifthen package (DPC)
)
\c@dirtytalk@qdepth=\count270
) (/usr/local/texlive/2025/texmf-dist/tex/latex/enumitem/enumitem.sty
Package: enumitem 2025/02/06 v3.11 Customized lists
\labelindent=\skip51
\enit@outerparindent=\dimen142
\enit@toks=\toks18
\enit@inbox=\box52
\enit@count@id=\count271
\enitdp@description=\count272
) (/usr/local/texlive/2025/texmf-dist/tex/latex/fancyhdr/fancyhdr.sty
Package: fancyhdr 2025/02/07 v5.2 Extensive control of page headers and footers
\f@nch@headwidth=\skip52
\f@nch@offset@elh=\skip53
\f@nch@offset@erh=\skip54
\f@nch@offset@olh=\skip55
\f@nch@offset@orh=\skip56
\f@nch@offset@elf=\skip57
\f@nch@offset@erf=\skip58
\f@nch@offset@olf=\skip59
\f@nch@offset@orf=\skip60
\f@nch@height=\skip61
\f@nch@footalignment=\skip62
\f@nch@widthL=\skip63
\f@nch@widthC=\skip64
\f@nch@widthR=\skip65
\@temptokenb=\toks19
) (/usr/local/texlive/2025/texmf-dist/tex/latex/base/fontenc.sty
Package: fontenc 2021/04/29 v2.0v Standard LaTeX package
) (/usr/local/texlive/2025/texmf-dist/tex/latex/geometry/geometry.sty
Package: geometry 2020/01/02 v5.9 Page Geometry
 (/usr/local/texlive/2025/texmf-dist/tex/generic/iftex/ifvtex.sty
Package: ifvtex 2019/10/25 v1.7 ifvtex legacy package. Use iftex instead.
 (/usr/local/texlive/2025/texmf-dist/tex/generic/iftex/iftex.sty
Package: iftex 2024/12/12 v1.0g TeX engine tests
))
\Gm@cnth=\count273
\Gm@cntv=\count274
\c@Gm@tempcnt=\count275
\Gm@bindingoffset=\dimen143
\Gm@wd@mp=\dimen144
\Gm@odd@mp=\dimen145
\Gm@even@mp=\dimen146
\Gm@layoutwidth=\dimen147
\Gm@layoutheight=\dimen148
\Gm@layouthoffset=\dimen149
\Gm@layoutvoffset=\dimen150
\Gm@dimlist=\toks20
) (/usr/local/texlive/2025/texmf-dist/tex/latex/graphics/graphicx.sty
Package: graphicx 2021/09/16 v1.2d Enhanced LaTeX Graphics (DPC,SPQR)
 (/usr/local/texlive/2025/texmf-dist/tex/latex/graphics/graphics.sty
Package: graphics 2024/08/06 v1.4g Standard LaTeX Graphics (DPC,SPQR)
 (/usr/local/texlive/2025/texmf-dist/tex/latex/graphics/trig.sty
Package: trig 2023/12/02 v1.11 sin cos tan (DPC)
) (/usr/local/texlive/2025/texmf-dist/tex/latex/graphics-cfg/graphics.cfg
File: graphics.cfg 2016/06/04 v1.11 sample graphics configuration
)
Package graphics Info: Driver file: pdftex.def on input line 106.
 (/usr/local/texlive/2025/texmf-dist/tex/latex/graphics-def/pdftex.def
File: pdftex.def 2024/04/13 v1.2c Graphics/color driver for pdftex
))
\Gin@req@height=\dimen151
\Gin@req@width=\dimen152
) (/usr/local/texlive/2025/texmf-dist/tex/latex/url/url.sty
\Urlmuskip=\muskip17
Package: url 2013/09/16  ver 3.4  Verb mode for urls, etc.
) (/usr/local/texlive/2025/texmf-dist/tex/latex/etoolbox/etoolbox.sty
Package: etoolbox 2025/02/11 v2.5l e-TeX tools for LaTeX (JAW)
\etb@tempcnta=\count276
) (/usr/local/texlive/2025/texmf-dist/tex/latex/import/import.sty
Package: import 2020/04/01  v 6.2
) (/usr/local/texlive/2025/texmf-dist/tex/latex/base/inputenc.sty
Package: inputenc 2024/02/08 v1.3d Input encoding file
\inpenc@prehook=\toks21
\inpenc@posthook=\toks22
) (/usr/local/texlive/2025/texmf-dist/tex/latex/tools/longtable.sty
Package: longtable 2024-10-27 v4.22 Multi-page Table package (DPC)
\LTleft=\skip66
\LTright=\skip67
\LTpre=\skip68
\LTpost=\skip69
\LTchunksize=\count277
\LTcapwidth=\dimen153
\LT@head=\box53
\LT@firsthead=\box54
\LT@foot=\box55
\LT@lastfoot=\box56
\LT@gbox=\box57
\LT@cols=\count278
\LT@rows=\count279
\c@LT@tables=\count280
\c@LT@chunks=\count281
\LT@p@ftn=\toks23
) (/usr/local/texlive/2025/texmf-dist/tex/latex/microtype/microtype.sty
Package: microtype 2025/02/11 v3.2a Micro-typographical refinements (RS)
\MT@toks=\toks24
\MT@tempbox=\box58
\MT@count=\count282
LaTeX Info: Redefining \noprotrusionifhmode on input line 1087.
LaTeX Info: Redefining \leftprotrusion on input line 1088.
\MT@prot@toks=\toks25
LaTeX Info: Redefining \rightprotrusion on input line 1107.
LaTeX Info: Redefining \textls on input line 1449.
\MT@outer@kern=\dimen154
LaTeX Info: Redefining \microtypecontext on input line 2053.
LaTeX Info: Redefining \textmicrotypecontext on input line 2070.
\MT@listname@count=\count283
 (/usr/local/texlive/2025/texmf-dist/tex/latex/microtype/microtype-pdftex.def
File: microtype-pdftex.def 2025/02/11 v3.2a Definitions specific to pdftex (RS)
LaTeX Info: Redefining \lsstyle on input line 944.
LaTeX Info: Redefining \lslig on input line 944.
\MT@outer@space=\skip70
)
Package microtype Info: Loading configuration file microtype.cfg.
 (/usr/local/texlive/2025/texmf-dist/tex/latex/microtype/microtype.cfg
File: microtype.cfg 2025/02/11 v3.2a microtype main configuration file (RS)
)
LaTeX Info: Redefining \microtypesetup on input line 3065.
) (/usr/local/texlive/2025/texmf-dist/tex/latex/pdfpages/pdfpages.sty
Package: pdfpages 2025/01/30 v0.6e Insert pages of external PDF documents (AM)
 (/usr/local/texlive/2025/texmf-dist/tex/latex/tools/calc.sty
Package: calc 2023/07/08 v4.3 Infix arithmetic (KKT,FJ)
\calc@Acount=\count284
\calc@Bcount=\count285
\calc@Adimen=\dimen155
\calc@Bdimen=\dimen156
\calc@Askip=\skip71
\calc@Bskip=\skip72
LaTeX Info: Redefining \setlength on input line 80.
LaTeX Info: Redefining \addtolength on input line 81.
\calc@Ccount=\count286
\calc@Cskip=\skip73
) (/usr/local/texlive/2025/texmf-dist/tex/latex/eso-pic/eso-pic.sty
Package: eso-pic 2023/05/03 v3.0c eso-pic (RN)
\ESO@tempdima=\dimen157
\ESO@tempdimb=\dimen158
 (/usr/local/texlive/2025/texmf-dist/tex/latex/xcolor/xcolor.sty
Package: xcolor 2024/09/29 v3.02 LaTeX color extensions (UK)
 (/usr/local/texlive/2025/texmf-dist/tex/latex/graphics-cfg/color.cfg
File: color.cfg 2016/01/02 v1.6 sample color configuration
)
Package xcolor Info: Driver file: pdftex.def on input line 274.
 (/usr/local/texlive/2025/texmf-dist/tex/latex/graphics/mathcolor.ltx)
Package xcolor Info: Model `cmy' substituted by `cmy0' on input line 1349.
Package xcolor Info: Model `hsb' substituted by `rgb' on input line 1353.
Package xcolor Info: Model `RGB' extended on input line 1365.
Package xcolor Info: Model `HTML' substituted by `rgb' on input line 1367.
Package xcolor Info: Model `Hsb' substituted by `hsb' on input line 1368.
Package xcolor Info: Model `tHsb' substituted by `hsb' on input line 1369.
Package xcolor Info: Model `HSB' substituted by `hsb' on input line 1370.
Package xcolor Info: Model `Gray' substituted by `gray' on input line 1371.
Package xcolor Info: Model `wave' substituted by `hsb' on input line 1372.
))
\AM@pagewidth=\dimen159
\AM@pageheight=\dimen160
\AM@fboxrule=\dimen161
 (/usr/local/texlive/2025/texmf-dist/tex/latex/pdfpages/pppdftex.def
File: pppdftex.def 2025/01/30 v0.6e Pdfpages driver for pdfTeX (AM)
)
\pdfpages@includegraphics@status=\count287
\AM@pagebox=\box59
\AM@global@opts=\toks26
\AM@pagecnt=\count288
\AM@toc@title=\toks27
\AM@lof@heading=\toks28
\c@AM@survey=\count289
\AM@templatesizebox=\box60
) (/usr/local/texlive/2025/texmf-dist/tex/latex/scrwfile/scrwfile.sty
Package: scrwfile 2023-03-31 v0.1.99 KOMA-Script package (write and clone files)


Package scrwfile Warning: THIS IS AN EXPERIMENTAL PACKAGE!
(scrwfile)                USAGE OF THIS PACKAGE IS ON YOUR OWN RISK!
(scrwfile)                EVERYTHING MAY HAPPEN!
(scrwfile)                EVERYTHING MAY CHANGE IN FUTURE!
(scrwfile)                THERE IS NO SUPPORT, IF YOU USE THIS PACKAGE!
(scrwfile)                Maybe, it would be better not to load this package.

(/usr/local/texlive/2025/texmf-dist/tex/latex/koma-script/scrbase.sty
Package: scrbase 2024/10/24 v3.43 KOMA-Script package (KOMA-Script-independent basics and keyval usage)
 (/usr/local/texlive/2025/texmf-dist/tex/latex/koma-script/scrlfile.sty
Package: scrlfile 2024/10/24 v3.43 KOMA-Script package (file load hooks)
 (/usr/local/texlive/2025/texmf-dist/tex/latex/koma-script/scrlfile-hook.sty
Package: scrlfile-hook 2024/10/24 v3.43 KOMA-Script package (using LaTeX hooks)
 (/usr/local/texlive/2025/texmf-dist/tex/latex/koma-script/scrlogo.sty
Package: scrlogo 2024/10/24 v3.43 KOMA-Script package (logo)
)))
Applying: [2021/05/01] Usage of raw or classic option list on input line 254.
Already applied: [0000/00/00] Usage of raw or classic option list on input line 370.
)) (/usr/local/texlive/2025/texmf-dist/tex/latex/setspace/setspace.sty
Package: setspace 2022/12/04 v6.7b set line spacing
) (/usr/local/texlive/2025/texmf-dist/tex/generic/soul/soul.sty
Package: soul 2023-06-14 v3.1 Permit use of UTF-8 characters in soul (HO)
 (/usr/local/texlive/2025/texmf-dist/tex/generic/soul/soul-ori.sty
Package: soul-ori 2023-06-14 v3.1 letterspacing/underlining (mf)
\SOUL@word=\toks29
\SOUL@lasttoken=\toks30
\SOUL@syllable=\toks31
\SOUL@cmds=\toks32
\SOUL@buffer=\toks33
\SOUL@token=\toks34
\SOUL@syllgoal=\dimen162
\SOUL@syllwidth=\dimen163
\SOUL@charkern=\dimen164
\SOUL@hyphkern=\dimen165
\SOUL@dimen=\dimen166
\SOUL@dimeni=\dimen167
\SOUL@minus=\count290
\SOUL@comma=\count291
\SOUL@apo=\count292
\SOUL@grave=\count293
\SOUL@spaceskip=\skip74
\SOUL@ttwidth=\dimen168
\SOUL@uldp=\dimen169
\SOUL@ulht=\dimen170
) (/usr/local/texlive/2025/texmf-dist/tex/generic/infwarerr/infwarerr.sty
Package: infwarerr 2019/12/03 v1.5 Providing info/warning/error messages (HO)
) (/usr/local/texlive/2025/texmf-dist/tex/generic/etexcmds/etexcmds.sty
Package: etexcmds 2019/12/15 v1.7 Avoid name clashes with e-TeX commands (HO)
)) (/usr/local/texlive/2025/texmf-dist/tex/latex/tabfigures/tabfigures.sty
Package: tabfigures 2012/01/24 v1.1 Patches for using tabular figures
) (/usr/local/texlive/2025/texmf-dist/tex/latex/tocloft/tocloft.sty
Package: tocloft 2017/08/31 v2.3i parameterised ToC, etc., typesetting
Package tocloft Info: The document has section divisions on input line 51.
\cftparskip=\skip75
\cftbeforetoctitleskip=\skip76
\cftaftertoctitleskip=\skip77
\cftbeforepartskip=\skip78
\cftpartnumwidth=\skip79
\cftpartindent=\skip80
\cftbeforesecskip=\skip81
\cftsecindent=\skip82
\cftsecnumwidth=\skip83
\cftbeforesubsecskip=\skip84
\cftsubsecindent=\skip85
\cftsubsecnumwidth=\skip86
\cftbeforesubsubsecskip=\skip87
\cftsubsubsecindent=\skip88
\cftsubsubsecnumwidth=\skip89
\cftbeforeparaskip=\skip90
\cftparaindent=\skip91
\cftparanumwidth=\skip92
\cftbeforesubparaskip=\skip93
\cftsubparaindent=\skip94
\cftsubparanumwidth=\skip95
\cftbeforeloftitleskip=\skip96
\cftafterloftitleskip=\skip97
\cftbeforefigskip=\skip98
\cftfigindent=\skip99
\cftfignumwidth=\skip100
\c@lofdepth=\count294
\c@lotdepth=\count295
\cftbeforelottitleskip=\skip101
\cftafterlottitleskip=\skip102
\cftbeforetabskip=\skip103
\cfttabindent=\skip104
\cfttabnumwidth=\skip105
) (/usr/local/texlive/2025/texmf-dist/tex/latex/tools/xspace.sty
Package: xspace 2014/10/28 v1.13 Space after command names (DPC,MH)
)) (/usr/local/texlive/2025/texmf-dist/tex/latex/hyperref/hyperref.sty
Package: hyperref 2024-11-05 v7.01l Hypertext links for LaTeX
 (/usr/local/texlive/2025/texmf-dist/tex/generic/kvdefinekeys/kvdefinekeys.sty
Package: kvdefinekeys 2019-12-19 v1.6 Define keys (HO)
) (/usr/local/texlive/2025/texmf-dist/tex/generic/pdfescape/pdfescape.sty
Package: pdfescape 2019/12/09 v1.15 Implements pdfTeX's escape features (HO)
 (/usr/local/texlive/2025/texmf-dist/tex/generic/pdftexcmds/pdftexcmds.sty
Package: pdftexcmds 2020-06-27 v0.33 Utility functions of pdfTeX for LuaTeX (HO)
Package pdftexcmds Info: \pdf@primitive is available.
Package pdftexcmds Info: \pdf@ifprimitive is available.
Package pdftexcmds Info: \pdfdraftmode found.
)) (/usr/local/texlive/2025/texmf-dist/tex/latex/hycolor/hycolor.sty
Package: hycolor 2020-01-27 v1.10 Color options for hyperref/bookmark (HO)
) (/usr/local/texlive/2025/texmf-dist/tex/latex/hyperref/nameref.sty
Package: nameref 2023-11-26 v2.56 Cross-referencing by name of section
 (/usr/local/texlive/2025/texmf-dist/tex/latex/refcount/refcount.sty
Package: refcount 2019/12/15 v3.6 Data extraction from label references (HO)
) (/usr/local/texlive/2025/texmf-dist/tex/generic/gettitlestring/gettitlestring.sty
Package: gettitlestring 2019/12/15 v1.6 Cleanup title references (HO)
)
\c@section@level=\count296
) (/usr/local/texlive/2025/texmf-dist/tex/generic/stringenc/stringenc.sty
Package: stringenc 2019/11/29 v1.12 Convert strings between diff. encodings (HO)
)
\@linkdim=\dimen171
\Hy@linkcounter=\count297
\Hy@pagecounter=\count298
 (/usr/local/texlive/2025/texmf-dist/tex/latex/hyperref/pd1enc.def
File: pd1enc.def 2024-11-05 v7.01l Hyperref: PDFDocEncoding definition (HO)
Now handling font encoding PD1 ...
... no UTF-8 mapping file for font encoding PD1
) (/usr/local/texlive/2025/texmf-dist/tex/generic/intcalc/intcalc.sty
Package: intcalc 2019/12/15 v1.3 Expandable calculations with integers (HO)
)
\Hy@SavedSpaceFactor=\count299
 (/usr/local/texlive/2025/texmf-dist/tex/latex/hyperref/puenc.def
File: puenc.def 2024-11-05 v7.01l Hyperref: PDF Unicode definition (HO)
Now handling font encoding PU ...
... no UTF-8 mapping file for font encoding PU
)
Package hyperref Info: Hyper figures OFF on input line 4157.
Package hyperref Info: Link nesting OFF on input line 4162.
Package hyperref Info: Hyper index ON on input line 4165.
Package hyperref Info: Plain pages OFF on input line 4172.
Package hyperref Info: Backreferencing OFF on input line 4177.
Package hyperref Info: Implicit mode ON; LaTeX internals redefined.
Package hyperref Info: Bookmarks ON on input line 4424.
\c@Hy@tempcnt=\count300
LaTeX Info: Redefining \url on input line 4763.
\XeTeXLinkMargin=\dimen172
 (/usr/local/texlive/2025/texmf-dist/tex/generic/bitset/bitset.sty
Package: bitset 2019/12/09 v1.3 Handle bit-vector datatype (HO)
 (/usr/local/texlive/2025/texmf-dist/tex/generic/bigintcalc/bigintcalc.sty
Package: bigintcalc 2019/12/15 v1.5 Expandable calculations on big integers (HO)
))
\Fld@menulength=\count301
\Field@Width=\dimen173
\Fld@charsize=\dimen174
Package hyperref Info: Hyper figures OFF on input line 6042.
Package hyperref Info: Link nesting OFF on input line 6047.
Package hyperref Info: Hyper index ON on input line 6050.
Package hyperref Info: backreferencing OFF on input line 6057.
Package hyperref Info: Link coloring OFF on input line 6062.
Package hyperref Info: Link coloring with OCG OFF on input line 6067.
Package hyperref Info: PDF/A mode OFF on input line 6072.
 (/usr/local/texlive/2025/texmf-dist/tex/latex/base/atbegshi-ltx.sty
Package: atbegshi-ltx 2021/01/10 v1.0c Emulation of the original atbegshi
package with kernel methods
)
\Hy@abspage=\count302
\c@Item=\count303
\c@Hfootnote=\count304
)
Package hyperref Info: Driver (autodetected): hpdftex.
 (/usr/local/texlive/2025/texmf-dist/tex/latex/hyperref/hpdftex.def
File: hpdftex.def 2024-11-05 v7.01l Hyperref driver for pdfTeX
 (/usr/local/texlive/2025/texmf-dist/tex/latex/base/atveryend-ltx.sty
Package: atveryend-ltx 2020/08/19 v1.0a Emulation of the original atveryend package
with kernel methods
)
\Fld@listcount=\count305
\c@bookmark@seq@number=\count306
 (/usr/local/texlive/2025/texmf-dist/tex/latex/rerunfilecheck/rerunfilecheck.sty
Package: rerunfilecheck 2022-07-10 v1.10 Rerun checks for auxiliary files (HO)
 (/usr/local/texlive/2025/texmf-dist/tex/generic/uniquecounter/uniquecounter.sty
Package: uniquecounter 2019/12/15 v1.4 Provide unlimited unique counter (HO)
)
Package uniquecounter Info: New unique counter `rerunfilecheck' on input line 285.
)
\Hy@SectionHShift=\skip106
) (./style.tex
Package hyperref Info: Option `colorlinks' set `false' on input line 19.
) (././definitions.tex) (./commands/commands.tex (./commands/continue.tex (/usr/local/texlive/2025/texmf-dist/tex/generic/ulem/ulem.sty
\UL@box=\box61
\UL@hyphenbox=\box62
\UL@skip=\skip107
\UL@hook=\toks35
\UL@height=\dimen175
\UL@pe=\count307
\UL@pixel=\dimen176
\ULC@box=\box63
Package: ulem 2019/11/18
\ULdepth=\dimen177
)) (./commands/quote.tex) (./commands/names.tex) (./commands/Exhibit.tex) (./commands/ExhibitRef.tex) (./commands/lExhibits.tex) (./commands/ListOfExhibits.tex) (./commands/NOTE.tex) (./commands/ResumeItem.tex) (./commands/SectionRef.tex) (./commands/SubSubSubSection.tex) (./commands/TODO.tex) (./commands/UnnumberedTitle.tex) (./commands/VerticalSpace.tex))
\c@exhibit=\count308
\c@Exhibits=\count309
\cftbeforeExhibitsskip=\skip108
\cftExhibitsindent=\skip109
\cftExhibitsnumwidth=\skip110
\c@loedepth=\count310
\cftbeforeloetitleskip=\skip111
\cftafterloetitleskip=\skip112
 (/usr/local/texlive/2025/texmf-dist/tex/latex/l3backend/l3backend-pdftex.def
File: l3backend-pdftex.def 2024-05-08 L3 backend support: PDF output (pdfTeX)
\l__color_backend_stack_int=\count311
\l__pdf_internal_box=\box64
) (%OUTDIR%/inkin.aux)
\openout1 = `inkin.aux'.

LaTeX Font Info:    Checking defaults for OML/cmm/m/it on input line 14.
LaTeX Font Info:    ... okay on input line 14.
LaTeX Font Info:    Checking defaults for OMS/cmsy/m/n on input line 14.
LaTeX Font Info:    ... okay on input line 14.
LaTeX Font Info:    Checking defaults for OT1/cmr/m/n on input line 14.
LaTeX Font Info:    ... okay on input line 14.
LaTeX Font Info:    Checking defaults for T1/cmr/m/n on input line 14.
LaTeX Font Info:    ... okay on input line 14.
LaTeX Font Info:    Checking defaults for TS1/cmr/m/n on input line 14.
LaTeX Font Info:    ... okay on input line 14.
LaTeX Font Info:    Checking defaults for OMX/cmex/m/n on input line 14.
LaTeX Font Info:    ... okay on input line 14.
LaTeX Font Info:    Checking defaults for U/cmr/m/n on input line 14.
LaTeX Font Info:    ... okay on input line 14.
LaTeX Font Info:    Checking defaults for PD1/pdf/m/n on input line 14.
LaTeX Font Info:    ... okay on input line 14.
LaTeX Font Info:    Checking defaults for PU/pdf/m/n on input line 14.
LaTeX Font Info:    ... okay on input line 14.

*geometry* driver: auto-detecting
*geometry* detected driver: pdftex
*geometry* verbose mode - [ preamble ] result:
* driver: pdftex
* paper: letterpaper
* layout: <same size as paper>
* layoutoffset:(h,v)=(0.0pt,0.0pt)
* modes: 
* h-part:(L,W,R)=(59.75095pt, 494.7931pt, 59.75095pt)
* v-part:(T,H,B)=(59.75095pt, 675.4681pt, 59.75095pt)
* \paperwidth=614.295pt
* \paperheight=794.96999pt
* \textwidth=494.7931pt
* \textheight=675.4681pt
* \oddsidemargin=-12.51904pt
* \evensidemargin=-12.51904pt
* \topmargin=-49.51904pt
* \headheight=15.0pt
* \headsep=25.0pt
* \topskip=12.0pt
* \footskip=30.0pt
* \marginparwidth=44.0pt
* \marginparsep=10.0pt
* \columnsep=10.0pt
* \skip\footins=10.8pt plus 4.0pt minus 2.0pt
* \hoffset=0.0pt
* \voffset=0.0pt
* \mag=1000
* \@twocolumnfalse
* \@twosidefalse
* \@mparswitchfalse
* \@reversemarginfalse
* (1in=72.27pt=25.4mm, 1cm=28.453pt)

(/usr/local/texlive/2025/texmf-dist/tex/context/base/mkii/supp-pdf.mkii
[Loading MPS to PDF converter (version 2006.09.02).]
\scratchcounter=\count312
\scratchdimen=\dimen178
\scratchbox=\box65
\nofMPsegments=\count313
\nofMParguments=\count314
\everyMPshowfont=\toks36
\MPscratchCnt=\count315
\MPscratchDim=\dimen179
\MPnumerator=\count316
\makeMPintoPDFobject=\count317
\everyMPtoPDFconversion=\toks37
) (/usr/local/texlive/2025/texmf-dist/tex/latex/epstopdf-pkg/epstopdf-base.sty
Package: epstopdf-base 2020-01-24 v2.11 Base part for package epstopdf
 (/usr/local/texlive/2025/texmf-dist/tex/latex/grfext/grfext.sty
Package: grfext 2019/12/03 v1.3 Manage graphics extensions (HO)
)
Package epstopdf-base Info: Redefining graphics rule for `.eps' on input line 485.
Package grfext Info: Graphics extension search list:
(grfext)             [.pdf,.png,.jpg,.mps,.jpeg,.jbig2,.jb2,.PDF,.PNG,.JPG,.JPEG,.JBIG2,.JB2,.eps]
(grfext)             \AppendGraphicsExtensions on input line 504.
 (/usr/local/texlive/2025/texmf-dist/tex/latex/latexconfig/epstopdf-sys.cfg
File: epstopdf-sys.cfg 2010/07/13 v1.3 Configuration of (r)epstopdf for TeX Live
))
LaTeX Info: Redefining \microtypecontext on input line 14.
Package microtype Info: Applying patch `item' on input line 14.
Package microtype Info: Applying patch `toc' on input line 14.
Package microtype Info: Applying patch `eqnum' on input line 14.
Package microtype Info: Applying patch `footnote' on input line 14.
Package microtype Info: Applying patch `verbatim' on input line 14.
LaTeX Info: Redefining \microtypesetup on input line 14.
Package microtype Info: Generating PDF output.
Package microtype Info: Character protrusion enabled (level 2).
Package microtype Info: Using default protrusion set `alltext'.
Package microtype Info: Automatic font expansion enabled (level 2),
(microtype)             stretch: 20, shrink: 20, step: 1, non-selected.
Package microtype Info: Using default expansion set `alltext-nott'.
LaTeX Info: Redefining \showhyphens on input line 14.
Package microtype Info: No adjustment of tracking.
Package microtype Info: No adjustment of interword spacing.
Package microtype Info: No adjustment of character kerning.
 (/usr/local/texlive/2025/texmf-dist/tex/latex/microtype/mt-cmr.cfg
File: mt-cmr.cfg 2013/05/19 v2.2 microtype config. file: Computer Modern Roman (RS)
) (/usr/local/texlive/2025/texmf-dist/tex/latex/pdflscape/pdflscape.sty
Package: pdflscape 2022-10-27 v0.13 Display of landscape pages in PDF
 (/usr/local/texlive/2025/texmf-dist/tex/latex/pdflscape/pdflscape-nometadata.sty
Package: pdflscape-nometadata 2022-10-28 v0.13 Display of landscape pages in PDF (HO)
 (/usr/local/texlive/2025/texmf-dist/tex/latex/graphics/lscape.sty
Package: lscape 2020/05/28 v3.02 Landscape Pages (DPC)
)
Package pdflscape Info: Auto-detected driver: pdftex on input line 81.
))
Package scrwfile Info: Using immediate redefinition of `\@starttoc' on input line 14.
Package scrwfile Info: Extending `\@starttoc`  on input line 14.


Package tabfigures Warning: There is no command \tbfigures to support tabular figures.

Package hyperref Info: Link coloring OFF on input line 14.
(%OUTDIR%/inkin.out) (%OUTDIR%/inkin.out)
\@outlinefile=\write3
\openout3 = `inkin.out'.

 (././toc.tex)

[1{/usr/local/texlive/2025/texmf-var/fonts/map/pdftex/updmap/pdftex.map}{/usr/local/texlive/2025/texmf-dist/fonts/enc/dvips/cm-super/cm-super-t1.enc}

] (./Body/Body.tex (./Body/Intro/Intro.tex
LaTeX Font Info:    External font `cmex10' loaded for size
(Font)              <12> on input line 5.
LaTeX Font Info:    External font `cmex10' loaded for size
(Font)              <8> on input line 5.
LaTeX Font Info:    External font `cmex10' loaded for size
(Font)              <6> on input line 5.


[2])

[3] (./Body/Summary/Summary.tex
Underfull \hbox (badness 5563) in paragraph at lines 37--37
[]\T1/cmr/bx/n/17.28 (+20) Summary of Mr. Taximov's achievements and
 []



[4]

[5]) (./Body/Evidence/Evidence.tex (./Body/Evidence/Awards/Awards.tex

[6]

[7{/usr/local/texlive/2025/texmf-dist/fonts/enc/dvips/cm-super/cm-super-ts1.enc}]

[8]

[9]

LaTeX Warning: Reference `ex:Orig_Decree2' on page 10 undefined on input line 82.


LaTeX Warning: Reference `ex:Orig_Decree2' on page 10 undefined on input line 82.



[10]

[11]

[12]
Underfull \hbox (badness 1275) in paragraph at lines 154--154
[]\T1/cmr/bx/n/12 (+20) Certificate of Appreciation for Contributions to Information Security.
 []



[13]
Underfull \hbox (badness 1675) in paragraph at lines 181--182
\T1/cmr/m/n/12 (+20) internationally recognized cybersecurity vendor such as Kaspersky constitutes a lesser
 []



[14]) (./Body/Evidence/Associations/Associations.tex

[15]

[16]) (./Body/Evidence/Published/Published.tex

[17]
Package microtype Info: Loading generic protrusion settings for font family
(microtype)             `cmtt' (encoding: T1).
(microtype)             For optimal results, create family-specific settings.
(microtype)             See the microtype manual for details.


LaTeX Warning: Reference `ex:KazPravda100Years' on page 18 undefined on input line 24.


LaTeX Warning: Reference `ex:KazPravda100Years' on page 18 undefined on input line 24.



[18]

[19]) (./Body/Evidence/Judging/Judging.tex

[20]

[21]

[22]

[23]
Underfull \hbox (badness 1521) in paragraph at lines 311--311
[]\T1/cmr/bx/n/12 (+20) Kaspersky Lab KZ Expert commission on IT, Data Protection and
 []



[24]

[25]

[26]

[27]

[28]) (./Body/Evidence/Contributions/Contributions.tex

[29]

[30]

[31]

[32]

[33]
Underfull \hbox (badness 1019) in paragraph at lines 331--332
[]\T1/cmr/m/n/12 (+20) Yesmagambetov highlights Mr. Taximov's original, technically specific contribution to
 []



[34]

[35]

LaTeX Warning: Reference `ex:BaikenCV' on page 36 undefined on input line 378.


LaTeX Warning: Reference `ex:BaikenCV' on page 36 undefined on input line 378.



[36]

[37]
Underfull \hbox (badness 4543) in paragraph at lines 437--438
[]\T1/cmr/m/it/12 (+20) ``At iKOMEK109, Askar facilitated the development of key digital technologies and
 []



[38]

[39]) (./Body/Evidence/Articles/Articles.tex

[40]

[41]

[42]

[43]) (./Body/Evidence/Role/Role.tex

[44]

[45]

[46]

[47]

[48]

[49]

[50]

[51]

[52]

[53]

[54]

[55]

[56]) (./Body/Evidence/Display/Display.tex

[57]

[58]

[59]

[60]) (./Body/Evidence/Salary/Salary.tex

[61]

[62]

[63])) (./Body/Merits/Merits.tex

[64]

[65]

[66]) (./Body/Benefit/Benefit.tex

[67]

[68]) (./Body/Conclusion/Conclusion.tex))

[69] (./WorkPlan/WorkPlan.tex

[70])

[71] (./ListOfExhibits/ListOfExhibits.tex (%OUTDIR%/inkin.Awards) (%OUTDIR%/inkin.Associations

[72]) (%OUTDIR%/inkin.Published

[73]) (%OUTDIR%/inkin.Judging
Underfull \hbox (badness 1147) in paragraph at lines 2--2
 [][] [][]\T1/cmr/m/n/12 (+20) AIU journal portal screenshots (International Science Reviews): ISSN, 
 []



[74]
Underfull \hbox (badness 7099) in paragraph at lines 14--14
 [][] [][]\T1/cmr/m/n/12 (+20) OrleTECH program website screenshots describing tracks (NoCode, 
 []

) (%OUTDIR%/inkin.CompanyInfo
Underfull \hbox (badness 10000) in paragraph at lines 2--2
 [][] [][]\T1/cmr/m/n/12 (+20) Municipal transportation 
 []



[75]) (%OUTDIR%/inkin.Contributions

[76]
Underfull \hbox (badness 1478) in paragraph at lines 10--10
 [][] [][]\T1/cmr/m/n/12 (+20) Recommendation letter: Anuar Beisenbayev, Development Director at 
 []


Underfull \hbox (badness 1515) in paragraph at lines 10--10
 \T1/cmr/m/n/12 (+20) NextITSM platform development, and election-period data engineering 
 []


Underfull \hbox (badness 1205) in paragraph at lines 16--16
 [][] [][]\T1/cmr/m/n/12 (+20) Recommendation letter: Dastan Yesmagambetov, Director for IT and 
 []



[77]) (%OUTDIR%/inkin.Articles
Underfull \hbox (badness 4316) in paragraph at lines 5--5
 [][] [][]\T1/cmr/m/n/12 (+20) Journal website screenshot confirming \T1/cmr/m/it/12 (+20) Components of Scientific and 
 []



[78]
Underfull \hbox (badness 1412) in paragraph at lines 10--10
 [][] [][]\T1/cmr/m/n/12 (+20) Peer-reviewed article (VAK-listed journal): ``Big data as a smart-city 
 []

) (%OUTDIR%/inkin.Role
Overfull \hbox (0.94414pt too wide) detected at line 2
\T1/cmr/m/n/12 Exhibits 100 
 []


Overfull \hbox (0.94414pt too wide) detected at line 3
\T1/cmr/m/n/12 Exhibits 101 
 []


Overfull \hbox (0.94414pt too wide) detected at line 4
\T1/cmr/m/n/12 Exhibits 102 
 []


Overfull \hbox (0.94414pt too wide) detected at line 5
\T1/cmr/m/n/12 Exhibits 103 
 []

) (%OUTDIR%/inkin.Display
Overfull \hbox (0.94414pt too wide) detected at line 1
\T1/cmr/m/n/12 Exhibits 104 
 []


Underfull \hbox (badness 3954) in paragraph at lines 1--1
 [][] [][]\T1/cmr/m/n/12 (+20) ``Digitalization and technological revolutions: current challenges and 
 []


Overfull \hbox (0.94414pt too wide) detected at line 2
\T1/cmr/m/n/12 Exhibits 105 
 []


Underfull \hbox (badness 10000) in paragraph at lines 2--2
 [][] [][]\T1/cmr/m/n/12 (+20) Certificate documenting 
 []



[79]
Overfull \hbox (0.94414pt too wide) detected at line 3
\T1/cmr/m/n/12 Exhibits 106 
 []


Underfull \hbox (badness 3954) in paragraph at lines 3--3
 [][] [][]\T1/cmr/m/n/12 (+20) ``Digitalization and technological revolutions: current challenges and 
 []


Overfull \hbox (0.94414pt too wide) detected at line 4
\T1/cmr/m/n/12 Exhibits 107 
 []


Overfull \hbox (0.94414pt too wide) detected at line 5
\T1/cmr/m/n/12 Exhibits 108 
 []


Overfull \hbox (0.94414pt too wide) detected at line 6
\T1/cmr/m/n/12 Exhibits 109 
 []


Overfull \hbox (0.94414pt too wide) detected at line 7
\T1/cmr/m/n/12 Exhibits 110 
 []


Overfull \hbox (0.94414pt too wide) detected at line 8
\T1/cmr/m/n/12 Exhibits 111 
 []


Underfull \hbox (badness 1062) in paragraph at lines 8--8
 [][] [][]\T1/cmr/m/n/12 (+20) Certificate documenting Mr. Taximov's participation in ``World science: 
 []


Overfull \hbox (0.94414pt too wide) detected at line 9
\T1/cmr/m/n/12 Exhibits 112 
 []


Overfull \hbox (0.94414pt too wide) detected at line 10
\T1/cmr/m/n/12 Exhibits 113 
 []


Overfull \hbox (0.94414pt too wide) detected at line 11
\T1/cmr/m/n/12 Exhibits 114 
 []


Overfull \hbox (0.94414pt too wide) detected at line 12
\T1/cmr/m/n/12 Exhibits 115 
 []


Overfull \hbox (0.94414pt too wide) detected at line 13
\T1/cmr/m/n/12 Exhibits 116 
 []


Overfull \hbox (0.94414pt too wide) detected at line 14
\T1/cmr/m/n/12 Exhibits 117 
 []



[80]
Overfull \hbox (0.94414pt too wide) detected at line 15
\T1/cmr/m/n/12 Exhibits 118 
 []


Overfull \hbox (0.94414pt too wide) detected at line 16
\T1/cmr/m/n/12 Exhibits 119 
 []


Overfull \hbox (0.94414pt too wide) detected at line 17
\T1/cmr/m/n/12 Exhibits 120 
 []


Overfull \hbox (0.94414pt too wide) detected at line 18
\T1/cmr/m/n/12 Exhibits 121 
 []

) (%OUTDIR%/inkin.Salary
Overfull \hbox (0.94414pt too wide) detected at line 1
\T1/cmr/m/n/12 Exhibits 122 
 []


Overfull \hbox (0.94414pt too wide) detected at line 2
\T1/cmr/m/n/12 Exhibits 123 
 []


Overfull \hbox (0.94414pt too wide) detected at line 3
\T1/cmr/m/n/12 Exhibits 124 
 []


Overfull \hbox (0.94414pt too wide) detected at line 4
\T1/cmr/m/n/12 Exhibits 125 
 []


Overfull \hbox (0.94414pt too wide) detected at line 5
\T1/cmr/m/n/12 Exhibits 126 
 []


Overfull \hbox (0.94414pt too wide) detected at line 6
\T1/cmr/m/n/12 Exhibits 127 
 []


Overfull \hbox (0.94414pt too wide) detected at line 7
\T1/cmr/m/n/12 Exhibits 128 
 []

) (%OUTDIR%/inkin.Events
Overfull \hbox (0.94414pt too wide) detected at line 1
\T1/cmr/m/n/12 Exhibits 129 
 []


Overfull \hbox (0.94414pt too wide) detected at line 2
\T1/cmr/m/n/12 Exhibits 130 
 []


Overfull \hbox (0.94414pt too wide) detected at line 3
\T1/cmr/m/n/12 Exhibits 131 
 []



[81]
Overfull \hbox (0.94414pt too wide) detected at line 4
\T1/cmr/m/n/12 Exhibits 132 
 []


Overfull \hbox (0.94414pt too wide) detected at line 5
\T1/cmr/m/n/12 Exhibits 133 
 []


Overfull \hbox (0.94414pt too wide) detected at line 6
\T1/cmr/m/n/12 Exhibits 134 
 []


Overfull \hbox (0.94414pt too wide) detected at line 7
\T1/cmr/m/n/12 Exhibits 135 
 []


Overfull \hbox (0.94414pt too wide) detected at line 8
\T1/cmr/m/n/12 Exhibits 136 
 []


Overfull \hbox (0.94414pt too wide) detected at line 9
\T1/cmr/m/n/12 Exhibits 137 
 []


Overfull \hbox (0.94414pt too wide) detected at line 10
\T1/cmr/m/n/12 Exhibits 138 
 []


Overfull \hbox (0.94414pt too wide) detected at line 11
\T1/cmr/m/n/12 Exhibits 139 
 []


Overfull \hbox (0.94414pt too wide) detected at line 12
\T1/cmr/m/n/12 Exhibits 140 
 []

))

[82] (./Exhibits/Exhibits.tex (./Exhibits/Awards/Awards.tex (./Exhibits/Awards/ErenEnbegi_Photo1/ErenEnbegi_Photo1.tex

[83

]
<Exhibits/Awards/ErenEnbegi_Photo1/../ErenEnbegi_Photo1.jpeg, id=1561, 824.07875pt x 977.6525pt>
File: Exhibits/Awards/ErenEnbegi_Photo1/../ErenEnbegi_Photo1.jpeg Graphic file (type jpg)
<use Exhibits/Awards/ErenEnbegi_Photo1/../ErenEnbegi_Photo1.jpeg>
Package pdftex.def Info: Exhibits/Awards/ErenEnbegi_Photo1/../ErenEnbegi_Photo1.jpeg  used on input line 5.
(pdftex.def)             Requested size: 445.31076pt x 528.29744pt.
)

[84

 <./Exhibits/Awards/ErenEnbegi_Photo1/../ErenEnbegi_Photo1.jpeg>] (./Exhibits/Awards/ErenEnbegi_Photo2/ErenEnbegi_Photo2.tex

[85

]
<Exhibits/Awards/ErenEnbegi_Photo2/../ErenEnbegi_Photo2.jpeg, id=1572, 963.6pt x 1284.8pt>
File: Exhibits/Awards/ErenEnbegi_Photo2/../ErenEnbegi_Photo2.jpeg Graphic file (type jpg)
<use Exhibits/Awards/ErenEnbegi_Photo2/../ErenEnbegi_Photo2.jpeg>
Package pdftex.def Info: Exhibits/Awards/ErenEnbegi_Photo2/../ErenEnbegi_Photo2.jpeg  used on input line 5.
(pdftex.def)             Requested size: 445.31076pt x 593.7402pt.
)

[86

 <./Exhibits/Awards/ErenEnbegi_Photo2/../ErenEnbegi_Photo2.jpeg>] (./Exhibits/Awards/Bolashak/Bolashak.tex (./Exhibits/Awards/Bolashak/Decree2005/Decree2005.tex

[87

]
<Exhibits/Awards/Bolashak/Decree2005/../Decree2005.pdf, id=1582, 597.19106pt x 845.07718pt>
File: Exhibits/Awards/Bolashak/Decree2005/../Decree2005.pdf Graphic file (type pdf)
<use Exhibits/Awards/Bolashak/Decree2005/../Decree2005.pdf>
Package pdftex.def Info: Exhibits/Awards/Bolashak/Decree2005/../Decree2005.pdf  used on input line 6.
(pdftex.def)             Requested size: 597.1896pt x 845.07512pt.
<Exhibits/Awards/Bolashak/Decree2005/../Decree2005.pdf, id=1584, page=1, 597.19106pt x 845.07718pt>
File: Exhibits/Awards/Bolashak/Decree2005/../Decree2005.pdf Graphic file (type pdf)
<use Exhibits/Awards/Bolashak/Decree2005/../Decree2005.pdf, page 1>
Package pdftex.def Info: Exhibits/Awards/Bolashak/Decree2005/../Decree2005.pdf , page1 used on input line 6.
(pdftex.def)             Requested size: 597.1896pt x 845.07512pt.
File: Exhibits/Awards/Bolashak/Decree2005/../Decree2005.pdf Graphic file (type pdf)
<use Exhibits/Awards/Bolashak/Decree2005/../Decree2005.pdf, page 1>
Package pdftex.def Info: Exhibits/Awards/Bolashak/Decree2005/../Decree2005.pdf , page1 used on input line 6.
(pdftex.def)             Requested size: 561.82442pt x 795.0303pt.
File: Exhibits/Awards/Bolashak/Decree2005/../Decree2005.pdf Graphic file (type pdf)
<use Exhibits/Awards/Bolashak/Decree2005/../Decree2005.pdf, page 1>
Package pdftex.def Info: Exhibits/Awards/Bolashak/Decree2005/../Decree2005.pdf , page1 used on input line 6.
(pdftex.def)             Requested size: 561.82442pt x 795.0303pt.
File: Exhibits/Awards/Bolashak/Decree2005/../Decree2005.pdf Graphic file (type pdf)
<use Exhibits/Awards/Bolashak/Decree2005/../Decree2005.pdf, page 1>
Package pdftex.def Info: Exhibits/Awards/Bolashak/Decree2005/../Decree2005.pdf , page1 used on input line 6.
(pdftex.def)             Requested size: 561.82442pt x 795.0303pt.


File: Exhibits/Awards/Bolashak/Decree2005/../Decree2005.pdf Graphic file (type pdf)
<use Exhibits/Awards/Bolashak/Decree2005/../Decree2005.pdf, page 1>
Package pdftex.def Info: Exhibits/Awards/Bolashak/Decree2005/../Decree2005.pdf , page1 used on input line 6.
(pdftex.def)             Requested size: 561.82442pt x 795.0303pt.
[88


 <./Exhibits/Awards/Bolashak/Decree2005/../Decree2005.pdf>]
<Exhibits/Awards/Bolashak/Decree2005/../Decree2005.pdf, id=1633, page=2, 597.19106pt x 845.07718pt>
File: Exhibits/Awards/Bolashak/Decree2005/../Decree2005.pdf Graphic file (type pdf)
<use Exhibits/Awards/Bolashak/Decree2005/../Decree2005.pdf, page 2>
Package pdftex.def Info: Exhibits/Awards/Bolashak/Decree2005/../Decree2005.pdf , page2 used on input line 6.
(pdftex.def)             Requested size: 561.82442pt x 795.0303pt.
File: Exhibits/Awards/Bolashak/Decree2005/../Decree2005.pdf Graphic file (type pdf)
<use Exhibits/Awards/Bolashak/Decree2005/../Decree2005.pdf, page 2>
Package pdftex.def Info: Exhibits/Awards/Bolashak/Decree2005/../Decree2005.pdf , page2 used on input line 6.
(pdftex.def)             Requested size: 561.82442pt x 795.0303pt.


File: Exhibits/Awards/Bolashak/Decree2005/../Decree2005.pdf Graphic file (type pdf)
<use Exhibits/Awards/Bolashak/Decree2005/../Decree2005.pdf, page 2>
Package pdftex.def Info: Exhibits/Awards/Bolashak/Decree2005/../Decree2005.pdf , page2 used on input line 6.
(pdftex.def)             Requested size: 561.82442pt x 795.0303pt.
[89

 <./Exhibits/Awards/Bolashak/Decree2005/../Decree2005.pdf>]
<Exhibits/Awards/Bolashak/Decree2005/../Decree2005.pdf, id=1643, page=3, 597.19106pt x 845.07718pt>
File: Exhibits/Awards/Bolashak/Decree2005/../Decree2005.pdf Graphic file (type pdf)
<use Exhibits/Awards/Bolashak/Decree2005/../Decree2005.pdf, page 3>
Package pdftex.def Info: Exhibits/Awards/Bolashak/Decree2005/../Decree2005.pdf , page3 used on input line 6.
(pdftex.def)             Requested size: 561.82442pt x 795.0303pt.
File: Exhibits/Awards/Bolashak/Decree2005/../Decree2005.pdf Graphic file (type pdf)
<use Exhibits/Awards/Bolashak/Decree2005/../Decree2005.pdf, page 3>
Package pdftex.def Info: Exhibits/Awards/Bolashak/Decree2005/../Decree2005.pdf , page3 used on input line 6.
(pdftex.def)             Requested size: 561.82442pt x 795.0303pt.


File: Exhibits/Awards/Bolashak/Decree2005/../Decree2005.pdf Graphic file (type pdf)
<use Exhibits/Awards/Bolashak/Decree2005/../Decree2005.pdf, page 3>
Package pdftex.def Info: Exhibits/Awards/Bolashak/Decree2005/../Decree2005.pdf , page3 used on input line 6.
(pdftex.def)             Requested size: 561.82442pt x 795.0303pt.
[90

 <./Exhibits/Awards/Bolashak/Decree2005/../Decree2005.pdf>]
<Exhibits/Awards/Bolashak/Decree2005/../Decree2005.pdf, id=1648, page=4, 597.19106pt x 845.07718pt>
File: Exhibits/Awards/Bolashak/Decree2005/../Decree2005.pdf Graphic file (type pdf)
<use Exhibits/Awards/Bolashak/Decree2005/../Decree2005.pdf, page 4>
Package pdftex.def Info: Exhibits/Awards/Bolashak/Decree2005/../Decree2005.pdf , page4 used on input line 6.
(pdftex.def)             Requested size: 561.82442pt x 795.0303pt.
File: Exhibits/Awards/Bolashak/Decree2005/../Decree2005.pdf Graphic file (type pdf)
<use Exhibits/Awards/Bolashak/Decree2005/../Decree2005.pdf, page 4>
Package pdftex.def Info: Exhibits/Awards/Bolashak/Decree2005/../Decree2005.pdf , page4 used on input line 6.
(pdftex.def)             Requested size: 561.82442pt x 795.0303pt.


File: Exhibits/Awards/Bolashak/Decree2005/../Decree2005.pdf Graphic file (type pdf)
<use Exhibits/Awards/Bolashak/Decree2005/../Decree2005.pdf, page 4>
Package pdftex.def Info: Exhibits/Awards/Bolashak/Decree2005/../Decree2005.pdf , page4 used on input line 6.
(pdftex.def)             Requested size: 561.82442pt x 795.0303pt.
[91

 <./Exhibits/Awards/Bolashak/Decree2005/../Decree2005.pdf>]) (./Exhibits/Awards/Bolashak/SupportLetter/SupportLetter.tex

[92


]
<Exhibits/Awards/Bolashak/SupportLetter/../SupportLetter.jpeg, id=1665, 903.375pt x 1284.8pt>
File: Exhibits/Awards/Bolashak/SupportLetter/../SupportLetter.jpeg Graphic file (type jpg)
<use Exhibits/Awards/Bolashak/SupportLetter/../SupportLetter.jpeg>
Package pdftex.def Info: Exhibits/Awards/Bolashak/SupportLetter/../SupportLetter.jpeg  used on input line 5.
(pdftex.def)             Requested size: 445.31076pt x 633.34117pt.
)

[93

 <./Exhibits/Awards/Bolashak/SupportLetter/../SupportLetter.jpeg>] (./Exhibits/Awards/Bolashak/BolashakFG_UCL/BolashakFG_UCL.tex

[94

]
<Exhibits/Awards/Bolashak/BolashakFG_UCL/BolashakFG_UCL.jpeg, id=1676, 903.375pt x 1284.8pt>
File: Exhibits/Awards/Bolashak/BolashakFG_UCL/BolashakFG_UCL.jpeg Graphic file (type jpg)
<use Exhibits/Awards/Bolashak/BolashakFG_UCL/BolashakFG_UCL.jpeg>
Package pdftex.def Info: Exhibits/Awards/Bolashak/BolashakFG_UCL/BolashakFG_UCL.jpeg  used on input line 5.
(pdftex.def)             Requested size: 445.31076pt x 633.34117pt.
)

[95

 <./Exhibits/Awards/Bolashak/BolashakFG_UCL/BolashakFG_UCL.jpeg>] (./Exhibits/Awards/Bolashak/BolashakFG_Embassy/BolashakFG_Embassy.tex

[96

]
<Exhibits/Awards/Bolashak/BolashakFG_Embassy/BolashakFG_Embassy.jpeg, id=1686, 969.6225pt x 1284.8pt>
File: Exhibits/Awards/Bolashak/BolashakFG_Embassy/BolashakFG_Embassy.jpeg Graphic file (type jpg)
<use Exhibits/Awards/Bolashak/BolashakFG_Embassy/BolashakFG_Embassy.jpeg>
Package pdftex.def Info: Exhibits/Awards/Bolashak/BolashakFG_Embassy/BolashakFG_Embassy.jpeg  used on input line 5.
(pdftex.def)             Requested size: 445.31076pt x 590.07417pt.
)

[97

 <./Exhibits/Awards/Bolashak/BolashakFG_Embassy/BolashakFG_Embassy.jpeg>]) (./Exhibits/Awards/PresAlghys2022/PresAlghys2022.tex

[98

]
<Exhibits/Awards/PresAlghys2022/PresAlghys2022.pdf, id=1697, 863.11436pt x 615.57536pt>
File: Exhibits/Awards/PresAlghys2022/PresAlghys2022.pdf Graphic file (type pdf)
<use Exhibits/Awards/PresAlghys2022/PresAlghys2022.pdf>
Package pdftex.def Info: Exhibits/Awards/PresAlghys2022/PresAlghys2022.pdf  used on input line 5.
(pdftex.def)             Requested size: 863.11224pt x 615.57387pt.
<Exhibits/Awards/PresAlghys2022/PresAlghys2022.pdf, id=1699, page=1, 863.11436pt x 615.57536pt>
File: Exhibits/Awards/PresAlghys2022/PresAlghys2022.pdf Graphic file (type pdf)
<use Exhibits/Awards/PresAlghys2022/PresAlghys2022.pdf, page 1>
Package pdftex.def Info: Exhibits/Awards/PresAlghys2022/PresAlghys2022.pdf , page1 used on input line 5.
(pdftex.def)             Requested size: 863.11224pt x 615.57387pt.
File: Exhibits/Awards/PresAlghys2022/PresAlghys2022.pdf Graphic file (type pdf)
<use Exhibits/Awards/PresAlghys2022/PresAlghys2022.pdf, page 1>
Package pdftex.def Info: Exhibits/Awards/PresAlghys2022/PresAlghys2022.pdf , page1 used on input line 5.
(pdftex.def)             Requested size: 614.36955pt x 438.16994pt.
File: Exhibits/Awards/PresAlghys2022/PresAlghys2022.pdf Graphic file (type pdf)
<use Exhibits/Awards/PresAlghys2022/PresAlghys2022.pdf, page 1>
Package pdftex.def Info: Exhibits/Awards/PresAlghys2022/PresAlghys2022.pdf , page1 used on input line 5.
(pdftex.def)             Requested size: 614.36955pt x 438.16994pt.
File: Exhibits/Awards/PresAlghys2022/PresAlghys2022.pdf Graphic file (type pdf)
<use Exhibits/Awards/PresAlghys2022/PresAlghys2022.pdf, page 1>
Package pdftex.def Info: Exhibits/Awards/PresAlghys2022/PresAlghys2022.pdf , page1 used on input line 5.
(pdftex.def)             Requested size: 614.36955pt x 438.16994pt.


File: Exhibits/Awards/PresAlghys2022/PresAlghys2022.pdf Graphic file (type pdf)
<use Exhibits/Awards/PresAlghys2022/PresAlghys2022.pdf, page 1>
Package pdftex.def Info: Exhibits/Awards/PresAlghys2022/PresAlghys2022.pdf , page1 used on input line 5.
(pdftex.def)             Requested size: 614.36955pt x 438.16994pt.
[99


 <./Exhibits/Awards/PresAlghys2022/PresAlghys2022.pdf>]) (./Exhibits/Awards/PresAlghys2024/PresAlghys2024.tex

[100


]
<Exhibits/Awards/PresAlghys2024/PresAlghys2024.pdf, id=1716, 844.83629pt x 597.31157pt>
File: Exhibits/Awards/PresAlghys2024/PresAlghys2024.pdf Graphic file (type pdf)
<use Exhibits/Awards/PresAlghys2024/PresAlghys2024.pdf>
Package pdftex.def Info: Exhibits/Awards/PresAlghys2024/PresAlghys2024.pdf  used on input line 5.
(pdftex.def)             Requested size: 844.83423pt x 597.3101pt.
<Exhibits/Awards/PresAlghys2024/PresAlghys2024.pdf, id=1718, page=1, 844.83629pt x 597.31157pt>
File: Exhibits/Awards/PresAlghys2024/PresAlghys2024.pdf Graphic file (type pdf)
<use Exhibits/Awards/PresAlghys2024/PresAlghys2024.pdf, page 1>
Package pdftex.def Info: Exhibits/Awards/PresAlghys2024/PresAlghys2024.pdf , page1 used on input line 5.
(pdftex.def)             Requested size: 844.83423pt x 597.3101pt.
File: Exhibits/Awards/PresAlghys2024/PresAlghys2024.pdf Graphic file (type pdf)
<use Exhibits/Awards/PresAlghys2024/PresAlghys2024.pdf, page 1>
Package pdftex.def Info: Exhibits/Awards/PresAlghys2024/PresAlghys2024.pdf , page1 used on input line 5.
(pdftex.def)             Requested size: 614.89482pt x 434.7396pt.
File: Exhibits/Awards/PresAlghys2024/PresAlghys2024.pdf Graphic file (type pdf)
<use Exhibits/Awards/PresAlghys2024/PresAlghys2024.pdf, page 1>
Package pdftex.def Info: Exhibits/Awards/PresAlghys2024/PresAlghys2024.pdf , page1 used on input line 5.
(pdftex.def)             Requested size: 614.89482pt x 434.7396pt.
File: Exhibits/Awards/PresAlghys2024/PresAlghys2024.pdf Graphic file (type pdf)
<use Exhibits/Awards/PresAlghys2024/PresAlghys2024.pdf, page 1>
Package pdftex.def Info: Exhibits/Awards/PresAlghys2024/PresAlghys2024.pdf , page1 used on input line 5.
(pdftex.def)             Requested size: 614.89482pt x 434.7396pt.


File: Exhibits/Awards/PresAlghys2024/PresAlghys2024.pdf Graphic file (type pdf)
<use Exhibits/Awards/PresAlghys2024/PresAlghys2024.pdf, page 1>
Package pdftex.def Info: Exhibits/Awards/PresAlghys2024/PresAlghys2024.pdf , page1 used on input line 5.
(pdftex.def)             Requested size: 614.89482pt x 434.7396pt.
[101


 <./Exhibits/Awards/PresAlghys2024/PresAlghys2024.pdf>]) (./Exhibits/Awards/AkimAlgys2022/AkimAlgys2022.tex

[102


]
<Exhibits/Awards/AkimAlgys2022/AkimAlgys2022.pdf, id=1729, 862.22125pt x 615.29887pt>
File: Exhibits/Awards/AkimAlgys2022/AkimAlgys2022.pdf Graphic file (type pdf)
<use Exhibits/Awards/AkimAlgys2022/AkimAlgys2022.pdf>
Package pdftex.def Info: Exhibits/Awards/AkimAlgys2022/AkimAlgys2022.pdf  used on input line 4.
(pdftex.def)             Requested size: 862.21915pt x 615.29736pt.
<Exhibits/Awards/AkimAlgys2022/AkimAlgys2022.pdf, id=1731, page=1, 862.22125pt x 615.29887pt>
File: Exhibits/Awards/AkimAlgys2022/AkimAlgys2022.pdf Graphic file (type pdf)
<use Exhibits/Awards/AkimAlgys2022/AkimAlgys2022.pdf, page 1>
Package pdftex.def Info: Exhibits/Awards/AkimAlgys2022/AkimAlgys2022.pdf , page1 used on input line 4.
(pdftex.def)             Requested size: 862.21915pt x 615.29736pt.
File: Exhibits/Awards/AkimAlgys2022/AkimAlgys2022.pdf Graphic file (type pdf)
<use Exhibits/Awards/AkimAlgys2022/AkimAlgys2022.pdf, page 1>
Package pdftex.def Info: Exhibits/Awards/AkimAlgys2022/AkimAlgys2022.pdf , page1 used on input line 4.
(pdftex.def)             Requested size: 614.44427pt x 438.4801pt.
File: Exhibits/Awards/AkimAlgys2022/AkimAlgys2022.pdf Graphic file (type pdf)
<use Exhibits/Awards/AkimAlgys2022/AkimAlgys2022.pdf, page 1>
Package pdftex.def Info: Exhibits/Awards/AkimAlgys2022/AkimAlgys2022.pdf , page1 used on input line 4.
(pdftex.def)             Requested size: 614.44427pt x 438.4801pt.
File: Exhibits/Awards/AkimAlgys2022/AkimAlgys2022.pdf Graphic file (type pdf)
<use Exhibits/Awards/AkimAlgys2022/AkimAlgys2022.pdf, page 1>
Package pdftex.def Info: Exhibits/Awards/AkimAlgys2022/AkimAlgys2022.pdf , page1 used on input line 4.
(pdftex.def)             Requested size: 614.44427pt x 438.4801pt.


File: Exhibits/Awards/AkimAlgys2022/AkimAlgys2022.pdf Graphic file (type pdf)
<use Exhibits/Awards/AkimAlgys2022/AkimAlgys2022.pdf, page 1>
Package pdftex.def Info: Exhibits/Awards/AkimAlgys2022/AkimAlgys2022.pdf , page1 used on input line 4.
(pdftex.def)             Requested size: 614.44427pt x 438.4801pt.
[103


 <./Exhibits/Awards/AkimAlgys2022/AkimAlgys2022.pdf>]) (./Exhibits/Awards/AkimKurmet2022/AkimKurmet2022.tex

[104


]
<Exhibits/Awards/AkimKurmet2022/AkimKurmet2022.pdf, id=1749, 597.31157pt x 844.83629pt>
File: Exhibits/Awards/AkimKurmet2022/AkimKurmet2022.pdf Graphic file (type pdf)
<use Exhibits/Awards/AkimKurmet2022/AkimKurmet2022.pdf>
Package pdftex.def Info: Exhibits/Awards/AkimKurmet2022/AkimKurmet2022.pdf  used on input line 4.
(pdftex.def)             Requested size: 597.3101pt x 844.83423pt.
<Exhibits/Awards/AkimKurmet2022/AkimKurmet2022.pdf, id=1751, page=1, 597.31157pt x 844.83629pt>
File: Exhibits/Awards/AkimKurmet2022/AkimKurmet2022.pdf Graphic file (type pdf)
<use Exhibits/Awards/AkimKurmet2022/AkimKurmet2022.pdf, page 1>
Package pdftex.def Info: Exhibits/Awards/AkimKurmet2022/AkimKurmet2022.pdf , page1 used on input line 4.
(pdftex.def)             Requested size: 597.3101pt x 844.83423pt.
File: Exhibits/Awards/AkimKurmet2022/AkimKurmet2022.pdf Graphic file (type pdf)
<use Exhibits/Awards/AkimKurmet2022/AkimKurmet2022.pdf, page 1>
Package pdftex.def Info: Exhibits/Awards/AkimKurmet2022/AkimKurmet2022.pdf , page1 used on input line 4.
(pdftex.def)             Requested size: 562.60312pt x 795.74474pt.
File: Exhibits/Awards/AkimKurmet2022/AkimKurmet2022.pdf Graphic file (type pdf)
<use Exhibits/Awards/AkimKurmet2022/AkimKurmet2022.pdf, page 1>
Package pdftex.def Info: Exhibits/Awards/AkimKurmet2022/AkimKurmet2022.pdf , page1 used on input line 4.
(pdftex.def)             Requested size: 562.60312pt x 795.74474pt.
File: Exhibits/Awards/AkimKurmet2022/AkimKurmet2022.pdf Graphic file (type pdf)
<use Exhibits/Awards/AkimKurmet2022/AkimKurmet2022.pdf, page 1>
Package pdftex.def Info: Exhibits/Awards/AkimKurmet2022/AkimKurmet2022.pdf , page1 used on input line 4.
(pdftex.def)             Requested size: 562.60312pt x 795.74474pt.


File: Exhibits/Awards/AkimKurmet2022/AkimKurmet2022.pdf Graphic file (type pdf)
<use Exhibits/Awards/AkimKurmet2022/AkimKurmet2022.pdf, page 1>
Package pdftex.def Info: Exhibits/Awards/AkimKurmet2022/AkimKurmet2022.pdf , page1 used on input line 4.
(pdftex.def)             Requested size: 562.60312pt x 795.74474pt.
[105


 <./Exhibits/Awards/AkimKurmet2022/AkimKurmet2022.pdf, page is rotated 90 degrees>]) (./Exhibits/Awards/KasperskyThanks2022Ex/KasperskyThanks2022Ex.tex

[106


]
<Exhibits/Awards/KasperskyThanks2022Ex/KasperskyThanks2022.pdf, id=1763, 597.31157pt x 844.83629pt>
File: Exhibits/Awards/KasperskyThanks2022Ex/KasperskyThanks2022.pdf Graphic file (type pdf)
<use Exhibits/Awards/KasperskyThanks2022Ex/KasperskyThanks2022.pdf>
Package pdftex.def Info: Exhibits/Awards/KasperskyThanks2022Ex/KasperskyThanks2022.pdf  used on input line 5.
(pdftex.def)             Requested size: 597.3101pt x 844.83423pt.
<Exhibits/Awards/KasperskyThanks2022Ex/KasperskyThanks2022.pdf, id=1765, page=1, 597.31157pt x 844.83629pt>
File: Exhibits/Awards/KasperskyThanks2022Ex/KasperskyThanks2022.pdf Graphic file (type pdf)
<use Exhibits/Awards/KasperskyThanks2022Ex/KasperskyThanks2022.pdf, page 1>
Package pdftex.def Info: Exhibits/Awards/KasperskyThanks2022Ex/KasperskyThanks2022.pdf , page1 used on input line 5.
(pdftex.def)             Requested size: 597.3101pt x 844.83423pt.
File: Exhibits/Awards/KasperskyThanks2022Ex/KasperskyThanks2022.pdf Graphic file (type pdf)
<use Exhibits/Awards/KasperskyThanks2022Ex/KasperskyThanks2022.pdf, page 1>
Package pdftex.def Info: Exhibits/Awards/KasperskyThanks2022Ex/KasperskyThanks2022.pdf , page1 used on input line 5.
(pdftex.def)             Requested size: 562.60312pt x 795.74474pt.
File: Exhibits/Awards/KasperskyThanks2022Ex/KasperskyThanks2022.pdf Graphic file (type pdf)
<use Exhibits/Awards/KasperskyThanks2022Ex/KasperskyThanks2022.pdf, page 1>
Package pdftex.def Info: Exhibits/Awards/KasperskyThanks2022Ex/KasperskyThanks2022.pdf , page1 used on input line 5.
(pdftex.def)             Requested size: 562.60312pt x 795.74474pt.
File: Exhibits/Awards/KasperskyThanks2022Ex/KasperskyThanks2022.pdf Graphic file (type pdf)
<use Exhibits/Awards/KasperskyThanks2022Ex/KasperskyThanks2022.pdf, page 1>
Package pdftex.def Info: Exhibits/Awards/KasperskyThanks2022Ex/KasperskyThanks2022.pdf , page1 used on input line 5.
(pdftex.def)             Requested size: 562.60312pt x 795.74474pt.


File: Exhibits/Awards/KasperskyThanks2022Ex/KasperskyThanks2022.pdf Graphic file (type pdf)
<use Exhibits/Awards/KasperskyThanks2022Ex/KasperskyThanks2022.pdf, page 1>
Package pdftex.def Info: Exhibits/Awards/KasperskyThanks2022Ex/KasperskyThanks2022.pdf , page1 used on input line 5.
(pdftex.def)             Requested size: 562.60312pt x 795.74474pt.
[107


 <./Exhibits/Awards/KasperskyThanks2022Ex/KasperskyThanks2022.pdf, page is rotated 90 degrees>])) (./Exhibits/Associations/Associations.tex (./Exhibits/Associations/KaibAdmissionLetter/KaibAdmissionLetter.tex

[108


]
<Exhibits/Associations/KaibAdmissionLetter/KaibAdmissionLetter.pdf, id=1777, 597.432pt x 845.07718pt>
File: Exhibits/Associations/KaibAdmissionLetter/KaibAdmissionLetter.pdf Graphic file (type pdf)
<use Exhibits/Associations/KaibAdmissionLetter/KaibAdmissionLetter.pdf>
Package pdftex.def Info: Exhibits/Associations/KaibAdmissionLetter/KaibAdmissionLetter.pdf  used on input line 4.
(pdftex.def)             Requested size: 597.43054pt x 845.07512pt.
<Exhibits/Associations/KaibAdmissionLetter/KaibAdmissionLetter.pdf, id=1779, page=1, 597.432pt x 845.07718pt>
File: Exhibits/Associations/KaibAdmissionLetter/KaibAdmissionLetter.pdf Graphic file (type pdf)
<use Exhibits/Associations/KaibAdmissionLetter/KaibAdmissionLetter.pdf, page 1>
Package pdftex.def Info: Exhibits/Associations/KaibAdmissionLetter/KaibAdmissionLetter.pdf , page1 used on input line 4.
(pdftex.def)             Requested size: 597.43054pt x 845.07512pt.
File: Exhibits/Associations/KaibAdmissionLetter/KaibAdmissionLetter.pdf Graphic file (type pdf)
<use Exhibits/Associations/KaibAdmissionLetter/KaibAdmissionLetter.pdf, page 1>
Package pdftex.def Info: Exhibits/Associations/KaibAdmissionLetter/KaibAdmissionLetter.pdf , page1 used on input line 4.
(pdftex.def)             Requested size: 562.05109pt x 795.0303pt.
File: Exhibits/Associations/KaibAdmissionLetter/KaibAdmissionLetter.pdf Graphic file (type pdf)
<use Exhibits/Associations/KaibAdmissionLetter/KaibAdmissionLetter.pdf, page 1>
Package pdftex.def Info: Exhibits/Associations/KaibAdmissionLetter/KaibAdmissionLetter.pdf , page1 used on input line 4.
(pdftex.def)             Requested size: 562.05109pt x 795.0303pt.
File: Exhibits/Associations/KaibAdmissionLetter/KaibAdmissionLetter.pdf Graphic file (type pdf)
<use Exhibits/Associations/KaibAdmissionLetter/KaibAdmissionLetter.pdf, page 1>
Package pdftex.def Info: Exhibits/Associations/KaibAdmissionLetter/KaibAdmissionLetter.pdf , page1 used on input line 4.
(pdftex.def)             Requested size: 562.05109pt x 795.0303pt.


File: Exhibits/Associations/KaibAdmissionLetter/KaibAdmissionLetter.pdf Graphic file (type pdf)
<use Exhibits/Associations/KaibAdmissionLetter/KaibAdmissionLetter.pdf, page 1>
Package pdftex.def Info: Exhibits/Associations/KaibAdmissionLetter/KaibAdmissionLetter.pdf , page1 used on input line 4.
(pdftex.def)             Requested size: 562.05109pt x 795.0303pt.
[109


 <./Exhibits/Associations/KaibAdmissionLetter/KaibAdmissionLetter.pdf

pdfTeX warning: pdflatex (file ./Exhibits/Associations/KaibAdmissionLetter/KaibAdmissionLetter.pdf): PDF inclusion: Subtype in Resources dict is not a name (key 'Subtype', type <stream>); ignored.
>]
<Exhibits/Associations/KaibAdmissionLetter/KaibAdmissionLetter.pdf, id=1791, page=2, 597.432pt x 845.07718pt>
File: Exhibits/Associations/KaibAdmissionLetter/KaibAdmissionLetter.pdf Graphic file (type pdf)
<use Exhibits/Associations/KaibAdmissionLetter/KaibAdmissionLetter.pdf, page 2>
Package pdftex.def Info: Exhibits/Associations/KaibAdmissionLetter/KaibAdmissionLetter.pdf , page2 used on input line 4.
(pdftex.def)             Requested size: 562.05109pt x 795.0303pt.
File: Exhibits/Associations/KaibAdmissionLetter/KaibAdmissionLetter.pdf Graphic file (type pdf)
<use Exhibits/Associations/KaibAdmissionLetter/KaibAdmissionLetter.pdf, page 2>
Package pdftex.def Info: Exhibits/Associations/KaibAdmissionLetter/KaibAdmissionLetter.pdf , page2 used on input line 4.
(pdftex.def)             Requested size: 562.05109pt x 795.0303pt.


File: Exhibits/Associations/KaibAdmissionLetter/KaibAdmissionLetter.pdf Graphic file (type pdf)
<use Exhibits/Associations/KaibAdmissionLetter/KaibAdmissionLetter.pdf, page 2>
Package pdftex.def Info: Exhibits/Associations/KaibAdmissionLetter/KaibAdmissionLetter.pdf , page2 used on input line 4.
(pdftex.def)             Requested size: 562.05109pt x 795.0303pt.
[110

 <./Exhibits/Associations/KaibAdmissionLetter/KaibAdmissionLetter.pdf

pdfTeX warning: pdflatex (file ./Exhibits/Associations/KaibAdmissionLetter/KaibAdmissionLetter.pdf): PDF inclusion: Subtype in Resources dict is not a name (key 'Subtype', type <stream>); ignored.
>]) (./Exhibits/Associations/KISASite/KISASite.tex

[111


]
<Exhibits/Associations/KISASite/KISASite.png, id=1806, 779.91376pt x 867.24pt>
File: Exhibits/Associations/KISASite/KISASite.png Graphic file (type png)
<use Exhibits/Associations/KISASite/KISASite.png>
Package pdftex.def Info: Exhibits/Associations/KISASite/KISASite.png  used on input line 5.
(pdftex.def)             Requested size: 446.39099pt x 496.36983pt.
)

[112

 <./Exhibits/Associations/KISASite/KISASite.png>] (./Exhibits/Associations/KISAMeeting/KISAMeeting.tex

[113

]
<Exhibits/Associations/KISAMeeting/KISAMeeting1.png, id=1819, 827.09pt x 854.19125pt>
File: Exhibits/Associations/KISAMeeting/KISAMeeting1.png Graphic file (type png)
<use Exhibits/Associations/KISAMeeting/KISAMeeting1.png>
Package pdftex.def Info: Exhibits/Associations/KISAMeeting/KISAMeeting1.png  used on input line 6.
(pdftex.def)             Requested size: 446.39099pt x 461.0218pt.


[114

 <./Exhibits/Associations/KISAMeeting/KISAMeeting1.png>]
<Exhibits/Associations/KISAMeeting/KISAMeeting2.png, id=1825, 828.09375pt x 873.2625pt>
File: Exhibits/Associations/KISAMeeting/KISAMeeting2.png Graphic file (type png)
<use Exhibits/Associations/KISAMeeting/KISAMeeting2.png>
Package pdftex.def Info: Exhibits/Associations/KISAMeeting/KISAMeeting2.png  used on input line 11.
(pdftex.def)             Requested size: 446.39099pt x 470.75523pt.


[115 <./Exhibits/Associations/KISAMeeting/KISAMeeting2.png>]
<Exhibits/Associations/KISAMeeting/KISAMeeting3.png, id=1832, 822.07124pt x 873.2625pt>
File: Exhibits/Associations/KISAMeeting/KISAMeeting3.png Graphic file (type png)
<use Exhibits/Associations/KISAMeeting/KISAMeeting3.png>
Package pdftex.def Info: Exhibits/Associations/KISAMeeting/KISAMeeting3.png  used on input line 16.
(pdftex.def)             Requested size: 446.39099pt x 474.17973pt.
)

[116 <./Exhibits/Associations/KISAMeeting/KISAMeeting3.png>] (./Exhibits/Associations/PokusovTalk/PokusovTalk.tex

[117

]
<Exhibits/Associations/PokusovTalk/PokusovTalk.png, id=1843, 827.09pt x 792.9625pt>
File: Exhibits/Associations/PokusovTalk/PokusovTalk.png Graphic file (type png)
<use Exhibits/Associations/PokusovTalk/PokusovTalk.png>
Package pdftex.def Info: Exhibits/Associations/PokusovTalk/PokusovTalk.png  used on input line 5.
(pdftex.def)             Requested size: 446.39099pt x 427.97557pt.
)

[118

 <./Exhibits/Associations/PokusovTalk/PokusovTalk.png>] (./Exhibits/Associations/RoundTable/RoundTable.tex

[119

]
<Exhibits/Associations/RoundTable/RoundTable1.png, id=1854, 828.09375pt x 422.57875pt>
File: Exhibits/Associations/RoundTable/RoundTable1.png Graphic file (type png)
<use Exhibits/Associations/RoundTable/RoundTable1.png>
Package pdftex.def Info: Exhibits/Associations/RoundTable/RoundTable1.png  used on input line 6.
(pdftex.def)             Requested size: 446.39099pt x 227.80225pt.


[120

 <./Exhibits/Associations/RoundTable/RoundTable1.png>]
<Exhibits/Associations/RoundTable/RoundTable2.png, id=1860, 825.0825pt x 829.0975pt>
File: Exhibits/Associations/RoundTable/RoundTable2.png Graphic file (type png)
<use Exhibits/Associations/RoundTable/RoundTable2.png>
Package pdftex.def Info: Exhibits/Associations/RoundTable/RoundTable2.png  used on input line 11.
(pdftex.def)             Requested size: 446.39099pt x 448.56625pt.


[121 <./Exhibits/Associations/RoundTable/RoundTable2.png>]
<Exhibits/Associations/RoundTable/RoundTable3.png, id=1867, 828.09375pt x 853.1875pt>
File: Exhibits/Associations/RoundTable/RoundTable3.png Graphic file (type png)
<use Exhibits/Associations/RoundTable/RoundTable3.png>
Package pdftex.def Info: Exhibits/Associations/RoundTable/RoundTable3.png  used on input line 16.
(pdftex.def)             Requested size: 446.39099pt x 459.93327pt.
)

[122 <./Exhibits/Associations/RoundTable/RoundTable3.png>] (./Exhibits/Associations/PMCertificate/PMCertificate.tex

[123

]
<Exhibits/Associations/PMCertificate/PMCertificate.pdf, id=1878, 1317.42188pt x 1053.9375pt>
File: Exhibits/Associations/PMCertificate/PMCertificate.pdf Graphic file (type pdf)
<use Exhibits/Associations/PMCertificate/PMCertificate.pdf>
Package pdftex.def Info: Exhibits/Associations/PMCertificate/PMCertificate.pdf  used on input line 4.
(pdftex.def)             Requested size: 1317.41867pt x 1053.93494pt.
<Exhibits/Associations/PMCertificate/PMCertificate.pdf, id=1880, page=1, 1317.42188pt x 1053.9375pt>
File: Exhibits/Associations/PMCertificate/PMCertificate.pdf Graphic file (type pdf)
<use Exhibits/Associations/PMCertificate/PMCertificate.pdf, page 1>
Package pdftex.def Info: Exhibits/Associations/PMCertificate/PMCertificate.pdf , page1 used on input line 4.
(pdftex.def)             Requested size: 1317.41867pt x 1053.93494pt.
File: Exhibits/Associations/PMCertificate/PMCertificate.pdf Graphic file (type pdf)
<use Exhibits/Associations/PMCertificate/PMCertificate.pdf, page 1>
Package pdftex.def Info: Exhibits/Associations/PMCertificate/PMCertificate.pdf , page1 used on input line 4.
(pdftex.def)             Requested size: 614.48445pt x 491.58757pt.
File: Exhibits/Associations/PMCertificate/PMCertificate.pdf Graphic file (type pdf)
<use Exhibits/Associations/PMCertificate/PMCertificate.pdf, page 1>
Package pdftex.def Info: Exhibits/Associations/PMCertificate/PMCertificate.pdf , page1 used on input line 4.
(pdftex.def)             Requested size: 614.48445pt x 491.58757pt.
File: Exhibits/Associations/PMCertificate/PMCertificate.pdf Graphic file (type pdf)
<use Exhibits/Associations/PMCertificate/PMCertificate.pdf, page 1>
Package pdftex.def Info: Exhibits/Associations/PMCertificate/PMCertificate.pdf , page1 used on input line 4.
(pdftex.def)             Requested size: 614.48445pt x 491.58757pt.


File: Exhibits/Associations/PMCertificate/PMCertificate.pdf Graphic file (type pdf)
<use Exhibits/Associations/PMCertificate/PMCertificate.pdf, page 1>
Package pdftex.def Info: Exhibits/Associations/PMCertificate/PMCertificate.pdf , page1 used on input line 4.
(pdftex.def)             Requested size: 614.48445pt x 491.58757pt.
[124


 <./Exhibits/Associations/PMCertificate/PMCertificate.pdf>])) (./Exhibits/Published/Published.tex (./Exhibits/Published/KazPravdaArticle/KazPravdaArticle.tex

[125


]
<Exhibits/Published/KazPravdaArticle/KazPravdaArticle.pdf, id=1899, 995.84645pt x 1650.25531pt>
File: Exhibits/Published/KazPravdaArticle/KazPravdaArticle.pdf Graphic file (type pdf)
<use Exhibits/Published/KazPravdaArticle/KazPravdaArticle.pdf>
Package pdftex.def Info: Exhibits/Published/KazPravdaArticle/KazPravdaArticle.pdf  used on input line 4.
(pdftex.def)             Requested size: 995.84402pt x 1650.2513pt.
<Exhibits/Published/KazPravdaArticle/KazPravdaArticle.pdf, id=1901, page=1, 995.84645pt x 1650.25531pt>
File: Exhibits/Published/KazPravdaArticle/KazPravdaArticle.pdf Graphic file (type pdf)
<use Exhibits/Published/KazPravdaArticle/KazPravdaArticle.pdf, page 1>
Package pdftex.def Info: Exhibits/Published/KazPravdaArticle/KazPravdaArticle.pdf , page1 used on input line 4.
(pdftex.def)             Requested size: 995.84402pt x 1650.2513pt.
File: Exhibits/Published/KazPravdaArticle/KazPravdaArticle.pdf Graphic file (type pdf)
<use Exhibits/Published/KazPravdaArticle/KazPravdaArticle.pdf, page 1>
Package pdftex.def Info: Exhibits/Published/KazPravdaArticle/KazPravdaArticle.pdf , page1 used on input line 4.
(pdftex.def)             Requested size: 479.79393pt x 795.0849pt.
File: Exhibits/Published/KazPravdaArticle/KazPravdaArticle.pdf Graphic file (type pdf)
<use Exhibits/Published/KazPravdaArticle/KazPravdaArticle.pdf, page 1>
Package pdftex.def Info: Exhibits/Published/KazPravdaArticle/KazPravdaArticle.pdf , page1 used on input line 4.
(pdftex.def)             Requested size: 479.79393pt x 795.0849pt.
File: Exhibits/Published/KazPravdaArticle/KazPravdaArticle.pdf Graphic file (type pdf)
<use Exhibits/Published/KazPravdaArticle/KazPravdaArticle.pdf, page 1>
Package pdftex.def Info: Exhibits/Published/KazPravdaArticle/KazPravdaArticle.pdf , page1 used on input line 4.
(pdftex.def)             Requested size: 479.79393pt x 795.0849pt.


File: Exhibits/Published/KazPravdaArticle/KazPravdaArticle.pdf Graphic file (type pdf)
<use Exhibits/Published/KazPravdaArticle/KazPravdaArticle.pdf, page 1>
Package pdftex.def Info: Exhibits/Published/KazPravdaArticle/KazPravdaArticle.pdf , page1 used on input line 4.
(pdftex.def)             Requested size: 479.79393pt x 795.0849pt.
[126


 <./Exhibits/Published/KazPravdaArticle/KazPravdaArticle.pdf>]
<Exhibits/Published/KazPravdaArticle/KazPravdaArticle.pdf, id=2015, page=2, 995.84645pt x 1650.25531pt>
File: Exhibits/Published/KazPravdaArticle/KazPravdaArticle.pdf Graphic file (type pdf)
<use Exhibits/Published/KazPravdaArticle/KazPravdaArticle.pdf, page 2>
Package pdftex.def Info: Exhibits/Published/KazPravdaArticle/KazPravdaArticle.pdf , page2 used on input line 4.
(pdftex.def)             Requested size: 479.79393pt x 795.0849pt.
File: Exhibits/Published/KazPravdaArticle/KazPravdaArticle.pdf Graphic file (type pdf)
<use Exhibits/Published/KazPravdaArticle/KazPravdaArticle.pdf, page 2>
Package pdftex.def Info: Exhibits/Published/KazPravdaArticle/KazPravdaArticle.pdf , page2 used on input line 4.
(pdftex.def)             Requested size: 479.79393pt x 795.0849pt.


File: Exhibits/Published/KazPravdaArticle/KazPravdaArticle.pdf Graphic file (type pdf)
<use Exhibits/Published/KazPravdaArticle/KazPravdaArticle.pdf, page 2>
Package pdftex.def Info: Exhibits/Published/KazPravdaArticle/KazPravdaArticle.pdf , page2 used on input line 4.
(pdftex.def)             Requested size: 479.79393pt x 795.0849pt.
[127

 <./Exhibits/Published/KazPravdaArticle/KazPravdaArticle.pdf>]
<Exhibits/Published/KazPravdaArticle/KazPravdaArticle.pdf, id=2103, page=3, 995.84645pt x 1650.25531pt>
File: Exhibits/Published/KazPravdaArticle/KazPravdaArticle.pdf Graphic file (type pdf)
<use Exhibits/Published/KazPravdaArticle/KazPravdaArticle.pdf, page 3>
Package pdftex.def Info: Exhibits/Published/KazPravdaArticle/KazPravdaArticle.pdf , page3 used on input line 4.
(pdftex.def)             Requested size: 479.79393pt x 795.0849pt.
File: Exhibits/Published/KazPravdaArticle/KazPravdaArticle.pdf Graphic file (type pdf)
<use Exhibits/Published/KazPravdaArticle/KazPravdaArticle.pdf, page 3>
Package pdftex.def Info: Exhibits/Published/KazPravdaArticle/KazPravdaArticle.pdf , page3 used on input line 4.
(pdftex.def)             Requested size: 479.79393pt x 795.0849pt.


File: Exhibits/Published/KazPravdaArticle/KazPravdaArticle.pdf Graphic file (type pdf)
<use Exhibits/Published/KazPravdaArticle/KazPravdaArticle.pdf, page 3>
Package pdftex.def Info: Exhibits/Published/KazPravdaArticle/KazPravdaArticle.pdf , page3 used on input line 4.
(pdftex.def)             Requested size: 479.79393pt x 795.0849pt.
[128

 <./Exhibits/Published/KazPravdaArticle/KazPravdaArticle.pdf>]) (./Exhibits/Published/KazPravdaHistory/KazPravdaHistory.tex

[129


]
<Exhibits/Published/KazPravdaHistory/KazPravdaHistory.pdf, id=2232, 597.19106pt x 845.07718pt>
File: Exhibits/Published/KazPravdaHistory/KazPravdaHistory.pdf Graphic file (type pdf)
<use Exhibits/Published/KazPravdaHistory/KazPravdaHistory.pdf>
Package pdftex.def Info: Exhibits/Published/KazPravdaHistory/KazPravdaHistory.pdf  used on input line 4.
(pdftex.def)             Requested size: 597.1896pt x 845.07512pt.
<Exhibits/Published/KazPravdaHistory/KazPravdaHistory.pdf, id=2234, page=1, 597.19106pt x 845.07718pt>
File: Exhibits/Published/KazPravdaHistory/KazPravdaHistory.pdf Graphic file (type pdf)
<use Exhibits/Published/KazPravdaHistory/KazPravdaHistory.pdf, page 1>
Package pdftex.def Info: Exhibits/Published/KazPravdaHistory/KazPravdaHistory.pdf , page1 used on input line 4.
(pdftex.def)             Requested size: 597.1896pt x 845.07512pt.
File: Exhibits/Published/KazPravdaHistory/KazPravdaHistory.pdf Graphic file (type pdf)
<use Exhibits/Published/KazPravdaHistory/KazPravdaHistory.pdf, page 1>
Package pdftex.def Info: Exhibits/Published/KazPravdaHistory/KazPravdaHistory.pdf , page1 used on input line 4.
(pdftex.def)             Requested size: 561.82442pt x 795.0303pt.
File: Exhibits/Published/KazPravdaHistory/KazPravdaHistory.pdf Graphic file (type pdf)
<use Exhibits/Published/KazPravdaHistory/KazPravdaHistory.pdf, page 1>
Package pdftex.def Info: Exhibits/Published/KazPravdaHistory/KazPravdaHistory.pdf , page1 used on input line 4.
(pdftex.def)             Requested size: 561.82442pt x 795.0303pt.
File: Exhibits/Published/KazPravdaHistory/KazPravdaHistory.pdf Graphic file (type pdf)
<use Exhibits/Published/KazPravdaHistory/KazPravdaHistory.pdf, page 1>
Package pdftex.def Info: Exhibits/Published/KazPravdaHistory/KazPravdaHistory.pdf , page1 used on input line 4.
(pdftex.def)             Requested size: 561.82442pt x 795.0303pt.


File: Exhibits/Published/KazPravdaHistory/KazPravdaHistory.pdf Graphic file (type pdf)
<use Exhibits/Published/KazPravdaHistory/KazPravdaHistory.pdf, page 1>
Package pdftex.def Info: Exhibits/Published/KazPravdaHistory/KazPravdaHistory.pdf , page1 used on input line 4.
(pdftex.def)             Requested size: 561.82442pt x 795.0303pt.
[130


 <./Exhibits/Published/KazPravdaHistory/KazPravdaHistory.pdf>]
<Exhibits/Published/KazPravdaHistory/KazPravdaHistory.pdf, id=2445, page=2, 597.19106pt x 845.07718pt>
File: Exhibits/Published/KazPravdaHistory/KazPravdaHistory.pdf Graphic file (type pdf)
<use Exhibits/Published/KazPravdaHistory/KazPravdaHistory.pdf, page 2>
Package pdftex.def Info: Exhibits/Published/KazPravdaHistory/KazPravdaHistory.pdf , page2 used on input line 4.
(pdftex.def)             Requested size: 561.82442pt x 795.0303pt.
File: Exhibits/Published/KazPravdaHistory/KazPravdaHistory.pdf Graphic file (type pdf)
<use Exhibits/Published/KazPravdaHistory/KazPravdaHistory.pdf, page 2>
Package pdftex.def Info: Exhibits/Published/KazPravdaHistory/KazPravdaHistory.pdf , page2 used on input line 4.
(pdftex.def)             Requested size: 561.82442pt x 795.0303pt.


File: Exhibits/Published/KazPravdaHistory/KazPravdaHistory.pdf Graphic file (type pdf)
<use Exhibits/Published/KazPravdaHistory/KazPravdaHistory.pdf, page 2>
Package pdftex.def Info: Exhibits/Published/KazPravdaHistory/KazPravdaHistory.pdf , page2 used on input line 4.
(pdftex.def)             Requested size: 561.82442pt x 795.0303pt.
[131

 <./Exhibits/Published/KazPravdaHistory/KazPravdaHistory.pdf>]
<Exhibits/Published/KazPravdaHistory/KazPravdaHistory.pdf, id=2573, page=3, 597.19106pt x 845.07718pt>
File: Exhibits/Published/KazPravdaHistory/KazPravdaHistory.pdf Graphic file (type pdf)
<use Exhibits/Published/KazPravdaHistory/KazPravdaHistory.pdf, page 3>
Package pdftex.def Info: Exhibits/Published/KazPravdaHistory/KazPravdaHistory.pdf , page3 used on input line 4.
(pdftex.def)             Requested size: 561.82442pt x 795.0303pt.
File: Exhibits/Published/KazPravdaHistory/KazPravdaHistory.pdf Graphic file (type pdf)
<use Exhibits/Published/KazPravdaHistory/KazPravdaHistory.pdf, page 3>
Package pdftex.def Info: Exhibits/Published/KazPravdaHistory/KazPravdaHistory.pdf , page3 used on input line 4.
(pdftex.def)             Requested size: 561.82442pt x 795.0303pt.


File: Exhibits/Published/KazPravdaHistory/KazPravdaHistory.pdf Graphic file (type pdf)
<use Exhibits/Published/KazPravdaHistory/KazPravdaHistory.pdf, page 3>
Package pdftex.def Info: Exhibits/Published/KazPravdaHistory/KazPravdaHistory.pdf , page3 used on input line 4.
(pdftex.def)             Requested size: 561.82442pt x 795.0303pt.
[132

 <./Exhibits/Published/KazPravdaHistory/KazPravdaHistory.pdf>]
<Exhibits/Published/KazPravdaHistory/KazPravdaHistory.pdf, id=2585, page=4, 597.19106pt x 845.07718pt>
File: Exhibits/Published/KazPravdaHistory/KazPravdaHistory.pdf Graphic file (type pdf)
<use Exhibits/Published/KazPravdaHistory/KazPravdaHistory.pdf, page 4>
Package pdftex.def Info: Exhibits/Published/KazPravdaHistory/KazPravdaHistory.pdf , page4 used on input line 4.
(pdftex.def)             Requested size: 561.82442pt x 795.0303pt.
File: Exhibits/Published/KazPravdaHistory/KazPravdaHistory.pdf Graphic file (type pdf)
<use Exhibits/Published/KazPravdaHistory/KazPravdaHistory.pdf, page 4>
Package pdftex.def Info: Exhibits/Published/KazPravdaHistory/KazPravdaHistory.pdf , page4 used on input line 4.
(pdftex.def)             Requested size: 561.82442pt x 795.0303pt.


File: Exhibits/Published/KazPravdaHistory/KazPravdaHistory.pdf Graphic file (type pdf)
<use Exhibits/Published/KazPravdaHistory/KazPravdaHistory.pdf, page 4>
Package pdftex.def Info: Exhibits/Published/KazPravdaHistory/KazPravdaHistory.pdf , page4 used on input line 4.
(pdftex.def)             Requested size: 561.82442pt x 795.0303pt.
[133

 <./Exhibits/Published/KazPravdaHistory/KazPravdaHistory.pdf>]
<Exhibits/Published/KazPravdaHistory/KazPravdaHistory.pdf, id=2592, page=5, 597.19106pt x 845.07718pt>
File: Exhibits/Published/KazPravdaHistory/KazPravdaHistory.pdf Graphic file (type pdf)
<use Exhibits/Published/KazPravdaHistory/KazPravdaHistory.pdf, page 5>
Package pdftex.def Info: Exhibits/Published/KazPravdaHistory/KazPravdaHistory.pdf , page5 used on input line 4.
(pdftex.def)             Requested size: 561.82442pt x 795.0303pt.
File: Exhibits/Published/KazPravdaHistory/KazPravdaHistory.pdf Graphic file (type pdf)
<use Exhibits/Published/KazPravdaHistory/KazPravdaHistory.pdf, page 5>
Package pdftex.def Info: Exhibits/Published/KazPravdaHistory/KazPravdaHistory.pdf , page5 used on input line 4.
(pdftex.def)             Requested size: 561.82442pt x 795.0303pt.


File: Exhibits/Published/KazPravdaHistory/KazPravdaHistory.pdf Graphic file (type pdf)
<use Exhibits/Published/KazPravdaHistory/KazPravdaHistory.pdf, page 5>
Package pdftex.def Info: Exhibits/Published/KazPravdaHistory/KazPravdaHistory.pdf , page5 used on input line 4.
(pdftex.def)             Requested size: 561.82442pt x 795.0303pt.
[134

 <./Exhibits/Published/KazPravdaHistory/KazPravdaHistory.pdf>]
<Exhibits/Published/KazPravdaHistory/KazPravdaHistory.pdf, id=2780, page=6, 597.19106pt x 845.07718pt>
File: Exhibits/Published/KazPravdaHistory/KazPravdaHistory.pdf Graphic file (type pdf)
<use Exhibits/Published/KazPravdaHistory/KazPravdaHistory.pdf, page 6>
Package pdftex.def Info: Exhibits/Published/KazPravdaHistory/KazPravdaHistory.pdf , page6 used on input line 4.
(pdftex.def)             Requested size: 561.82442pt x 795.0303pt.
File: Exhibits/Published/KazPravdaHistory/KazPravdaHistory.pdf Graphic file (type pdf)
<use Exhibits/Published/KazPravdaHistory/KazPravdaHistory.pdf, page 6>
Package pdftex.def Info: Exhibits/Published/KazPravdaHistory/KazPravdaHistory.pdf , page6 used on input line 4.
(pdftex.def)             Requested size: 561.82442pt x 795.0303pt.


File: Exhibits/Published/KazPravdaHistory/KazPravdaHistory.pdf Graphic file (type pdf)
<use Exhibits/Published/KazPravdaHistory/KazPravdaHistory.pdf, page 6>
Package pdftex.def Info: Exhibits/Published/KazPravdaHistory/KazPravdaHistory.pdf , page6 used on input line 4.
(pdftex.def)             Requested size: 561.82442pt x 795.0303pt.
[135

 <./Exhibits/Published/KazPravdaHistory/KazPravdaHistory.pdf>]
<Exhibits/Published/KazPravdaHistory/KazPravdaHistory.pdf, id=2858, page=7, 597.19106pt x 845.07718pt>
File: Exhibits/Published/KazPravdaHistory/KazPravdaHistory.pdf Graphic file (type pdf)
<use Exhibits/Published/KazPravdaHistory/KazPravdaHistory.pdf, page 7>
Package pdftex.def Info: Exhibits/Published/KazPravdaHistory/KazPravdaHistory.pdf , page7 used on input line 4.
(pdftex.def)             Requested size: 561.82442pt x 795.0303pt.
File: Exhibits/Published/KazPravdaHistory/KazPravdaHistory.pdf Graphic file (type pdf)
<use Exhibits/Published/KazPravdaHistory/KazPravdaHistory.pdf, page 7>
Package pdftex.def Info: Exhibits/Published/KazPravdaHistory/KazPravdaHistory.pdf , page7 used on input line 4.
(pdftex.def)             Requested size: 561.82442pt x 795.0303pt.


File: Exhibits/Published/KazPravdaHistory/KazPravdaHistory.pdf Graphic file (type pdf)
<use Exhibits/Published/KazPravdaHistory/KazPravdaHistory.pdf, page 7>
Package pdftex.def Info: Exhibits/Published/KazPravdaHistory/KazPravdaHistory.pdf , page7 used on input line 4.
(pdftex.def)             Requested size: 561.82442pt x 795.0303pt.
[136

 <./Exhibits/Published/KazPravdaHistory/KazPravdaHistory.pdf>]) (./Exhibits/Published/KazPravdaInst/KazPravdaInst.tex

[137


]
<Exhibits/Published/KazPravdaInst/KazPravdaInst.png, id=2878, 726.715pt x 786.94pt>
File: Exhibits/Published/KazPravdaInst/KazPravdaInst.png Graphic file (type png)
<use Exhibits/Published/KazPravdaInst/KazPravdaInst.png>
Package pdftex.def Info: Exhibits/Published/KazPravdaInst/KazPravdaInst.png  used on input line 5.
(pdftex.def)             Requested size: 470.05193pt x 509.01935pt.
)

[138

 <./Exhibits/Published/KazPravdaInst/KazPravdaInst.png>] (./Exhibits/Published/DalaNewsArticle/DalaNewsArticle.tex

[139

]
<Exhibits/Published/DalaNewsArticle/DalaNewsArticle.pdf, id=2890, 845.07718pt x 1195.5867pt>
File: Exhibits/Published/DalaNewsArticle/DalaNewsArticle.pdf Graphic file (type pdf)
<use Exhibits/Published/DalaNewsArticle/DalaNewsArticle.pdf>
Package pdftex.def Info: Exhibits/Published/DalaNewsArticle/DalaNewsArticle.pdf  used on input line 4.
(pdftex.def)             Requested size: 845.07512pt x 1195.58379pt.
<Exhibits/Published/DalaNewsArticle/DalaNewsArticle.pdf, id=2892, page=1, 845.07718pt x 1195.5867pt>
File: Exhibits/Published/DalaNewsArticle/DalaNewsArticle.pdf Graphic file (type pdf)
<use Exhibits/Published/DalaNewsArticle/DalaNewsArticle.pdf, page 1>
Package pdftex.def Info: Exhibits/Published/DalaNewsArticle/DalaNewsArticle.pdf , page1 used on input line 4.
(pdftex.def)             Requested size: 845.07512pt x 1195.58379pt.
File: Exhibits/Published/DalaNewsArticle/DalaNewsArticle.pdf Graphic file (type pdf)
<use Exhibits/Published/DalaNewsArticle/DalaNewsArticle.pdf, page 1>
Package pdftex.def Info: Exhibits/Published/DalaNewsArticle/DalaNewsArticle.pdf , page1 used on input line 4.
(pdftex.def)             Requested size: 562.17558pt x 795.34708pt.
File: Exhibits/Published/DalaNewsArticle/DalaNewsArticle.pdf Graphic file (type pdf)
<use Exhibits/Published/DalaNewsArticle/DalaNewsArticle.pdf, page 1>
Package pdftex.def Info: Exhibits/Published/DalaNewsArticle/DalaNewsArticle.pdf , page1 used on input line 4.
(pdftex.def)             Requested size: 562.17558pt x 795.34708pt.
File: Exhibits/Published/DalaNewsArticle/DalaNewsArticle.pdf Graphic file (type pdf)
<use Exhibits/Published/DalaNewsArticle/DalaNewsArticle.pdf, page 1>
Package pdftex.def Info: Exhibits/Published/DalaNewsArticle/DalaNewsArticle.pdf , page1 used on input line 4.
(pdftex.def)             Requested size: 562.17558pt x 795.34708pt.


File: Exhibits/Published/DalaNewsArticle/DalaNewsArticle.pdf Graphic file (type pdf)
<use Exhibits/Published/DalaNewsArticle/DalaNewsArticle.pdf, page 1>
Package pdftex.def Info: Exhibits/Published/DalaNewsArticle/DalaNewsArticle.pdf , page1 used on input line 4.
(pdftex.def)             Requested size: 562.17558pt x 795.34708pt.
[140


 <./Exhibits/Published/DalaNewsArticle/DalaNewsArticle.pdf>]
<Exhibits/Published/DalaNewsArticle/DalaNewsArticle.pdf, id=2948, page=2, 845.07718pt x 1195.5867pt>
File: Exhibits/Published/DalaNewsArticle/DalaNewsArticle.pdf Graphic file (type pdf)
<use Exhibits/Published/DalaNewsArticle/DalaNewsArticle.pdf, page 2>
Package pdftex.def Info: Exhibits/Published/DalaNewsArticle/DalaNewsArticle.pdf , page2 used on input line 4.
(pdftex.def)             Requested size: 562.17558pt x 795.34708pt.
File: Exhibits/Published/DalaNewsArticle/DalaNewsArticle.pdf Graphic file (type pdf)
<use Exhibits/Published/DalaNewsArticle/DalaNewsArticle.pdf, page 2>
Package pdftex.def Info: Exhibits/Published/DalaNewsArticle/DalaNewsArticle.pdf , page2 used on input line 4.
(pdftex.def)             Requested size: 562.17558pt x 795.34708pt.


File: Exhibits/Published/DalaNewsArticle/DalaNewsArticle.pdf Graphic file (type pdf)
<use Exhibits/Published/DalaNewsArticle/DalaNewsArticle.pdf, page 2>
Package pdftex.def Info: Exhibits/Published/DalaNewsArticle/DalaNewsArticle.pdf , page2 used on input line 4.
(pdftex.def)             Requested size: 562.17558pt x 795.34708pt.
[141

 <./Exhibits/Published/DalaNewsArticle/DalaNewsArticle.pdf>]
<Exhibits/Published/DalaNewsArticle/DalaNewsArticle.pdf, id=2955, page=3, 845.07718pt x 1195.5867pt>
File: Exhibits/Published/DalaNewsArticle/DalaNewsArticle.pdf Graphic file (type pdf)
<use Exhibits/Published/DalaNewsArticle/DalaNewsArticle.pdf, page 3>
Package pdftex.def Info: Exhibits/Published/DalaNewsArticle/DalaNewsArticle.pdf , page3 used on input line 4.
(pdftex.def)             Requested size: 562.17558pt x 795.34708pt.
File: Exhibits/Published/DalaNewsArticle/DalaNewsArticle.pdf Graphic file (type pdf)
<use Exhibits/Published/DalaNewsArticle/DalaNewsArticle.pdf, page 3>
Package pdftex.def Info: Exhibits/Published/DalaNewsArticle/DalaNewsArticle.pdf , page3 used on input line 4.
(pdftex.def)             Requested size: 562.17558pt x 795.34708pt.


File: Exhibits/Published/DalaNewsArticle/DalaNewsArticle.pdf Graphic file (type pdf)
<use Exhibits/Published/DalaNewsArticle/DalaNewsArticle.pdf, page 3>
Package pdftex.def Info: Exhibits/Published/DalaNewsArticle/DalaNewsArticle.pdf , page3 used on input line 4.
(pdftex.def)             Requested size: 562.17558pt x 795.34708pt.
[142

 <./Exhibits/Published/DalaNewsArticle/DalaNewsArticle.pdf>]
<Exhibits/Published/DalaNewsArticle/DalaNewsArticle.pdf, id=2999, page=4, 845.07718pt x 1195.5867pt>
File: Exhibits/Published/DalaNewsArticle/DalaNewsArticle.pdf Graphic file (type pdf)
<use Exhibits/Published/DalaNewsArticle/DalaNewsArticle.pdf, page 4>
Package pdftex.def Info: Exhibits/Published/DalaNewsArticle/DalaNewsArticle.pdf , page4 used on input line 4.
(pdftex.def)             Requested size: 562.17558pt x 795.34708pt.
File: Exhibits/Published/DalaNewsArticle/DalaNewsArticle.pdf Graphic file (type pdf)
<use Exhibits/Published/DalaNewsArticle/DalaNewsArticle.pdf, page 4>
Package pdftex.def Info: Exhibits/Published/DalaNewsArticle/DalaNewsArticle.pdf , page4 used on input line 4.
(pdftex.def)             Requested size: 562.17558pt x 795.34708pt.


File: Exhibits/Published/DalaNewsArticle/DalaNewsArticle.pdf Graphic file (type pdf)
<use Exhibits/Published/DalaNewsArticle/DalaNewsArticle.pdf, page 4>
Package pdftex.def Info: Exhibits/Published/DalaNewsArticle/DalaNewsArticle.pdf , page4 used on input line 4.
(pdftex.def)             Requested size: 562.17558pt x 795.34708pt.
[143

 <./Exhibits/Published/DalaNewsArticle/DalaNewsArticle.pdf>]) (./Exhibits/Published/DalaNewsSite/DalaNewsSite.tex

[144


]
<Exhibits/Published/DalaNewsSite/DalaNewsSite.png, id=3026, 943.525pt x 882.29625pt>
File: Exhibits/Published/DalaNewsSite/DalaNewsSite.png Graphic file (type png)
<use Exhibits/Published/DalaNewsSite/DalaNewsSite.png>
Package pdftex.def Info: Exhibits/Published/DalaNewsSite/DalaNewsSite.png  used on input line 5.
(pdftex.def)             Requested size: 470.05193pt x 439.55844pt.
)

[145

 <./Exhibits/Published/DalaNewsSite/DalaNewsSite.png>] (./Exhibits/Published/DalaNewsInst/DalaNewsInst.tex

[146

]
<Exhibits/Published/DalaNewsInst/DalaNewsInst.png, id=3038, 873.2625pt x 781.92125pt>
File: Exhibits/Published/DalaNewsInst/DalaNewsInst.png Graphic file (type png)
<use Exhibits/Published/DalaNewsInst/DalaNewsInst.png>
Package pdftex.def Info: Exhibits/Published/DalaNewsInst/DalaNewsInst.png  used on input line 5.
(pdftex.def)             Requested size: 470.05193pt x 420.88297pt.
)

[147

 <./Exhibits/Published/DalaNewsInst/DalaNewsInst.png>] (./Exhibits/Published/ElordaInfoArticle/ElordaInfoArticle.tex

[148

]
<Exhibits/Published/ElordaInfoArticle/ElordaInfoArticle.pdf, id=3049, 597.19106pt x 845.07718pt>
File: Exhibits/Published/ElordaInfoArticle/ElordaInfoArticle.pdf Graphic file (type pdf)
<use Exhibits/Published/ElordaInfoArticle/ElordaInfoArticle.pdf>
Package pdftex.def Info: Exhibits/Published/ElordaInfoArticle/ElordaInfoArticle.pdf  used on input line 4.
(pdftex.def)             Requested size: 597.1896pt x 845.07512pt.
<Exhibits/Published/ElordaInfoArticle/ElordaInfoArticle.pdf, id=3051, page=1, 597.19106pt x 845.07718pt>
File: Exhibits/Published/ElordaInfoArticle/ElordaInfoArticle.pdf Graphic file (type pdf)
<use Exhibits/Published/ElordaInfoArticle/ElordaInfoArticle.pdf, page 1>
Package pdftex.def Info: Exhibits/Published/ElordaInfoArticle/ElordaInfoArticle.pdf , page1 used on input line 4.
(pdftex.def)             Requested size: 597.1896pt x 845.07512pt.
File: Exhibits/Published/ElordaInfoArticle/ElordaInfoArticle.pdf Graphic file (type pdf)
<use Exhibits/Published/ElordaInfoArticle/ElordaInfoArticle.pdf, page 1>
Package pdftex.def Info: Exhibits/Published/ElordaInfoArticle/ElordaInfoArticle.pdf , page1 used on input line 4.
(pdftex.def)             Requested size: 561.82442pt x 795.0303pt.
File: Exhibits/Published/ElordaInfoArticle/ElordaInfoArticle.pdf Graphic file (type pdf)
<use Exhibits/Published/ElordaInfoArticle/ElordaInfoArticle.pdf, page 1>
Package pdftex.def Info: Exhibits/Published/ElordaInfoArticle/ElordaInfoArticle.pdf , page1 used on input line 4.
(pdftex.def)             Requested size: 561.82442pt x 795.0303pt.
File: Exhibits/Published/ElordaInfoArticle/ElordaInfoArticle.pdf Graphic file (type pdf)
<use Exhibits/Published/ElordaInfoArticle/ElordaInfoArticle.pdf, page 1>
Package pdftex.def Info: Exhibits/Published/ElordaInfoArticle/ElordaInfoArticle.pdf , page1 used on input line 4.
(pdftex.def)             Requested size: 561.82442pt x 795.0303pt.


File: Exhibits/Published/ElordaInfoArticle/ElordaInfoArticle.pdf Graphic file (type pdf)
<use Exhibits/Published/ElordaInfoArticle/ElordaInfoArticle.pdf, page 1>
Package pdftex.def Info: Exhibits/Published/ElordaInfoArticle/ElordaInfoArticle.pdf , page1 used on input line 4.
(pdftex.def)             Requested size: 561.82442pt x 795.0303pt.
[149


 <./Exhibits/Published/ElordaInfoArticle/ElordaInfoArticle.pdf>]
<Exhibits/Published/ElordaInfoArticle/ElordaInfoArticle.pdf, id=3111, page=2, 597.19106pt x 845.07718pt>
File: Exhibits/Published/ElordaInfoArticle/ElordaInfoArticle.pdf Graphic file (type pdf)
<use Exhibits/Published/ElordaInfoArticle/ElordaInfoArticle.pdf, page 2>
Package pdftex.def Info: Exhibits/Published/ElordaInfoArticle/ElordaInfoArticle.pdf , page2 used on input line 4.
(pdftex.def)             Requested size: 561.82442pt x 795.0303pt.
File: Exhibits/Published/ElordaInfoArticle/ElordaInfoArticle.pdf Graphic file (type pdf)
<use Exhibits/Published/ElordaInfoArticle/ElordaInfoArticle.pdf, page 2>
Package pdftex.def Info: Exhibits/Published/ElordaInfoArticle/ElordaInfoArticle.pdf , page2 used on input line 4.
(pdftex.def)             Requested size: 561.82442pt x 795.0303pt.


File: Exhibits/Published/ElordaInfoArticle/ElordaInfoArticle.pdf Graphic file (type pdf)
<use Exhibits/Published/ElordaInfoArticle/ElordaInfoArticle.pdf, page 2>
Package pdftex.def Info: Exhibits/Published/ElordaInfoArticle/ElordaInfoArticle.pdf , page2 used on input line 4.
(pdftex.def)             Requested size: 561.82442pt x 795.0303pt.
[150

 <./Exhibits/Published/ElordaInfoArticle/ElordaInfoArticle.pdf>]
<Exhibits/Published/ElordaInfoArticle/ElordaInfoArticle.pdf, id=3117, page=3, 597.19106pt x 845.07718pt>
File: Exhibits/Published/ElordaInfoArticle/ElordaInfoArticle.pdf Graphic file (type pdf)
<use Exhibits/Published/ElordaInfoArticle/ElordaInfoArticle.pdf, page 3>
Package pdftex.def Info: Exhibits/Published/ElordaInfoArticle/ElordaInfoArticle.pdf , page3 used on input line 4.
(pdftex.def)             Requested size: 561.82442pt x 795.0303pt.
File: Exhibits/Published/ElordaInfoArticle/ElordaInfoArticle.pdf Graphic file (type pdf)
<use Exhibits/Published/ElordaInfoArticle/ElordaInfoArticle.pdf, page 3>
Package pdftex.def Info: Exhibits/Published/ElordaInfoArticle/ElordaInfoArticle.pdf , page3 used on input line 4.
(pdftex.def)             Requested size: 561.82442pt x 795.0303pt.


File: Exhibits/Published/ElordaInfoArticle/ElordaInfoArticle.pdf Graphic file (type pdf)
<use Exhibits/Published/ElordaInfoArticle/ElordaInfoArticle.pdf, page 3>
Package pdftex.def Info: Exhibits/Published/ElordaInfoArticle/ElordaInfoArticle.pdf , page3 used on input line 4.
(pdftex.def)             Requested size: 561.82442pt x 795.0303pt.
[151

 <./Exhibits/Published/ElordaInfoArticle/ElordaInfoArticle.pdf>]
<Exhibits/Published/ElordaInfoArticle/ElordaInfoArticle.pdf, id=3124, page=4, 597.19106pt x 845.07718pt>
File: Exhibits/Published/ElordaInfoArticle/ElordaInfoArticle.pdf Graphic file (type pdf)
<use Exhibits/Published/ElordaInfoArticle/ElordaInfoArticle.pdf, page 4>
Package pdftex.def Info: Exhibits/Published/ElordaInfoArticle/ElordaInfoArticle.pdf , page4 used on input line 4.
(pdftex.def)             Requested size: 561.82442pt x 795.0303pt.
File: Exhibits/Published/ElordaInfoArticle/ElordaInfoArticle.pdf Graphic file (type pdf)
<use Exhibits/Published/ElordaInfoArticle/ElordaInfoArticle.pdf, page 4>
Package pdftex.def Info: Exhibits/Published/ElordaInfoArticle/ElordaInfoArticle.pdf , page4 used on input line 4.
(pdftex.def)             Requested size: 561.82442pt x 795.0303pt.


File: Exhibits/Published/ElordaInfoArticle/ElordaInfoArticle.pdf Graphic file (type pdf)
<use Exhibits/Published/ElordaInfoArticle/ElordaInfoArticle.pdf, page 4>
Package pdftex.def Info: Exhibits/Published/ElordaInfoArticle/ElordaInfoArticle.pdf , page4 used on input line 4.
(pdftex.def)             Requested size: 561.82442pt x 795.0303pt.
[152

 <./Exhibits/Published/ElordaInfoArticle/ElordaInfoArticle.pdf>]
<Exhibits/Published/ElordaInfoArticle/ElordaInfoArticle.pdf, id=3129, page=5, 597.19106pt x 845.07718pt>
File: Exhibits/Published/ElordaInfoArticle/ElordaInfoArticle.pdf Graphic file (type pdf)
<use Exhibits/Published/ElordaInfoArticle/ElordaInfoArticle.pdf, page 5>
Package pdftex.def Info: Exhibits/Published/ElordaInfoArticle/ElordaInfoArticle.pdf , page5 used on input line 4.
(pdftex.def)             Requested size: 561.82442pt x 795.0303pt.
File: Exhibits/Published/ElordaInfoArticle/ElordaInfoArticle.pdf Graphic file (type pdf)
<use Exhibits/Published/ElordaInfoArticle/ElordaInfoArticle.pdf, page 5>
Package pdftex.def Info: Exhibits/Published/ElordaInfoArticle/ElordaInfoArticle.pdf , page5 used on input line 4.
(pdftex.def)             Requested size: 561.82442pt x 795.0303pt.


File: Exhibits/Published/ElordaInfoArticle/ElordaInfoArticle.pdf Graphic file (type pdf)
<use Exhibits/Published/ElordaInfoArticle/ElordaInfoArticle.pdf, page 5>
Package pdftex.def Info: Exhibits/Published/ElordaInfoArticle/ElordaInfoArticle.pdf , page5 used on input line 4.
(pdftex.def)             Requested size: 561.82442pt x 795.0303pt.
[153

 <./Exhibits/Published/ElordaInfoArticle/ElordaInfoArticle.pdf>]
<Exhibits/Published/ElordaInfoArticle/ElordaInfoArticle.pdf, id=3146, page=6, 597.19106pt x 845.07718pt>
File: Exhibits/Published/ElordaInfoArticle/ElordaInfoArticle.pdf Graphic file (type pdf)
<use Exhibits/Published/ElordaInfoArticle/ElordaInfoArticle.pdf, page 6>
Package pdftex.def Info: Exhibits/Published/ElordaInfoArticle/ElordaInfoArticle.pdf , page6 used on input line 4.
(pdftex.def)             Requested size: 561.82442pt x 795.0303pt.
File: Exhibits/Published/ElordaInfoArticle/ElordaInfoArticle.pdf Graphic file (type pdf)
<use Exhibits/Published/ElordaInfoArticle/ElordaInfoArticle.pdf, page 6>
Package pdftex.def Info: Exhibits/Published/ElordaInfoArticle/ElordaInfoArticle.pdf , page6 used on input line 4.
(pdftex.def)             Requested size: 561.82442pt x 795.0303pt.


File: Exhibits/Published/ElordaInfoArticle/ElordaInfoArticle.pdf Graphic file (type pdf)
<use Exhibits/Published/ElordaInfoArticle/ElordaInfoArticle.pdf, page 6>
Package pdftex.def Info: Exhibits/Published/ElordaInfoArticle/ElordaInfoArticle.pdf , page6 used on input line 4.
(pdftex.def)             Requested size: 561.82442pt x 795.0303pt.
[154

 <./Exhibits/Published/ElordaInfoArticle/ElordaInfoArticle.pdf>]) (./Exhibits/Published/ElordaInfoSite/ElordaInfoSite.tex

[155


]
<Exhibits/Published/ElordaInfoSite/ElordaInfoSite.png, id=3162, 856.19875pt x 874.26625pt>
File: Exhibits/Published/ElordaInfoSite/ElordaInfoSite.png Graphic file (type png)
<use Exhibits/Published/ElordaInfoSite/ElordaInfoSite.png>
Package pdftex.def Info: Exhibits/Published/ElordaInfoSite/ElordaInfoSite.png  used on input line 5.
(pdftex.def)             Requested size: 470.05193pt x 479.96747pt.
)

[156

 <./Exhibits/Published/ElordaInfoSite/ElordaInfoSite.png>] (./Exhibits/Published/ElordaInst/ElordaInst.tex

[157

]
<Exhibits/Published/ElordaInst/ElordaInst.png, id=3174, 755.82375pt x 795.97375pt>
File: Exhibits/Published/ElordaInst/ElordaInst.png Graphic file (type png)
<use Exhibits/Published/ElordaInst/ElordaInst.png>
Package pdftex.def Info: Exhibits/Published/ElordaInst/ElordaInst.png  used on input line 5.
(pdftex.def)             Requested size: 470.05193pt x 495.01683pt.
)

[158

 <./Exhibits/Published/ElordaInst/ElordaInst.png>] (./Exhibits/Published/ProfitContactDay2025/ProfitContactDay2025.tex

[159

]
<Exhibits/Published/ProfitContactDay2025/ProfitContactDay2025.pdf, id=3185, 963.6pt x 542.025pt>
File: Exhibits/Published/ProfitContactDay2025/ProfitContactDay2025.pdf Graphic file (type pdf)
<use Exhibits/Published/ProfitContactDay2025/ProfitContactDay2025.pdf>
Package pdftex.def Info: Exhibits/Published/ProfitContactDay2025/ProfitContactDay2025.pdf  used on input line 4.
(pdftex.def)             Requested size: 963.59766pt x 542.02367pt.
<Exhibits/Published/ProfitContactDay2025/ProfitContactDay2025.pdf, id=3187, page=1, 963.6pt x 542.025pt>
File: Exhibits/Published/ProfitContactDay2025/ProfitContactDay2025.pdf Graphic file (type pdf)
<use Exhibits/Published/ProfitContactDay2025/ProfitContactDay2025.pdf, page 1>
Package pdftex.def Info: Exhibits/Published/ProfitContactDay2025/ProfitContactDay2025.pdf , page1 used on input line 4.
(pdftex.def)             Requested size: 963.59766pt x 542.02367pt.
File: Exhibits/Published/ProfitContactDay2025/ProfitContactDay2025.pdf Graphic file (type pdf)
<use Exhibits/Published/ProfitContactDay2025/ProfitContactDay2025.pdf, page 1>
Package pdftex.def Info: Exhibits/Published/ProfitContactDay2025/ProfitContactDay2025.pdf , page1 used on input line 4.
(pdftex.def)             Requested size: 614.67285pt x 345.75346pt.
File: Exhibits/Published/ProfitContactDay2025/ProfitContactDay2025.pdf Graphic file (type pdf)
<use Exhibits/Published/ProfitContactDay2025/ProfitContactDay2025.pdf, page 1>
Package pdftex.def Info: Exhibits/Published/ProfitContactDay2025/ProfitContactDay2025.pdf , page1 used on input line 4.
(pdftex.def)             Requested size: 614.67285pt x 345.75346pt.
File: Exhibits/Published/ProfitContactDay2025/ProfitContactDay2025.pdf Graphic file (type pdf)
<use Exhibits/Published/ProfitContactDay2025/ProfitContactDay2025.pdf, page 1>
Package pdftex.def Info: Exhibits/Published/ProfitContactDay2025/ProfitContactDay2025.pdf , page1 used on input line 4.
(pdftex.def)             Requested size: 614.67285pt x 345.75346pt.


File: Exhibits/Published/ProfitContactDay2025/ProfitContactDay2025.pdf Graphic file (type pdf)
<use Exhibits/Published/ProfitContactDay2025/ProfitContactDay2025.pdf, page 1>
Package pdftex.def Info: Exhibits/Published/ProfitContactDay2025/ProfitContactDay2025.pdf , page1 used on input line 4.
(pdftex.def)             Requested size: 614.67285pt x 345.75346pt.
[160


 <./Exhibits/Published/ProfitContactDay2025/ProfitContactDay2025.pdf>]
<Exhibits/Published/ProfitContactDay2025/ProfitContactDay2025.pdf, id=3208, page=2, 963.6pt x 542.025pt>
File: Exhibits/Published/ProfitContactDay2025/ProfitContactDay2025.pdf Graphic file (type pdf)
<use Exhibits/Published/ProfitContactDay2025/ProfitContactDay2025.pdf, page 2>
Package pdftex.def Info: Exhibits/Published/ProfitContactDay2025/ProfitContactDay2025.pdf , page2 used on input line 4.
(pdftex.def)             Requested size: 614.67285pt x 345.75346pt.
File: Exhibits/Published/ProfitContactDay2025/ProfitContactDay2025.pdf Graphic file (type pdf)
<use Exhibits/Published/ProfitContactDay2025/ProfitContactDay2025.pdf, page 2>
Package pdftex.def Info: Exhibits/Published/ProfitContactDay2025/ProfitContactDay2025.pdf , page2 used on input line 4.
(pdftex.def)             Requested size: 614.67285pt x 345.75346pt.


File: Exhibits/Published/ProfitContactDay2025/ProfitContactDay2025.pdf Graphic file (type pdf)
<use Exhibits/Published/ProfitContactDay2025/ProfitContactDay2025.pdf, page 2>
Package pdftex.def Info: Exhibits/Published/ProfitContactDay2025/ProfitContactDay2025.pdf , page2 used on input line 4.
(pdftex.def)             Requested size: 614.67285pt x 345.75346pt.
[161

 <./Exhibits/Published/ProfitContactDay2025/ProfitContactDay2025.pdf>]
<Exhibits/Published/ProfitContactDay2025/ProfitContactDay2025.pdf, id=3237, page=3, 963.6pt x 542.025pt>
File: Exhibits/Published/ProfitContactDay2025/ProfitContactDay2025.pdf Graphic file (type pdf)
<use Exhibits/Published/ProfitContactDay2025/ProfitContactDay2025.pdf, page 3>
Package pdftex.def Info: Exhibits/Published/ProfitContactDay2025/ProfitContactDay2025.pdf , page3 used on input line 4.
(pdftex.def)             Requested size: 614.67285pt x 345.75346pt.
File: Exhibits/Published/ProfitContactDay2025/ProfitContactDay2025.pdf Graphic file (type pdf)
<use Exhibits/Published/ProfitContactDay2025/ProfitContactDay2025.pdf, page 3>
Package pdftex.def Info: Exhibits/Published/ProfitContactDay2025/ProfitContactDay2025.pdf , page3 used on input line 4.
(pdftex.def)             Requested size: 614.67285pt x 345.75346pt.


File: Exhibits/Published/ProfitContactDay2025/ProfitContactDay2025.pdf Graphic file (type pdf)
<use Exhibits/Published/ProfitContactDay2025/ProfitContactDay2025.pdf, page 3>
Package pdftex.def Info: Exhibits/Published/ProfitContactDay2025/ProfitContactDay2025.pdf , page3 used on input line 4.
(pdftex.def)             Requested size: 614.67285pt x 345.75346pt.
[162

 <./Exhibits/Published/ProfitContactDay2025/ProfitContactDay2025.pdf>]
<Exhibits/Published/ProfitContactDay2025/ProfitContactDay2025.pdf, id=3251, page=4, 963.6pt x 542.025pt>
File: Exhibits/Published/ProfitContactDay2025/ProfitContactDay2025.pdf Graphic file (type pdf)
<use Exhibits/Published/ProfitContactDay2025/ProfitContactDay2025.pdf, page 4>
Package pdftex.def Info: Exhibits/Published/ProfitContactDay2025/ProfitContactDay2025.pdf , page4 used on input line 4.
(pdftex.def)             Requested size: 614.67285pt x 345.75346pt.
File: Exhibits/Published/ProfitContactDay2025/ProfitContactDay2025.pdf Graphic file (type pdf)
<use Exhibits/Published/ProfitContactDay2025/ProfitContactDay2025.pdf, page 4>
Package pdftex.def Info: Exhibits/Published/ProfitContactDay2025/ProfitContactDay2025.pdf , page4 used on input line 4.
(pdftex.def)             Requested size: 614.67285pt x 345.75346pt.


File: Exhibits/Published/ProfitContactDay2025/ProfitContactDay2025.pdf Graphic file (type pdf)
<use Exhibits/Published/ProfitContactDay2025/ProfitContactDay2025.pdf, page 4>
Package pdftex.def Info: Exhibits/Published/ProfitContactDay2025/ProfitContactDay2025.pdf , page4 used on input line 4.
(pdftex.def)             Requested size: 614.67285pt x 345.75346pt.
[163

 <./Exhibits/Published/ProfitContactDay2025/ProfitContactDay2025.pdf>]
<Exhibits/Published/ProfitContactDay2025/ProfitContactDay2025.pdf, id=3265, page=5, 963.6pt x 542.025pt>
File: Exhibits/Published/ProfitContactDay2025/ProfitContactDay2025.pdf Graphic file (type pdf)
<use Exhibits/Published/ProfitContactDay2025/ProfitContactDay2025.pdf, page 5>
Package pdftex.def Info: Exhibits/Published/ProfitContactDay2025/ProfitContactDay2025.pdf , page5 used on input line 4.
(pdftex.def)             Requested size: 614.67285pt x 345.75346pt.
File: Exhibits/Published/ProfitContactDay2025/ProfitContactDay2025.pdf Graphic file (type pdf)
<use Exhibits/Published/ProfitContactDay2025/ProfitContactDay2025.pdf, page 5>
Package pdftex.def Info: Exhibits/Published/ProfitContactDay2025/ProfitContactDay2025.pdf , page5 used on input line 4.
(pdftex.def)             Requested size: 614.67285pt x 345.75346pt.


File: Exhibits/Published/ProfitContactDay2025/ProfitContactDay2025.pdf Graphic file (type pdf)
<use Exhibits/Published/ProfitContactDay2025/ProfitContactDay2025.pdf, page 5>
Package pdftex.def Info: Exhibits/Published/ProfitContactDay2025/ProfitContactDay2025.pdf , page5 used on input line 4.
(pdftex.def)             Requested size: 614.67285pt x 345.75346pt.
[164

 <./Exhibits/Published/ProfitContactDay2025/ProfitContactDay2025.pdf>]
<Exhibits/Published/ProfitContactDay2025/ProfitContactDay2025.pdf, id=3278, page=6, 963.6pt x 542.025pt>
File: Exhibits/Published/ProfitContactDay2025/ProfitContactDay2025.pdf Graphic file (type pdf)
<use Exhibits/Published/ProfitContactDay2025/ProfitContactDay2025.pdf, page 6>
Package pdftex.def Info: Exhibits/Published/ProfitContactDay2025/ProfitContactDay2025.pdf , page6 used on input line 4.
(pdftex.def)             Requested size: 614.67285pt x 345.75346pt.
File: Exhibits/Published/ProfitContactDay2025/ProfitContactDay2025.pdf Graphic file (type pdf)
<use Exhibits/Published/ProfitContactDay2025/ProfitContactDay2025.pdf, page 6>
Package pdftex.def Info: Exhibits/Published/ProfitContactDay2025/ProfitContactDay2025.pdf , page6 used on input line 4.
(pdftex.def)             Requested size: 614.67285pt x 345.75346pt.


File: Exhibits/Published/ProfitContactDay2025/ProfitContactDay2025.pdf Graphic file (type pdf)
<use Exhibits/Published/ProfitContactDay2025/ProfitContactDay2025.pdf, page 6>
Package pdftex.def Info: Exhibits/Published/ProfitContactDay2025/ProfitContactDay2025.pdf , page6 used on input line 4.
(pdftex.def)             Requested size: 614.67285pt x 345.75346pt.
[165

 <./Exhibits/Published/ProfitContactDay2025/ProfitContactDay2025.pdf>]
<Exhibits/Published/ProfitContactDay2025/ProfitContactDay2025.pdf, id=3309, page=7, 963.6pt x 542.025pt>
File: Exhibits/Published/ProfitContactDay2025/ProfitContactDay2025.pdf Graphic file (type pdf)
<use Exhibits/Published/ProfitContactDay2025/ProfitContactDay2025.pdf, page 7>
Package pdftex.def Info: Exhibits/Published/ProfitContactDay2025/ProfitContactDay2025.pdf , page7 used on input line 4.
(pdftex.def)             Requested size: 614.67285pt x 345.75346pt.
File: Exhibits/Published/ProfitContactDay2025/ProfitContactDay2025.pdf Graphic file (type pdf)
<use Exhibits/Published/ProfitContactDay2025/ProfitContactDay2025.pdf, page 7>
Package pdftex.def Info: Exhibits/Published/ProfitContactDay2025/ProfitContactDay2025.pdf , page7 used on input line 4.
(pdftex.def)             Requested size: 614.67285pt x 345.75346pt.


File: Exhibits/Published/ProfitContactDay2025/ProfitContactDay2025.pdf Graphic file (type pdf)
<use Exhibits/Published/ProfitContactDay2025/ProfitContactDay2025.pdf, page 7>
Package pdftex.def Info: Exhibits/Published/ProfitContactDay2025/ProfitContactDay2025.pdf , page7 used on input line 4.
(pdftex.def)             Requested size: 614.67285pt x 345.75346pt.
[166

 <./Exhibits/Published/ProfitContactDay2025/ProfitContactDay2025.pdf>]
<Exhibits/Published/ProfitContactDay2025/ProfitContactDay2025.pdf, id=3322, page=8, 963.6pt x 542.025pt>
File: Exhibits/Published/ProfitContactDay2025/ProfitContactDay2025.pdf Graphic file (type pdf)
<use Exhibits/Published/ProfitContactDay2025/ProfitContactDay2025.pdf, page 8>
Package pdftex.def Info: Exhibits/Published/ProfitContactDay2025/ProfitContactDay2025.pdf , page8 used on input line 4.
(pdftex.def)             Requested size: 614.67285pt x 345.75346pt.
File: Exhibits/Published/ProfitContactDay2025/ProfitContactDay2025.pdf Graphic file (type pdf)
<use Exhibits/Published/ProfitContactDay2025/ProfitContactDay2025.pdf, page 8>
Package pdftex.def Info: Exhibits/Published/ProfitContactDay2025/ProfitContactDay2025.pdf , page8 used on input line 4.
(pdftex.def)             Requested size: 614.67285pt x 345.75346pt.


File: Exhibits/Published/ProfitContactDay2025/ProfitContactDay2025.pdf Graphic file (type pdf)
<use Exhibits/Published/ProfitContactDay2025/ProfitContactDay2025.pdf, page 8>
Package pdftex.def Info: Exhibits/Published/ProfitContactDay2025/ProfitContactDay2025.pdf , page8 used on input line 4.
(pdftex.def)             Requested size: 614.67285pt x 345.75346pt.
[167

 <./Exhibits/Published/ProfitContactDay2025/ProfitContactDay2025.pdf>]
<Exhibits/Published/ProfitContactDay2025/ProfitContactDay2025.pdf, id=3336, page=9, 963.6pt x 542.025pt>
File: Exhibits/Published/ProfitContactDay2025/ProfitContactDay2025.pdf Graphic file (type pdf)
<use Exhibits/Published/ProfitContactDay2025/ProfitContactDay2025.pdf, page 9>
Package pdftex.def Info: Exhibits/Published/ProfitContactDay2025/ProfitContactDay2025.pdf , page9 used on input line 4.
(pdftex.def)             Requested size: 614.67285pt x 345.75346pt.
File: Exhibits/Published/ProfitContactDay2025/ProfitContactDay2025.pdf Graphic file (type pdf)
<use Exhibits/Published/ProfitContactDay2025/ProfitContactDay2025.pdf, page 9>
Package pdftex.def Info: Exhibits/Published/ProfitContactDay2025/ProfitContactDay2025.pdf , page9 used on input line 4.
(pdftex.def)             Requested size: 614.67285pt x 345.75346pt.


File: Exhibits/Published/ProfitContactDay2025/ProfitContactDay2025.pdf Graphic file (type pdf)
<use Exhibits/Published/ProfitContactDay2025/ProfitContactDay2025.pdf, page 9>
Package pdftex.def Info: Exhibits/Published/ProfitContactDay2025/ProfitContactDay2025.pdf , page9 used on input line 4.
(pdftex.def)             Requested size: 614.67285pt x 345.75346pt.
[168

 <./Exhibits/Published/ProfitContactDay2025/ProfitContactDay2025.pdf>]
<Exhibits/Published/ProfitContactDay2025/ProfitContactDay2025.pdf, id=3350, page=10, 963.6pt x 542.025pt>
File: Exhibits/Published/ProfitContactDay2025/ProfitContactDay2025.pdf Graphic file (type pdf)
<use Exhibits/Published/ProfitContactDay2025/ProfitContactDay2025.pdf, page 10>
Package pdftex.def Info: Exhibits/Published/ProfitContactDay2025/ProfitContactDay2025.pdf , page10 used on input line 4.
(pdftex.def)             Requested size: 614.67285pt x 345.75346pt.
File: Exhibits/Published/ProfitContactDay2025/ProfitContactDay2025.pdf Graphic file (type pdf)
<use Exhibits/Published/ProfitContactDay2025/ProfitContactDay2025.pdf, page 10>
Package pdftex.def Info: Exhibits/Published/ProfitContactDay2025/ProfitContactDay2025.pdf , page10 used on input line 4.
(pdftex.def)             Requested size: 614.67285pt x 345.75346pt.


File: Exhibits/Published/ProfitContactDay2025/ProfitContactDay2025.pdf Graphic file (type pdf)
<use Exhibits/Published/ProfitContactDay2025/ProfitContactDay2025.pdf, page 10>
Package pdftex.def Info: Exhibits/Published/ProfitContactDay2025/ProfitContactDay2025.pdf , page10 used on input line 4.
(pdftex.def)             Requested size: 614.67285pt x 345.75346pt.
[169

 <./Exhibits/Published/ProfitContactDay2025/ProfitContactDay2025.pdf>]) (./Exhibits/Published/ProfitLeader/ProfitLeader.tex

[170


]
<Exhibits/Published/ProfitLeader/ProfitLeader.pdf, id=3376, 597.19106pt x 845.07718pt>
File: Exhibits/Published/ProfitLeader/ProfitLeader.pdf Graphic file (type pdf)
<use Exhibits/Published/ProfitLeader/ProfitLeader.pdf>
Package pdftex.def Info: Exhibits/Published/ProfitLeader/ProfitLeader.pdf  used on input line 4.
(pdftex.def)             Requested size: 597.1896pt x 845.07512pt.
<Exhibits/Published/ProfitLeader/ProfitLeader.pdf, id=3378, page=1, 597.19106pt x 845.07718pt>
File: Exhibits/Published/ProfitLeader/ProfitLeader.pdf Graphic file (type pdf)
<use Exhibits/Published/ProfitLeader/ProfitLeader.pdf, page 1>
Package pdftex.def Info: Exhibits/Published/ProfitLeader/ProfitLeader.pdf , page1 used on input line 4.
(pdftex.def)             Requested size: 597.1896pt x 845.07512pt.
File: Exhibits/Published/ProfitLeader/ProfitLeader.pdf Graphic file (type pdf)
<use Exhibits/Published/ProfitLeader/ProfitLeader.pdf, page 1>
Package pdftex.def Info: Exhibits/Published/ProfitLeader/ProfitLeader.pdf , page1 used on input line 4.
(pdftex.def)             Requested size: 561.82442pt x 795.0303pt.
File: Exhibits/Published/ProfitLeader/ProfitLeader.pdf Graphic file (type pdf)
<use Exhibits/Published/ProfitLeader/ProfitLeader.pdf, page 1>
Package pdftex.def Info: Exhibits/Published/ProfitLeader/ProfitLeader.pdf , page1 used on input line 4.
(pdftex.def)             Requested size: 561.82442pt x 795.0303pt.
File: Exhibits/Published/ProfitLeader/ProfitLeader.pdf Graphic file (type pdf)
<use Exhibits/Published/ProfitLeader/ProfitLeader.pdf, page 1>
Package pdftex.def Info: Exhibits/Published/ProfitLeader/ProfitLeader.pdf , page1 used on input line 4.
(pdftex.def)             Requested size: 561.82442pt x 795.0303pt.


File: Exhibits/Published/ProfitLeader/ProfitLeader.pdf Graphic file (type pdf)
<use Exhibits/Published/ProfitLeader/ProfitLeader.pdf, page 1>
Package pdftex.def Info: Exhibits/Published/ProfitLeader/ProfitLeader.pdf , page1 used on input line 4.
(pdftex.def)             Requested size: 561.82442pt x 795.0303pt.
[171


 <./Exhibits/Published/ProfitLeader/ProfitLeader.pdf>]
<Exhibits/Published/ProfitLeader/ProfitLeader.pdf, id=3439, page=2, 597.19106pt x 845.07718pt>
File: Exhibits/Published/ProfitLeader/ProfitLeader.pdf Graphic file (type pdf)
<use Exhibits/Published/ProfitLeader/ProfitLeader.pdf, page 2>
Package pdftex.def Info: Exhibits/Published/ProfitLeader/ProfitLeader.pdf , page2 used on input line 4.
(pdftex.def)             Requested size: 561.82442pt x 795.0303pt.
File: Exhibits/Published/ProfitLeader/ProfitLeader.pdf Graphic file (type pdf)
<use Exhibits/Published/ProfitLeader/ProfitLeader.pdf, page 2>
Package pdftex.def Info: Exhibits/Published/ProfitLeader/ProfitLeader.pdf , page2 used on input line 4.
(pdftex.def)             Requested size: 561.82442pt x 795.0303pt.


File: Exhibits/Published/ProfitLeader/ProfitLeader.pdf Graphic file (type pdf)
<use Exhibits/Published/ProfitLeader/ProfitLeader.pdf, page 2>
Package pdftex.def Info: Exhibits/Published/ProfitLeader/ProfitLeader.pdf , page2 used on input line 4.
(pdftex.def)             Requested size: 561.82442pt x 795.0303pt.
[172

 <./Exhibits/Published/ProfitLeader/ProfitLeader.pdf>]
<Exhibits/Published/ProfitLeader/ProfitLeader.pdf, id=3455, page=3, 597.19106pt x 845.07718pt>
File: Exhibits/Published/ProfitLeader/ProfitLeader.pdf Graphic file (type pdf)
<use Exhibits/Published/ProfitLeader/ProfitLeader.pdf, page 3>
Package pdftex.def Info: Exhibits/Published/ProfitLeader/ProfitLeader.pdf , page3 used on input line 4.
(pdftex.def)             Requested size: 561.82442pt x 795.0303pt.
File: Exhibits/Published/ProfitLeader/ProfitLeader.pdf Graphic file (type pdf)
<use Exhibits/Published/ProfitLeader/ProfitLeader.pdf, page 3>
Package pdftex.def Info: Exhibits/Published/ProfitLeader/ProfitLeader.pdf , page3 used on input line 4.
(pdftex.def)             Requested size: 561.82442pt x 795.0303pt.


File: Exhibits/Published/ProfitLeader/ProfitLeader.pdf Graphic file (type pdf)
<use Exhibits/Published/ProfitLeader/ProfitLeader.pdf, page 3>
Package pdftex.def Info: Exhibits/Published/ProfitLeader/ProfitLeader.pdf , page3 used on input line 4.
(pdftex.def)             Requested size: 561.82442pt x 795.0303pt.
[173

 <./Exhibits/Published/ProfitLeader/ProfitLeader.pdf>]
<Exhibits/Published/ProfitLeader/ProfitLeader.pdf, id=3464, page=4, 597.19106pt x 845.07718pt>
File: Exhibits/Published/ProfitLeader/ProfitLeader.pdf Graphic file (type pdf)
<use Exhibits/Published/ProfitLeader/ProfitLeader.pdf, page 4>
Package pdftex.def Info: Exhibits/Published/ProfitLeader/ProfitLeader.pdf , page4 used on input line 4.
(pdftex.def)             Requested size: 561.82442pt x 795.0303pt.
File: Exhibits/Published/ProfitLeader/ProfitLeader.pdf Graphic file (type pdf)
<use Exhibits/Published/ProfitLeader/ProfitLeader.pdf, page 4>
Package pdftex.def Info: Exhibits/Published/ProfitLeader/ProfitLeader.pdf , page4 used on input line 4.
(pdftex.def)             Requested size: 561.82442pt x 795.0303pt.


File: Exhibits/Published/ProfitLeader/ProfitLeader.pdf Graphic file (type pdf)
<use Exhibits/Published/ProfitLeader/ProfitLeader.pdf, page 4>
Package pdftex.def Info: Exhibits/Published/ProfitLeader/ProfitLeader.pdf , page4 used on input line 4.
(pdftex.def)             Requested size: 561.82442pt x 795.0303pt.
[174

 <./Exhibits/Published/ProfitLeader/ProfitLeader.pdf>]) (./Exhibits/Published/ErtenMediaArticle/ErtenMediaArticle.tex

[175


]
<Exhibits/Published/ErtenMediaArticle/ErtenMediaArticle.pdf, id=3482, 597.19106pt x 845.07718pt>
File: Exhibits/Published/ErtenMediaArticle/ErtenMediaArticle.pdf Graphic file (type pdf)
<use Exhibits/Published/ErtenMediaArticle/ErtenMediaArticle.pdf>
Package pdftex.def Info: Exhibits/Published/ErtenMediaArticle/ErtenMediaArticle.pdf  used on input line 4.
(pdftex.def)             Requested size: 597.1896pt x 845.07512pt.
<Exhibits/Published/ErtenMediaArticle/ErtenMediaArticle.pdf, id=3484, page=1, 597.19106pt x 845.07718pt>
File: Exhibits/Published/ErtenMediaArticle/ErtenMediaArticle.pdf Graphic file (type pdf)
<use Exhibits/Published/ErtenMediaArticle/ErtenMediaArticle.pdf, page 1>
Package pdftex.def Info: Exhibits/Published/ErtenMediaArticle/ErtenMediaArticle.pdf , page1 used on input line 4.
(pdftex.def)             Requested size: 597.1896pt x 845.07512pt.
File: Exhibits/Published/ErtenMediaArticle/ErtenMediaArticle.pdf Graphic file (type pdf)
<use Exhibits/Published/ErtenMediaArticle/ErtenMediaArticle.pdf, page 1>
Package pdftex.def Info: Exhibits/Published/ErtenMediaArticle/ErtenMediaArticle.pdf , page1 used on input line 4.
(pdftex.def)             Requested size: 561.82442pt x 795.0303pt.
File: Exhibits/Published/ErtenMediaArticle/ErtenMediaArticle.pdf Graphic file (type pdf)
<use Exhibits/Published/ErtenMediaArticle/ErtenMediaArticle.pdf, page 1>
Package pdftex.def Info: Exhibits/Published/ErtenMediaArticle/ErtenMediaArticle.pdf , page1 used on input line 4.
(pdftex.def)             Requested size: 561.82442pt x 795.0303pt.
File: Exhibits/Published/ErtenMediaArticle/ErtenMediaArticle.pdf Graphic file (type pdf)
<use Exhibits/Published/ErtenMediaArticle/ErtenMediaArticle.pdf, page 1>
Package pdftex.def Info: Exhibits/Published/ErtenMediaArticle/ErtenMediaArticle.pdf , page1 used on input line 4.
(pdftex.def)             Requested size: 561.82442pt x 795.0303pt.


File: Exhibits/Published/ErtenMediaArticle/ErtenMediaArticle.pdf Graphic file (type pdf)
<use Exhibits/Published/ErtenMediaArticle/ErtenMediaArticle.pdf, page 1>
Package pdftex.def Info: Exhibits/Published/ErtenMediaArticle/ErtenMediaArticle.pdf , page1 used on input line 4.
(pdftex.def)             Requested size: 561.82442pt x 795.0303pt.
[176


 <./Exhibits/Published/ErtenMediaArticle/ErtenMediaArticle.pdf>]
<Exhibits/Published/ErtenMediaArticle/ErtenMediaArticle.pdf, id=3802, page=2, 597.19106pt x 845.07718pt>
File: Exhibits/Published/ErtenMediaArticle/ErtenMediaArticle.pdf Graphic file (type pdf)
<use Exhibits/Published/ErtenMediaArticle/ErtenMediaArticle.pdf, page 2>
Package pdftex.def Info: Exhibits/Published/ErtenMediaArticle/ErtenMediaArticle.pdf , page2 used on input line 4.
(pdftex.def)             Requested size: 561.82442pt x 795.0303pt.
File: Exhibits/Published/ErtenMediaArticle/ErtenMediaArticle.pdf Graphic file (type pdf)
<use Exhibits/Published/ErtenMediaArticle/ErtenMediaArticle.pdf, page 2>
Package pdftex.def Info: Exhibits/Published/ErtenMediaArticle/ErtenMediaArticle.pdf , page2 used on input line 4.
(pdftex.def)             Requested size: 561.82442pt x 795.0303pt.


File: Exhibits/Published/ErtenMediaArticle/ErtenMediaArticle.pdf Graphic file (type pdf)
<use Exhibits/Published/ErtenMediaArticle/ErtenMediaArticle.pdf, page 2>
Package pdftex.def Info: Exhibits/Published/ErtenMediaArticle/ErtenMediaArticle.pdf , page2 used on input line 4.
(pdftex.def)             Requested size: 561.82442pt x 795.0303pt.
[177

 <./Exhibits/Published/ErtenMediaArticle/ErtenMediaArticle.pdf>]
<Exhibits/Published/ErtenMediaArticle/ErtenMediaArticle.pdf, id=3918, page=3, 597.19106pt x 845.07718pt>
File: Exhibits/Published/ErtenMediaArticle/ErtenMediaArticle.pdf Graphic file (type pdf)
<use Exhibits/Published/ErtenMediaArticle/ErtenMediaArticle.pdf, page 3>
Package pdftex.def Info: Exhibits/Published/ErtenMediaArticle/ErtenMediaArticle.pdf , page3 used on input line 4.
(pdftex.def)             Requested size: 561.82442pt x 795.0303pt.
File: Exhibits/Published/ErtenMediaArticle/ErtenMediaArticle.pdf Graphic file (type pdf)
<use Exhibits/Published/ErtenMediaArticle/ErtenMediaArticle.pdf, page 3>
Package pdftex.def Info: Exhibits/Published/ErtenMediaArticle/ErtenMediaArticle.pdf , page3 used on input line 4.
(pdftex.def)             Requested size: 561.82442pt x 795.0303pt.


File: Exhibits/Published/ErtenMediaArticle/ErtenMediaArticle.pdf Graphic file (type pdf)
<use Exhibits/Published/ErtenMediaArticle/ErtenMediaArticle.pdf, page 3>
Package pdftex.def Info: Exhibits/Published/ErtenMediaArticle/ErtenMediaArticle.pdf , page3 used on input line 4.
(pdftex.def)             Requested size: 561.82442pt x 795.0303pt.
[178

 <./Exhibits/Published/ErtenMediaArticle/ErtenMediaArticle.pdf>]
<Exhibits/Published/ErtenMediaArticle/ErtenMediaArticle.pdf, id=3989, page=4, 597.19106pt x 845.07718pt>
File: Exhibits/Published/ErtenMediaArticle/ErtenMediaArticle.pdf Graphic file (type pdf)
<use Exhibits/Published/ErtenMediaArticle/ErtenMediaArticle.pdf, page 4>
Package pdftex.def Info: Exhibits/Published/ErtenMediaArticle/ErtenMediaArticle.pdf , page4 used on input line 4.
(pdftex.def)             Requested size: 561.82442pt x 795.0303pt.
File: Exhibits/Published/ErtenMediaArticle/ErtenMediaArticle.pdf Graphic file (type pdf)
<use Exhibits/Published/ErtenMediaArticle/ErtenMediaArticle.pdf, page 4>
Package pdftex.def Info: Exhibits/Published/ErtenMediaArticle/ErtenMediaArticle.pdf , page4 used on input line 4.
(pdftex.def)             Requested size: 561.82442pt x 795.0303pt.


File: Exhibits/Published/ErtenMediaArticle/ErtenMediaArticle.pdf Graphic file (type pdf)
<use Exhibits/Published/ErtenMediaArticle/ErtenMediaArticle.pdf, page 4>
Package pdftex.def Info: Exhibits/Published/ErtenMediaArticle/ErtenMediaArticle.pdf , page4 used on input line 4.
(pdftex.def)             Requested size: 561.82442pt x 795.0303pt.
[179

 <./Exhibits/Published/ErtenMediaArticle/ErtenMediaArticle.pdf>]
<Exhibits/Published/ErtenMediaArticle/ErtenMediaArticle.pdf, id=4008, page=5, 597.19106pt x 845.07718pt>
File: Exhibits/Published/ErtenMediaArticle/ErtenMediaArticle.pdf Graphic file (type pdf)
<use Exhibits/Published/ErtenMediaArticle/ErtenMediaArticle.pdf, page 5>
Package pdftex.def Info: Exhibits/Published/ErtenMediaArticle/ErtenMediaArticle.pdf , page5 used on input line 4.
(pdftex.def)             Requested size: 561.82442pt x 795.0303pt.
File: Exhibits/Published/ErtenMediaArticle/ErtenMediaArticle.pdf Graphic file (type pdf)
<use Exhibits/Published/ErtenMediaArticle/ErtenMediaArticle.pdf, page 5>
Package pdftex.def Info: Exhibits/Published/ErtenMediaArticle/ErtenMediaArticle.pdf , page5 used on input line 4.
(pdftex.def)             Requested size: 561.82442pt x 795.0303pt.


File: Exhibits/Published/ErtenMediaArticle/ErtenMediaArticle.pdf Graphic file (type pdf)
<use Exhibits/Published/ErtenMediaArticle/ErtenMediaArticle.pdf, page 5>
Package pdftex.def Info: Exhibits/Published/ErtenMediaArticle/ErtenMediaArticle.pdf , page5 used on input line 4.
(pdftex.def)             Requested size: 561.82442pt x 795.0303pt.
[180

 <./Exhibits/Published/ErtenMediaArticle/ErtenMediaArticle.pdf>]
<Exhibits/Published/ErtenMediaArticle/ErtenMediaArticle.pdf, id=4014, page=6, 597.19106pt x 845.07718pt>
File: Exhibits/Published/ErtenMediaArticle/ErtenMediaArticle.pdf Graphic file (type pdf)
<use Exhibits/Published/ErtenMediaArticle/ErtenMediaArticle.pdf, page 6>
Package pdftex.def Info: Exhibits/Published/ErtenMediaArticle/ErtenMediaArticle.pdf , page6 used on input line 4.
(pdftex.def)             Requested size: 561.82442pt x 795.0303pt.
File: Exhibits/Published/ErtenMediaArticle/ErtenMediaArticle.pdf Graphic file (type pdf)
<use Exhibits/Published/ErtenMediaArticle/ErtenMediaArticle.pdf, page 6>
Package pdftex.def Info: Exhibits/Published/ErtenMediaArticle/ErtenMediaArticle.pdf , page6 used on input line 4.
(pdftex.def)             Requested size: 561.82442pt x 795.0303pt.


File: Exhibits/Published/ErtenMediaArticle/ErtenMediaArticle.pdf Graphic file (type pdf)
<use Exhibits/Published/ErtenMediaArticle/ErtenMediaArticle.pdf, page 6>
Package pdftex.def Info: Exhibits/Published/ErtenMediaArticle/ErtenMediaArticle.pdf , page6 used on input line 4.
(pdftex.def)             Requested size: 561.82442pt x 795.0303pt.
[181

 <./Exhibits/Published/ErtenMediaArticle/ErtenMediaArticle.pdf>]
<Exhibits/Published/ErtenMediaArticle/ErtenMediaArticle.pdf, id=4127, page=7, 597.19106pt x 845.07718pt>
File: Exhibits/Published/ErtenMediaArticle/ErtenMediaArticle.pdf Graphic file (type pdf)
<use Exhibits/Published/ErtenMediaArticle/ErtenMediaArticle.pdf, page 7>
Package pdftex.def Info: Exhibits/Published/ErtenMediaArticle/ErtenMediaArticle.pdf , page7 used on input line 4.
(pdftex.def)             Requested size: 561.82442pt x 795.0303pt.
File: Exhibits/Published/ErtenMediaArticle/ErtenMediaArticle.pdf Graphic file (type pdf)
<use Exhibits/Published/ErtenMediaArticle/ErtenMediaArticle.pdf, page 7>
Package pdftex.def Info: Exhibits/Published/ErtenMediaArticle/ErtenMediaArticle.pdf , page7 used on input line 4.
(pdftex.def)             Requested size: 561.82442pt x 795.0303pt.


File: Exhibits/Published/ErtenMediaArticle/ErtenMediaArticle.pdf Graphic file (type pdf)
<use Exhibits/Published/ErtenMediaArticle/ErtenMediaArticle.pdf, page 7>
Package pdftex.def Info: Exhibits/Published/ErtenMediaArticle/ErtenMediaArticle.pdf , page7 used on input line 4.
(pdftex.def)             Requested size: 561.82442pt x 795.0303pt.
[182

 <./Exhibits/Published/ErtenMediaArticle/ErtenMediaArticle.pdf>]
<Exhibits/Published/ErtenMediaArticle/ErtenMediaArticle.pdf, id=4351, page=8, 597.19106pt x 845.07718pt>
File: Exhibits/Published/ErtenMediaArticle/ErtenMediaArticle.pdf Graphic file (type pdf)
<use Exhibits/Published/ErtenMediaArticle/ErtenMediaArticle.pdf, page 8>
Package pdftex.def Info: Exhibits/Published/ErtenMediaArticle/ErtenMediaArticle.pdf , page8 used on input line 4.
(pdftex.def)             Requested size: 561.82442pt x 795.0303pt.
File: Exhibits/Published/ErtenMediaArticle/ErtenMediaArticle.pdf Graphic file (type pdf)
<use Exhibits/Published/ErtenMediaArticle/ErtenMediaArticle.pdf, page 8>
Package pdftex.def Info: Exhibits/Published/ErtenMediaArticle/ErtenMediaArticle.pdf , page8 used on input line 4.
(pdftex.def)             Requested size: 561.82442pt x 795.0303pt.


File: Exhibits/Published/ErtenMediaArticle/ErtenMediaArticle.pdf Graphic file (type pdf)
<use Exhibits/Published/ErtenMediaArticle/ErtenMediaArticle.pdf, page 8>
Package pdftex.def Info: Exhibits/Published/ErtenMediaArticle/ErtenMediaArticle.pdf , page8 used on input line 4.
(pdftex.def)             Requested size: 561.82442pt x 795.0303pt.
[183

 <./Exhibits/Published/ErtenMediaArticle/ErtenMediaArticle.pdf>]) (./Exhibits/Published/ErtenMediaInst/ErtenMediaInst.tex

[184


]
<Exhibits/Published/ErtenMediaInst/ErtenMediaInst.png, id=4363, 942.52126pt x 878.28125pt>
File: Exhibits/Published/ErtenMediaInst/ErtenMediaInst.png Graphic file (type png)
<use Exhibits/Published/ErtenMediaInst/ErtenMediaInst.png>
Package pdftex.def Info: Exhibits/Published/ErtenMediaInst/ErtenMediaInst.png  used on input line 5.
(pdftex.def)             Requested size: 470.05193pt x 438.01382pt.
)

[185

 <./Exhibits/Published/ErtenMediaInst/ErtenMediaInst.png>]) (./Exhibits/Judging/Judging.tex (./Exhibits/Judging/AIUReviewer/AIUReviewer.tex

[186

]
<Exhibits/Judging/AIUReviewer/AIUReviewer.jpeg, id=4374, 710.655pt x 1027.84pt>
File: Exhibits/Judging/AIUReviewer/AIUReviewer.jpeg Graphic file (type jpg)
<use Exhibits/Judging/AIUReviewer/AIUReviewer.jpeg>
Package pdftex.def Info: Exhibits/Judging/AIUReviewer/AIUReviewer.jpeg  used on input line 5.
(pdftex.def)             Requested size: 470.05193pt x 679.86644pt.


[187

]
Overfull \vbox (4.39835pt too high) has occurred while \output is active []



[188 <./Exhibits/Judging/AIUReviewer/AIUReviewer.jpeg>]) (./Exhibits/Judging/AIUScienceSite/AIUScienceSite.tex

[189

]
<Exhibits/Judging/AIUScienceSite/AIUScienceSite1.png, id=4389, 843.15pt x 812.03375pt>
File: Exhibits/Judging/AIUScienceSite/AIUScienceSite1.png Graphic file (type png)
<use Exhibits/Judging/AIUScienceSite/AIUScienceSite1.png>
Package pdftex.def Info: Exhibits/Judging/AIUScienceSite/AIUScienceSite1.png  used on input line 5.
(pdftex.def)             Requested size: 470.05193pt x 452.71613pt.


[190

 <./Exhibits/Judging/AIUScienceSite/AIUScienceSite1.png>]
<Exhibits/Judging/AIUScienceSite/AIUScienceSite2.png, id=4395, 847.165pt x 845.1575pt>
File: Exhibits/Judging/AIUScienceSite/AIUScienceSite2.png Graphic file (type png)
<use Exhibits/Judging/AIUScienceSite/AIUScienceSite2.png>
Package pdftex.def Info: Exhibits/Judging/AIUScienceSite/AIUScienceSite2.png  used on input line 9.
(pdftex.def)             Requested size: 470.05193pt x 468.93901pt.
)

[191 <./Exhibits/Judging/AIUScienceSite/AIUScienceSite2.png>] (./Exhibits/Judging/AIUSite/AIUSite.tex

[192

]
<Exhibits/Judging/AIUSite/AIUSite1.png, id=4406, 876.27374pt x 879.285pt>
File: Exhibits/Judging/AIUSite/AIUSite1.png Graphic file (type png)
<use Exhibits/Judging/AIUSite/AIUSite1.png>
Package pdftex.def Info: Exhibits/Judging/AIUSite/AIUSite1.png  used on input line 5.
(pdftex.def)             Requested size: 470.05193pt x 471.66731pt.


[193

 <./Exhibits/Judging/AIUSite/AIUSite1.png>]
<Exhibits/Judging/AIUSite/AIUSite2.png, id=4413, 809.0225pt x 851.18pt>
File: Exhibits/Judging/AIUSite/AIUSite2.png Graphic file (type png)
<use Exhibits/Judging/AIUSite/AIUSite2.png>
Package pdftex.def Info: Exhibits/Judging/AIUSite/AIUSite2.png  used on input line 9.
(pdftex.def)             Requested size: 470.05193pt x 494.55493pt.


[194 <./Exhibits/Judging/AIUSite/AIUSite2.png>]
<Exhibits/Judging/AIUSite/AIUSite3.png, id=4419, 842.14626pt x 850.17625pt>
File: Exhibits/Judging/AIUSite/AIUSite3.png Graphic file (type png)
<use Exhibits/Judging/AIUSite/AIUSite3.png>
Package pdftex.def Info: Exhibits/Judging/AIUSite/AIUSite3.png  used on input line 13.
(pdftex.def)             Requested size: 470.05193pt x 474.53874pt.
)

[195 <./Exhibits/Judging/AIUSite/AIUSite3.png>] (./Exhibits/Judging/AIUInstagram/AIUInstagram.tex

[196

]
<Exhibits/Judging/AIUInstagram/AIUIntagram.png, id=4430, 913.4125pt x 777.90625pt>
File: Exhibits/Judging/AIUInstagram/AIUIntagram.png Graphic file (type png)
<use Exhibits/Judging/AIUInstagram/AIUIntagram.png>
Package pdftex.def Info: Exhibits/Judging/AIUInstagram/AIUIntagram.png  used on input line 5.
(pdftex.def)             Requested size: 470.05193pt x 400.31163pt.
)

[197

 <./Exhibits/Judging/AIUInstagram/AIUIntagram.png>] (./Exhibits/Judging/ENUReviewer/ENUReviewer.tex

[198

]
<Exhibits/Judging/ENUReviewer/ENUReviewer.jpeg, id=4441, 870.25125pt x 1284.8pt>
File: Exhibits/Judging/ENUReviewer/ENUReviewer.jpeg Graphic file (type jpg)
<use Exhibits/Judging/ENUReviewer/ENUReviewer.jpeg>
Package pdftex.def Info: Exhibits/Judging/ENUReviewer/ENUReviewer.jpeg  used on input line 5.
(pdftex.def)             Requested size: 470.05193pt x 693.97772pt.


[199

]
Overfull \vbox (18.50963pt too high) has occurred while \output is active []



[200 <./Exhibits/Judging/ENUReviewer/ENUReviewer.jpeg>]) (./Exhibits/Judging/ENUScienceSite/ENUScienceSite.tex

[201

]
<Exhibits/Judging/ENUScienceSite/ENUScienceSite1.png, id=4456, 833.1125pt x 875.27pt>
File: Exhibits/Judging/ENUScienceSite/ENUScienceSite1.png Graphic file (type png)
<use Exhibits/Judging/ENUScienceSite/ENUScienceSite1.png>
Package pdftex.def Info: Exhibits/Judging/ENUScienceSite/ENUScienceSite1.png  used on input line 5.
(pdftex.def)             Requested size: 470.05193pt x 493.84734pt.


[202

 <./Exhibits/Judging/ENUScienceSite/ENUScienceSite1.png>]
<Exhibits/Judging/ENUScienceSite/ENUScienceSite2.png, id=4462, 834.11626pt x 805.0075pt>
File: Exhibits/Judging/ENUScienceSite/ENUScienceSite2.png Graphic file (type png)
<use Exhibits/Judging/ENUScienceSite/ENUScienceSite2.png>
Package pdftex.def Info: Exhibits/Judging/ENUScienceSite/ENUScienceSite2.png  used on input line 9.
(pdftex.def)             Requested size: 470.05193pt x 453.6509pt.
)

[203 <./Exhibits/Judging/ENUScienceSite/ENUScienceSite2.png>] (./Exhibits/Judging/ENUSite/ENUSite.tex

[204

]
<Exhibits/Judging/ENUSite/ENUSite1.png, id=4474, 833.1125pt x 878.28125pt>
File: Exhibits/Judging/ENUSite/ENUSite1.png Graphic file (type png)
<use Exhibits/Judging/ENUSite/ENUSite1.png>
Package pdftex.def Info: Exhibits/Judging/ENUSite/ENUSite1.png  used on input line 5.
(pdftex.def)             Requested size: 470.05193pt x 495.54636pt.


[205

 <./Exhibits/Judging/ENUSite/ENUSite1.png>]
<Exhibits/Judging/ENUSite/ENUSite2.png, id=4481, 829.0975pt x 870.25125pt>
File: Exhibits/Judging/ENUSite/ENUSite2.png Graphic file (type png)
<use Exhibits/Judging/ENUSite/ENUSite2.png>
Package pdftex.def Info: Exhibits/Judging/ENUSite/ENUSite2.png  used on input line 9.
(pdftex.def)             Requested size: 470.05193pt x 493.3793pt.


[206 <./Exhibits/Judging/ENUSite/ENUSite2.png>]
<Exhibits/Judging/ENUSite/ENUSite3.png, id=4487, 835.12pt x 865.2325pt>
File: Exhibits/Judging/ENUSite/ENUSite3.png Graphic file (type png)
<use Exhibits/Judging/ENUSite/ENUSite3.png>
Package pdftex.def Info: Exhibits/Judging/ENUSite/ENUSite3.png  used on input line 13.
(pdftex.def)             Requested size: 470.05193pt x 487.00894pt.
)

[207 <./Exhibits/Judging/ENUSite/ENUSite3.png>] (./Exhibits/Judging/ENUQSRanking/ENUQSRanking.tex

[208

]
<Exhibits/Judging/ENUQSRanking/ENUQSRanking1.png, id=4498, 743.77875pt x 868.24374pt>
File: Exhibits/Judging/ENUQSRanking/ENUQSRanking1.png Graphic file (type png)
<use Exhibits/Judging/ENUQSRanking/ENUQSRanking1.png>
Package pdftex.def Info: Exhibits/Judging/ENUQSRanking/ENUQSRanking1.png  used on input line 5.
(pdftex.def)             Requested size: 470.05193pt x 548.71873pt.


[209

 <./Exhibits/Judging/ENUQSRanking/ENUQSRanking1.png>]
<Exhibits/Judging/ENUQSRanking/ENUQSRanking2.png, id=4504, 799.98875pt x 869.2475pt>
File: Exhibits/Judging/ENUQSRanking/ENUQSRanking2.png Graphic file (type png)
<use Exhibits/Judging/ENUQSRanking/ENUQSRanking2.png>
Package pdftex.def Info: Exhibits/Judging/ENUQSRanking/ENUQSRanking2.png  used on input line 9.
(pdftex.def)             Requested size: 470.05193pt x 510.75592pt.
)

[210 <./Exhibits/Judging/ENUQSRanking/ENUQSRanking2.png>] (./Exhibits/Judging/ENUInstagram/ENUInstagram.tex

[211

]
<Exhibits/Judging/ENUInstagram/ENUInstagram.png, id=4516, 769.87625pt x 791.95876pt>
File: Exhibits/Judging/ENUInstagram/ENUInstagram.png Graphic file (type png)
<use Exhibits/Judging/ENUInstagram/ENUInstagram.png>
Package pdftex.def Info: Exhibits/Judging/ENUInstagram/ENUInstagram.png  used on input line 5.
(pdftex.def)             Requested size: 470.05193pt x 483.55334pt.
)

[212

 <./Exhibits/Judging/ENUInstagram/ENUInstagram.png>] (./Exhibits/Judging/ITeachMeInv2023/ITeachMeInv2023.tex

[213

]
<Exhibits/Judging/ITeachMeInv2023/ITeachMeInv2023.pdf, id=4527, 597.19112pt x 845.67947pt>
File: Exhibits/Judging/ITeachMeInv2023/ITeachMeInv2023.pdf Graphic file (type pdf)
<use Exhibits/Judging/ITeachMeInv2023/ITeachMeInv2023.pdf>
Package pdftex.def Info: Exhibits/Judging/ITeachMeInv2023/ITeachMeInv2023.pdf  used on input line 4.
(pdftex.def)             Requested size: 597.18967pt x 845.67741pt.
<Exhibits/Judging/ITeachMeInv2023/ITeachMeInv2023.pdf, id=4529, page=1, 597.19112pt x 845.67947pt>
File: Exhibits/Judging/ITeachMeInv2023/ITeachMeInv2023.pdf Graphic file (type pdf)
<use Exhibits/Judging/ITeachMeInv2023/ITeachMeInv2023.pdf, page 1>
Package pdftex.def Info: Exhibits/Judging/ITeachMeInv2023/ITeachMeInv2023.pdf , page1 used on input line 4.
(pdftex.def)             Requested size: 597.18967pt x 845.67741pt.
File: Exhibits/Judging/ITeachMeInv2023/ITeachMeInv2023.pdf Graphic file (type pdf)
<use Exhibits/Judging/ITeachMeInv2023/ITeachMeInv2023.pdf, page 1>
Package pdftex.def Info: Exhibits/Judging/ITeachMeInv2023/ITeachMeInv2023.pdf , page1 used on input line 4.
(pdftex.def)             Requested size: 561.82446pt x 795.59692pt.
File: Exhibits/Judging/ITeachMeInv2023/ITeachMeInv2023.pdf Graphic file (type pdf)
<use Exhibits/Judging/ITeachMeInv2023/ITeachMeInv2023.pdf, page 1>
Package pdftex.def Info: Exhibits/Judging/ITeachMeInv2023/ITeachMeInv2023.pdf , page1 used on input line 4.
(pdftex.def)             Requested size: 561.82446pt x 795.59692pt.
File: Exhibits/Judging/ITeachMeInv2023/ITeachMeInv2023.pdf Graphic file (type pdf)
<use Exhibits/Judging/ITeachMeInv2023/ITeachMeInv2023.pdf, page 1>
Package pdftex.def Info: Exhibits/Judging/ITeachMeInv2023/ITeachMeInv2023.pdf , page1 used on input line 4.
(pdftex.def)             Requested size: 561.82446pt x 795.59692pt.


File: Exhibits/Judging/ITeachMeInv2023/ITeachMeInv2023.pdf Graphic file (type pdf)
<use Exhibits/Judging/ITeachMeInv2023/ITeachMeInv2023.pdf, page 1>
Package pdftex.def Info: Exhibits/Judging/ITeachMeInv2023/ITeachMeInv2023.pdf , page1 used on input line 4.
(pdftex.def)             Requested size: 561.82446pt x 795.59692pt.
[214


 <./Exhibits/Judging/ITeachMeInv2023/ITeachMeInv2023.pdf>]
<Exhibits/Judging/ITeachMeInv2023/ITeachMeInv2023.pdf, id=4574, page=2, 597.19112pt x 845.67947pt>
File: Exhibits/Judging/ITeachMeInv2023/ITeachMeInv2023.pdf Graphic file (type pdf)
<use Exhibits/Judging/ITeachMeInv2023/ITeachMeInv2023.pdf, page 2>
Package pdftex.def Info: Exhibits/Judging/ITeachMeInv2023/ITeachMeInv2023.pdf , page2 used on input line 4.
(pdftex.def)             Requested size: 561.82446pt x 795.59692pt.
File: Exhibits/Judging/ITeachMeInv2023/ITeachMeInv2023.pdf Graphic file (type pdf)
<use Exhibits/Judging/ITeachMeInv2023/ITeachMeInv2023.pdf, page 2>
Package pdftex.def Info: Exhibits/Judging/ITeachMeInv2023/ITeachMeInv2023.pdf , page2 used on input line 4.
(pdftex.def)             Requested size: 561.82446pt x 795.59692pt.


File: Exhibits/Judging/ITeachMeInv2023/ITeachMeInv2023.pdf Graphic file (type pdf)
<use Exhibits/Judging/ITeachMeInv2023/ITeachMeInv2023.pdf, page 2>
Package pdftex.def Info: Exhibits/Judging/ITeachMeInv2023/ITeachMeInv2023.pdf , page2 used on input line 4.
(pdftex.def)             Requested size: 561.82446pt x 795.59692pt.
[215

 <./Exhibits/Judging/ITeachMeInv2023/ITeachMeInv2023.pdf>]) (./Exhibits/Judging/ITeachMeInvitation2024/ITeachMeInvitation2024.tex

[216


]
<Exhibits/Judging/ITeachMeInvitation2024/ITeachMeInvitation2024.pdf, id=4585, 598.235pt x 845.1575pt>
File: Exhibits/Judging/ITeachMeInvitation2024/ITeachMeInvitation2024.pdf Graphic file (type pdf)
<use Exhibits/Judging/ITeachMeInvitation2024/ITeachMeInvitation2024.pdf>
Package pdftex.def Info: Exhibits/Judging/ITeachMeInvitation2024/ITeachMeInvitation2024.pdf  used on input line 4.
(pdftex.def)             Requested size: 598.23354pt x 845.15544pt.
<Exhibits/Judging/ITeachMeInvitation2024/ITeachMeInvitation2024.pdf, id=4587, page=1, 598.235pt x 845.1575pt>
File: Exhibits/Judging/ITeachMeInvitation2024/ITeachMeInvitation2024.pdf Graphic file (type pdf)
<use Exhibits/Judging/ITeachMeInvitation2024/ITeachMeInvitation2024.pdf, page 1>
Package pdftex.def Info: Exhibits/Judging/ITeachMeInvitation2024/ITeachMeInvitation2024.pdf , page1 used on input line 4.
(pdftex.def)             Requested size: 598.23354pt x 845.15544pt.
File: Exhibits/Judging/ITeachMeInvitation2024/ITeachMeInvitation2024.pdf Graphic file (type pdf)
<use Exhibits/Judging/ITeachMeInvitation2024/ITeachMeInvitation2024.pdf, page 1>
Package pdftex.def Info: Exhibits/Judging/ITeachMeInvitation2024/ITeachMeInvitation2024.pdf , page1 used on input line 4.
(pdftex.def)             Requested size: 562.80652pt x 795.10587pt.
File: Exhibits/Judging/ITeachMeInvitation2024/ITeachMeInvitation2024.pdf Graphic file (type pdf)
<use Exhibits/Judging/ITeachMeInvitation2024/ITeachMeInvitation2024.pdf, page 1>
Package pdftex.def Info: Exhibits/Judging/ITeachMeInvitation2024/ITeachMeInvitation2024.pdf , page1 used on input line 4.
(pdftex.def)             Requested size: 562.80652pt x 795.10587pt.
File: Exhibits/Judging/ITeachMeInvitation2024/ITeachMeInvitation2024.pdf Graphic file (type pdf)
<use Exhibits/Judging/ITeachMeInvitation2024/ITeachMeInvitation2024.pdf, page 1>
Package pdftex.def Info: Exhibits/Judging/ITeachMeInvitation2024/ITeachMeInvitation2024.pdf , page1 used on input line 4.
(pdftex.def)             Requested size: 562.80652pt x 795.10587pt.


File: Exhibits/Judging/ITeachMeInvitation2024/ITeachMeInvitation2024.pdf Graphic file (type pdf)
<use Exhibits/Judging/ITeachMeInvitation2024/ITeachMeInvitation2024.pdf, page 1>
Package pdftex.def Info: Exhibits/Judging/ITeachMeInvitation2024/ITeachMeInvitation2024.pdf , page1 used on input line 4.
(pdftex.def)             Requested size: 562.80652pt x 795.10587pt.
[217


 <./Exhibits/Judging/ITeachMeInvitation2024/ITeachMeInvitation2024.pdf>]
<Exhibits/Judging/ITeachMeInvitation2024/ITeachMeInvitation2024.pdf, id=4611, page=2, 598.235pt x 845.1575pt>
File: Exhibits/Judging/ITeachMeInvitation2024/ITeachMeInvitation2024.pdf Graphic file (type pdf)
<use Exhibits/Judging/ITeachMeInvitation2024/ITeachMeInvitation2024.pdf, page 2>
Package pdftex.def Info: Exhibits/Judging/ITeachMeInvitation2024/ITeachMeInvitation2024.pdf , page2 used on input line 4.
(pdftex.def)             Requested size: 562.80652pt x 795.10587pt.
File: Exhibits/Judging/ITeachMeInvitation2024/ITeachMeInvitation2024.pdf Graphic file (type pdf)
<use Exhibits/Judging/ITeachMeInvitation2024/ITeachMeInvitation2024.pdf, page 2>
Package pdftex.def Info: Exhibits/Judging/ITeachMeInvitation2024/ITeachMeInvitation2024.pdf , page2 used on input line 4.
(pdftex.def)             Requested size: 562.80652pt x 795.10587pt.


File: Exhibits/Judging/ITeachMeInvitation2024/ITeachMeInvitation2024.pdf Graphic file (type pdf)
<use Exhibits/Judging/ITeachMeInvitation2024/ITeachMeInvitation2024.pdf, page 2>
Package pdftex.def Info: Exhibits/Judging/ITeachMeInvitation2024/ITeachMeInvitation2024.pdf , page2 used on input line 4.
(pdftex.def)             Requested size: 562.80652pt x 795.10587pt.
[218

 <./Exhibits/Judging/ITeachMeInvitation2024/ITeachMeInvitation2024.pdf>]) (./Exhibits/Judging/OrleJudgingInsta/OrleJudgingInsta.tex

[219


]
<Exhibits/Judging/OrleJudgingInsta/OrleJudgingInsta1.png, id=4628, 733.74126pt x 776.9025pt>
File: Exhibits/Judging/OrleJudgingInsta/OrleJudgingInsta1.png Graphic file (type png)
<use Exhibits/Judging/OrleJudgingInsta/OrleJudgingInsta1.png>
Package pdftex.def Info: Exhibits/Judging/OrleJudgingInsta/OrleJudgingInsta1.png  used on input line 5.
(pdftex.def)             Requested size: 470.05193pt x 497.71379pt.


[220

 <./Exhibits/Judging/OrleJudgingInsta/OrleJudgingInsta1.png>]
<Exhibits/Judging/OrleJudgingInsta/OrleJudgingInsta2.png, id=4634, 733.74126pt x 782.925pt>
File: Exhibits/Judging/OrleJudgingInsta/OrleJudgingInsta2.png Graphic file (type png)
<use Exhibits/Judging/OrleJudgingInsta/OrleJudgingInsta2.png>
Package pdftex.def Info: Exhibits/Judging/OrleJudgingInsta/OrleJudgingInsta2.png  used on input line 9.
(pdftex.def)             Requested size: 470.05193pt x 501.57205pt.
)

[221 <./Exhibits/Judging/OrleJudgingInsta/OrleJudgingInsta2.png>] (./Exhibits/Judging/OrleJudgingPhoto/OrleJudgingPhoto.tex

[222

]
<Exhibits/Judging/OrleJudgingPhoto/OrleJudgingPhoto1.JPG, id=4645, 1027.84pt x 1284.8pt>
File: Exhibits/Judging/OrleJudgingPhoto/OrleJudgingPhoto1.JPG Graphic file (type jpg)
<use Exhibits/Judging/OrleJudgingPhoto/OrleJudgingPhoto1.JPG>
Package pdftex.def Info: Exhibits/Judging/OrleJudgingPhoto/OrleJudgingPhoto1.JPG  used on input line 5.
(pdftex.def)             Requested size: 470.05183pt x 587.5648pt.


[223

 <./Exhibits/Judging/OrleJudgingPhoto/OrleJudgingPhoto1.JPG>]
<Exhibits/Judging/OrleJudgingPhoto/OrleJudgingPhoto2.JPG, id=4651, 1027.84pt x 1284.8pt>
File: Exhibits/Judging/OrleJudgingPhoto/OrleJudgingPhoto2.JPG Graphic file (type jpg)
<use Exhibits/Judging/OrleJudgingPhoto/OrleJudgingPhoto2.JPG>
Package pdftex.def Info: Exhibits/Judging/OrleJudgingPhoto/OrleJudgingPhoto2.JPG  used on input line 9.
(pdftex.def)             Requested size: 470.05183pt x 587.5648pt.


[224 <./Exhibits/Judging/OrleJudgingPhoto/OrleJudgingPhoto2.JPG>]
<Exhibits/Judging/OrleJudgingPhoto/OrleJudgingPhoto3.JPG, id=4656, 1027.84pt x 1284.8pt>
File: Exhibits/Judging/OrleJudgingPhoto/OrleJudgingPhoto3.JPG Graphic file (type jpg)
<use Exhibits/Judging/OrleJudgingPhoto/OrleJudgingPhoto3.JPG>
Package pdftex.def Info: Exhibits/Judging/OrleJudgingPhoto/OrleJudgingPhoto3.JPG  used on input line 13.
(pdftex.def)             Requested size: 470.05183pt x 587.5648pt.


[225 <./Exhibits/Judging/OrleJudgingPhoto/OrleJudgingPhoto3.JPG>]
<Exhibits/Judging/OrleJudgingPhoto/OrleJudgingPhoto4.JPG, id=4661, 963.6pt x 1284.8pt>
File: Exhibits/Judging/OrleJudgingPhoto/OrleJudgingPhoto4.JPG Graphic file (type jpg)
<use Exhibits/Judging/OrleJudgingPhoto/OrleJudgingPhoto4.JPG>
Package pdftex.def Info: Exhibits/Judging/OrleJudgingPhoto/OrleJudgingPhoto4.JPG  used on input line 17.
(pdftex.def)             Requested size: 455.95036pt x 607.93382pt.


[226 <./Exhibits/Judging/OrleJudgingPhoto/OrleJudgingPhoto4.JPG>]
<Exhibits/Judging/OrleJudgingPhoto/OrleJudgingPhoto5.JPG, id=4666, 1027.84pt x 1284.8pt>
File: Exhibits/Judging/OrleJudgingPhoto/OrleJudgingPhoto5.JPG Graphic file (type jpg)
<use Exhibits/Judging/OrleJudgingPhoto/OrleJudgingPhoto5.JPG>
Package pdftex.def Info: Exhibits/Judging/OrleJudgingPhoto/OrleJudgingPhoto5.JPG  used on input line 21.
(pdftex.def)             Requested size: 470.05183pt x 587.5648pt.


[227 <./Exhibits/Judging/OrleJudgingPhoto/OrleJudgingPhoto5.JPG>]
<Exhibits/Judging/OrleJudgingPhoto/OrleJudgingPhoto6.JPG, id=4671, 963.6pt x 1284.8pt>
File: Exhibits/Judging/OrleJudgingPhoto/OrleJudgingPhoto6.JPG Graphic file (type jpg)
<use Exhibits/Judging/OrleJudgingPhoto/OrleJudgingPhoto6.JPG>
Package pdftex.def Info: Exhibits/Judging/OrleJudgingPhoto/OrleJudgingPhoto6.JPG  used on input line 25.
(pdftex.def)             Requested size: 455.95036pt x 607.93382pt.


[228 <./Exhibits/Judging/OrleJudgingPhoto/OrleJudgingPhoto6.JPG>]
<Exhibits/Judging/OrleJudgingPhoto/OrleJudgingPhoto7.JPG, id=4676, 1027.84pt x 1284.8pt>
File: Exhibits/Judging/OrleJudgingPhoto/OrleJudgingPhoto7.JPG Graphic file (type jpg)
<use Exhibits/Judging/OrleJudgingPhoto/OrleJudgingPhoto7.JPG>
Package pdftex.def Info: Exhibits/Judging/OrleJudgingPhoto/OrleJudgingPhoto7.JPG  used on input line 29.
(pdftex.def)             Requested size: 470.05183pt x 587.5648pt.


[229 <./Exhibits/Judging/OrleJudgingPhoto/OrleJudgingPhoto7.JPG>]
<Exhibits/Judging/OrleJudgingPhoto/OrleJudgingPhoto8.JPG, id=4682, 1027.84pt x 1284.8pt>
File: Exhibits/Judging/OrleJudgingPhoto/OrleJudgingPhoto8.JPG Graphic file (type jpg)
<use Exhibits/Judging/OrleJudgingPhoto/OrleJudgingPhoto8.JPG>
Package pdftex.def Info: Exhibits/Judging/OrleJudgingPhoto/OrleJudgingPhoto8.JPG  used on input line 33.
(pdftex.def)             Requested size: 470.05183pt x 587.5648pt.


[230 <./Exhibits/Judging/OrleJudgingPhoto/OrleJudgingPhoto8.JPG>]
<Exhibits/Judging/OrleJudgingPhoto/OrleJudgingPhoto9.JPG, id=4687, 1027.84pt x 1284.8pt>
File: Exhibits/Judging/OrleJudgingPhoto/OrleJudgingPhoto9.JPG Graphic file (type jpg)
<use Exhibits/Judging/OrleJudgingPhoto/OrleJudgingPhoto9.JPG>
Package pdftex.def Info: Exhibits/Judging/OrleJudgingPhoto/OrleJudgingPhoto9.JPG  used on input line 37.
(pdftex.def)             Requested size: 470.05183pt x 587.5648pt.
)

[231 <./Exhibits/Judging/OrleJudgingPhoto/OrleJudgingPhoto9.JPG>] (./Exhibits/Judging/OrleTechSite/OrleTechSite.tex

[232

]
<Exhibits/Judging/OrleTechSite/OrleTechSite1.png, id=4697, 791.95876pt x 873.2625pt>
File: Exhibits/Judging/OrleTechSite/OrleTechSite1.png Graphic file (type png)
<use Exhibits/Judging/OrleTechSite/OrleTechSite1.png>
Package pdftex.def Info: Exhibits/Judging/OrleTechSite/OrleTechSite1.png  used on input line 5.
(pdftex.def)             Requested size: 470.05193pt x 518.31178pt.


[233

 <./Exhibits/Judging/OrleTechSite/OrleTechSite1.png>]
<Exhibits/Judging/OrleTechSite/OrleTechSite2.png, id=4703, 794.97pt x 880.28876pt>
File: Exhibits/Judging/OrleTechSite/OrleTechSite2.png Graphic file (type png)
<use Exhibits/Judging/OrleTechSite/OrleTechSite2.png>
Package pdftex.def Info: Exhibits/Judging/OrleTechSite/OrleTechSite2.png  used on input line 9.
(pdftex.def)             Requested size: 470.05193pt x 520.5076pt.


[234 <./Exhibits/Judging/OrleTechSite/OrleTechSite2.png>]
<Exhibits/Judging/OrleTechSite/OrleTechSite3.png, id=4709, 793.96625pt x 870.25125pt>
File: Exhibits/Judging/OrleTechSite/OrleTechSite3.png Graphic file (type png)
<use Exhibits/Judging/OrleTechSite/OrleTechSite3.png>
Package pdftex.def Info: Exhibits/Judging/OrleTechSite/OrleTechSite3.png  used on input line 13.
(pdftex.def)             Requested size: 470.05193pt x 515.22318pt.
)

[235 <./Exhibits/Judging/OrleTechSite/OrleTechSite3.png>] (./Exhibits/Judging/ITeachMeCertificate/ITeachMeCertificate.tex

[236

]
<Exhibits/Judging/ITeachMeCertificate/ITeachMe.pdf, id=4721, 599.23875pt x 846.16125pt>
File: Exhibits/Judging/ITeachMeCertificate/ITeachMe.pdf Graphic file (type pdf)
<use Exhibits/Judging/ITeachMeCertificate/ITeachMe.pdf>
Package pdftex.def Info: Exhibits/Judging/ITeachMeCertificate/ITeachMe.pdf  used on input line 4.
(pdftex.def)             Requested size: 599.23729pt x 846.1592pt.
<Exhibits/Judging/ITeachMeCertificate/ITeachMe.pdf, id=4723, page=1, 599.23875pt x 846.16125pt>
File: Exhibits/Judging/ITeachMeCertificate/ITeachMe.pdf Graphic file (type pdf)
<use Exhibits/Judging/ITeachMeCertificate/ITeachMe.pdf, page 1>
Package pdftex.def Info: Exhibits/Judging/ITeachMeCertificate/ITeachMe.pdf , page1 used on input line 4.
(pdftex.def)             Requested size: 599.23729pt x 846.1592pt.
File: Exhibits/Judging/ITeachMeCertificate/ITeachMe.pdf Graphic file (type pdf)
<use Exhibits/Judging/ITeachMeCertificate/ITeachMe.pdf, page 1>
Package pdftex.def Info: Exhibits/Judging/ITeachMeCertificate/ITeachMe.pdf , page1 used on input line 4.
(pdftex.def)             Requested size: 563.08334pt x 795.10765pt.
File: Exhibits/Judging/ITeachMeCertificate/ITeachMe.pdf Graphic file (type pdf)
<use Exhibits/Judging/ITeachMeCertificate/ITeachMe.pdf, page 1>
Package pdftex.def Info: Exhibits/Judging/ITeachMeCertificate/ITeachMe.pdf , page1 used on input line 4.
(pdftex.def)             Requested size: 563.08334pt x 795.10765pt.
File: Exhibits/Judging/ITeachMeCertificate/ITeachMe.pdf Graphic file (type pdf)
<use Exhibits/Judging/ITeachMeCertificate/ITeachMe.pdf, page 1>
Package pdftex.def Info: Exhibits/Judging/ITeachMeCertificate/ITeachMe.pdf , page1 used on input line 4.
(pdftex.def)             Requested size: 563.08334pt x 795.10765pt.


File: Exhibits/Judging/ITeachMeCertificate/ITeachMe.pdf Graphic file (type pdf)
<use Exhibits/Judging/ITeachMeCertificate/ITeachMe.pdf, page 1>
Package pdftex.def Info: Exhibits/Judging/ITeachMeCertificate/ITeachMe.pdf , page1 used on input line 4.
(pdftex.def)             Requested size: 563.08334pt x 795.10765pt.
[237


 <./Exhibits/Judging/ITeachMeCertificate/ITeachMe.pdf>]) (./Exhibits/Judging/ITeachMe1024/ITeachMe1024.tex

[238


]
<Exhibits/Judging/ITeachMe1024/ITeachMe1024.pdf, id=4779, 614.295pt x 794.97pt>
File: Exhibits/Judging/ITeachMe1024/ITeachMe1024.pdf Graphic file (type pdf)
<use Exhibits/Judging/ITeachMe1024/ITeachMe1024.pdf>
Package pdftex.def Info: Exhibits/Judging/ITeachMe1024/ITeachMe1024.pdf  used on input line 4.
(pdftex.def)             Requested size: 614.29349pt x 794.96806pt.
<Exhibits/Judging/ITeachMe1024/ITeachMe1024.pdf, id=4781, page=1, 614.295pt x 794.97pt>
File: Exhibits/Judging/ITeachMe1024/ITeachMe1024.pdf Graphic file (type pdf)
<use Exhibits/Judging/ITeachMe1024/ITeachMe1024.pdf, page 1>
Package pdftex.def Info: Exhibits/Judging/ITeachMe1024/ITeachMe1024.pdf , page1 used on input line 4.
(pdftex.def)             Requested size: 614.29349pt x 794.96806pt.
File: Exhibits/Judging/ITeachMe1024/ITeachMe1024.pdf Graphic file (type pdf)
<use Exhibits/Judging/ITeachMe1024/ITeachMe1024.pdf, page 1>
Package pdftex.def Info: Exhibits/Judging/ITeachMe1024/ITeachMe1024.pdf , page1 used on input line 4.
(pdftex.def)             Requested size: 614.58406pt x 795.3441pt.
File: Exhibits/Judging/ITeachMe1024/ITeachMe1024.pdf Graphic file (type pdf)
<use Exhibits/Judging/ITeachMe1024/ITeachMe1024.pdf, page 1>
Package pdftex.def Info: Exhibits/Judging/ITeachMe1024/ITeachMe1024.pdf , page1 used on input line 4.
(pdftex.def)             Requested size: 614.58406pt x 795.3441pt.
File: Exhibits/Judging/ITeachMe1024/ITeachMe1024.pdf Graphic file (type pdf)
<use Exhibits/Judging/ITeachMe1024/ITeachMe1024.pdf, page 1>
Package pdftex.def Info: Exhibits/Judging/ITeachMe1024/ITeachMe1024.pdf , page1 used on input line 4.
(pdftex.def)             Requested size: 614.58406pt x 795.3441pt.


File: Exhibits/Judging/ITeachMe1024/ITeachMe1024.pdf Graphic file (type pdf)
<use Exhibits/Judging/ITeachMe1024/ITeachMe1024.pdf, page 1>
Package pdftex.def Info: Exhibits/Judging/ITeachMe1024/ITeachMe1024.pdf , page1 used on input line 4.
(pdftex.def)             Requested size: 614.58406pt x 795.3441pt.
[239


 <./Exhibits/Judging/ITeachMe1024/ITeachMe1024.pdf>]) (./Exhibits/Judging/KasperskyExpert/KasperskyExpert.tex

[240


]
<Exhibits/Judging/KasperskyExpert/KasperskyExpert.pdf, id=4795, 597.6729pt x 844.83629pt>
File: Exhibits/Judging/KasperskyExpert/KasperskyExpert.pdf Graphic file (type pdf)
<use Exhibits/Judging/KasperskyExpert/KasperskyExpert.pdf>
Package pdftex.def Info: Exhibits/Judging/KasperskyExpert/KasperskyExpert.pdf  used on input line 4.
(pdftex.def)             Requested size: 597.67143pt x 844.83423pt.
<Exhibits/Judging/KasperskyExpert/KasperskyExpert.pdf, id=4797, page=1, 597.6729pt x 844.83629pt>
File: Exhibits/Judging/KasperskyExpert/KasperskyExpert.pdf Graphic file (type pdf)
<use Exhibits/Judging/KasperskyExpert/KasperskyExpert.pdf, page 1>
Package pdftex.def Info: Exhibits/Judging/KasperskyExpert/KasperskyExpert.pdf , page1 used on input line 4.
(pdftex.def)             Requested size: 597.67143pt x 844.83423pt.
File: Exhibits/Judging/KasperskyExpert/KasperskyExpert.pdf Graphic file (type pdf)
<use Exhibits/Judging/KasperskyExpert/KasperskyExpert.pdf, page 1>
Package pdftex.def Info: Exhibits/Judging/KasperskyExpert/KasperskyExpert.pdf , page1 used on input line 4.
(pdftex.def)             Requested size: 562.94345pt x 795.74474pt.
File: Exhibits/Judging/KasperskyExpert/KasperskyExpert.pdf Graphic file (type pdf)
<use Exhibits/Judging/KasperskyExpert/KasperskyExpert.pdf, page 1>
Package pdftex.def Info: Exhibits/Judging/KasperskyExpert/KasperskyExpert.pdf , page1 used on input line 4.
(pdftex.def)             Requested size: 562.94345pt x 795.74474pt.
File: Exhibits/Judging/KasperskyExpert/KasperskyExpert.pdf Graphic file (type pdf)
<use Exhibits/Judging/KasperskyExpert/KasperskyExpert.pdf, page 1>
Package pdftex.def Info: Exhibits/Judging/KasperskyExpert/KasperskyExpert.pdf , page1 used on input line 4.
(pdftex.def)             Requested size: 562.94345pt x 795.74474pt.


File: Exhibits/Judging/KasperskyExpert/KasperskyExpert.pdf Graphic file (type pdf)
<use Exhibits/Judging/KasperskyExpert/KasperskyExpert.pdf, page 1>
Package pdftex.def Info: Exhibits/Judging/KasperskyExpert/KasperskyExpert.pdf , page1 used on input line 4.
(pdftex.def)             Requested size: 562.94345pt x 795.74474pt.
[241


 <./Exhibits/Judging/KasperskyExpert/KasperskyExpert.pdf>]) (./Exhibits/Judging/IkomekCommission/IkomekCommission.tex

[242


]
<Exhibits/Judging/IkomekCommission/IkomekCommission1.jpeg, id=4812, 806.01125pt x 1140.26pt>
File: Exhibits/Judging/IkomekCommission/IkomekCommission1.jpeg Graphic file (type jpg)
<use Exhibits/Judging/IkomekCommission/IkomekCommission1.jpeg>
Package pdftex.def Info: Exhibits/Judging/IkomekCommission/IkomekCommission1.jpeg  used on input line 5.
(pdftex.def)             Requested size: 470.05193pt x 664.98764pt.


[243

 <./Exhibits/Judging/IkomekCommission/IkomekCommission1.jpeg>]
<Exhibits/Judging/IkomekCommission/IkomekCommission2.jpeg, id=4817, 812.03375pt x 1153.30875pt>
File: Exhibits/Judging/IkomekCommission/IkomekCommission2.jpeg Graphic file (type jpg)
<use Exhibits/Judging/IkomekCommission/IkomekCommission2.jpeg>
Package pdftex.def Info: Exhibits/Judging/IkomekCommission/IkomekCommission2.jpeg  used on input line 9.
(pdftex.def)             Requested size: 470.05193pt x 667.5997pt.
)

[244 <./Exhibits/Judging/IkomekCommission/IkomekCommission2.jpeg>] (./Exhibits/Judging/STSCommission/STSCommission.tex

[245

]
<Exhibits/Judging/STSCommission/STSCommission.pdf, id=4827, 598.235pt x 845.1575pt>
File: Exhibits/Judging/STSCommission/STSCommission.pdf Graphic file (type pdf)
<use Exhibits/Judging/STSCommission/STSCommission.pdf>
Package pdftex.def Info: Exhibits/Judging/STSCommission/STSCommission.pdf  used on input line 4.
(pdftex.def)             Requested size: 598.23354pt x 845.15544pt.
<Exhibits/Judging/STSCommission/STSCommission.pdf, id=4829, page=1, 598.235pt x 845.1575pt>
File: Exhibits/Judging/STSCommission/STSCommission.pdf Graphic file (type pdf)
<use Exhibits/Judging/STSCommission/STSCommission.pdf, page 1>
Package pdftex.def Info: Exhibits/Judging/STSCommission/STSCommission.pdf , page1 used on input line 4.
(pdftex.def)             Requested size: 598.23354pt x 845.15544pt.
File: Exhibits/Judging/STSCommission/STSCommission.pdf Graphic file (type pdf)
<use Exhibits/Judging/STSCommission/STSCommission.pdf, page 1>
Package pdftex.def Info: Exhibits/Judging/STSCommission/STSCommission.pdf , page1 used on input line 4.
(pdftex.def)             Requested size: 562.80652pt x 795.10587pt.
File: Exhibits/Judging/STSCommission/STSCommission.pdf Graphic file (type pdf)
<use Exhibits/Judging/STSCommission/STSCommission.pdf, page 1>
Package pdftex.def Info: Exhibits/Judging/STSCommission/STSCommission.pdf , page1 used on input line 4.
(pdftex.def)             Requested size: 562.80652pt x 795.10587pt.
File: Exhibits/Judging/STSCommission/STSCommission.pdf Graphic file (type pdf)
<use Exhibits/Judging/STSCommission/STSCommission.pdf, page 1>
Package pdftex.def Info: Exhibits/Judging/STSCommission/STSCommission.pdf , page1 used on input line 4.
(pdftex.def)             Requested size: 562.80652pt x 795.10587pt.


File: Exhibits/Judging/STSCommission/STSCommission.pdf Graphic file (type pdf)
<use Exhibits/Judging/STSCommission/STSCommission.pdf, page 1>
Package pdftex.def Info: Exhibits/Judging/STSCommission/STSCommission.pdf , page1 used on input line 4.
(pdftex.def)             Requested size: 562.80652pt x 795.10587pt.
[246


 <./Exhibits/Judging/STSCommission/STSCommission.pdf>]) (./Exhibits/Judging/EQKExpert/EQKExpert.tex

[247


]
<Exhibits/Judging/EQKExpert/EQKExpert.pdf, id=4842, 597.31157pt x 844.83629pt>
File: Exhibits/Judging/EQKExpert/EQKExpert.pdf Graphic file (type pdf)
<use Exhibits/Judging/EQKExpert/EQKExpert.pdf>
Package pdftex.def Info: Exhibits/Judging/EQKExpert/EQKExpert.pdf  used on input line 4.
(pdftex.def)             Requested size: 597.3101pt x 844.83423pt.
<Exhibits/Judging/EQKExpert/EQKExpert.pdf, id=4844, page=1, 597.31157pt x 844.83629pt>
File: Exhibits/Judging/EQKExpert/EQKExpert.pdf Graphic file (type pdf)
<use Exhibits/Judging/EQKExpert/EQKExpert.pdf, page 1>
Package pdftex.def Info: Exhibits/Judging/EQKExpert/EQKExpert.pdf , page1 used on input line 4.
(pdftex.def)             Requested size: 597.3101pt x 844.83423pt.
File: Exhibits/Judging/EQKExpert/EQKExpert.pdf Graphic file (type pdf)
<use Exhibits/Judging/EQKExpert/EQKExpert.pdf, page 1>
Package pdftex.def Info: Exhibits/Judging/EQKExpert/EQKExpert.pdf , page1 used on input line 4.
(pdftex.def)             Requested size: 562.60312pt x 795.74474pt.
File: Exhibits/Judging/EQKExpert/EQKExpert.pdf Graphic file (type pdf)
<use Exhibits/Judging/EQKExpert/EQKExpert.pdf, page 1>
Package pdftex.def Info: Exhibits/Judging/EQKExpert/EQKExpert.pdf , page1 used on input line 4.
(pdftex.def)             Requested size: 562.60312pt x 795.74474pt.
File: Exhibits/Judging/EQKExpert/EQKExpert.pdf Graphic file (type pdf)
<use Exhibits/Judging/EQKExpert/EQKExpert.pdf, page 1>
Package pdftex.def Info: Exhibits/Judging/EQKExpert/EQKExpert.pdf , page1 used on input line 4.
(pdftex.def)             Requested size: 562.60312pt x 795.74474pt.


File: Exhibits/Judging/EQKExpert/EQKExpert.pdf Graphic file (type pdf)
<use Exhibits/Judging/EQKExpert/EQKExpert.pdf, page 1>
Package pdftex.def Info: Exhibits/Judging/EQKExpert/EQKExpert.pdf , page1 used on input line 4.
(pdftex.def)             Requested size: 562.60312pt x 795.74474pt.
[248


 <./Exhibits/Judging/EQKExpert/EQKExpert.pdf, page is rotated 90 degrees>])) (./Exhibits/CompanyInfo/CompanyInfo.tex (./Exhibits/CompanyInfo/IKomekGov/IKomekGov.tex

[249


]
<Exhibits/CompanyInfo/IKomekGov/IKomekGov.png, id=4858, 774.895pt x 863.225pt>
File: Exhibits/CompanyInfo/IKomekGov/IKomekGov.png Graphic file (type png)
<use Exhibits/CompanyInfo/IKomekGov/IKomekGov.png>
Package pdftex.def Info: Exhibits/CompanyInfo/IKomekGov/IKomekGov.png  used on input line 5.
(pdftex.def)             Requested size: 470.05193pt x 523.64236pt.
)

[250

 <./Exhibits/CompanyInfo/IKomekGov/IKomekGov.png>] (./Exhibits/CompanyInfo/IKomekCTS/IKomekCTS.tex

[251

]
<Exhibits/CompanyInfo/IKomekCTS/IKomekCTS.png, id=4869, 774.895pt x 870.25125pt>
File: Exhibits/CompanyInfo/IKomekCTS/IKomekCTS.png Graphic file (type png)
<use Exhibits/CompanyInfo/IKomekCTS/IKomekCTS.png>
Package pdftex.def Info: Exhibits/CompanyInfo/IKomekCTS/IKomekCTS.png  used on input line 5.
(pdftex.def)             Requested size: 470.05193pt x 527.90457pt.
)

[252

 <./Exhibits/CompanyInfo/IKomekCTS/IKomekCTS.png>] (./Exhibits/CompanyInfo/IKomekInstagramShot/IKomekInstagramShot.tex

[253

]
<Exhibits/CompanyInfo/IKomekInstagramShot/IKomekInstagramShot.png, id=4881, 786.94pt x 778.91pt>
File: Exhibits/CompanyInfo/IKomekInstagramShot/IKomekInstagramShot.png Graphic file (type png)
<use Exhibits/CompanyInfo/IKomekInstagramShot/IKomekInstagramShot.png>
Package pdftex.def Info: Exhibits/CompanyInfo/IKomekInstagramShot/IKomekInstagramShot.png  used on input line 5.
(pdftex.def)             Requested size: 470.05193pt x 465.24594pt.
)

[254

 <./Exhibits/CompanyInfo/IKomekInstagramShot/IKomekInstagramShot.png>] (./Exhibits/CompanyInfo/IKomekSiteShot/IKomekSiteShot.tex

[255

]
<Exhibits/CompanyInfo/IKomekSiteShot/IkomekSiteShot1.png, id=4892, 884.30376pt x 878.28125pt>
File: Exhibits/CompanyInfo/IKomekSiteShot/IkomekSiteShot1.png Graphic file (type png)
<use Exhibits/CompanyInfo/IKomekSiteShot/IkomekSiteShot1.png>
Package pdftex.def Info: Exhibits/CompanyInfo/IKomekSiteShot/IkomekSiteShot1.png  used on input line 5.
(pdftex.def)             Requested size: 470.05193pt x 466.8538pt.


[256

 <./Exhibits/CompanyInfo/IKomekSiteShot/IkomekSiteShot1.png>]
<Exhibits/CompanyInfo/IKomekSiteShot/IkomekSiteShot3.png, id=4899, 881.2925pt x 876.27374pt>
File: Exhibits/CompanyInfo/IKomekSiteShot/IkomekSiteShot3.png Graphic file (type png)
<use Exhibits/CompanyInfo/IKomekSiteShot/IkomekSiteShot3.png>
Package pdftex.def Info: Exhibits/CompanyInfo/IKomekSiteShot/IkomekSiteShot3.png  used on input line 10.
(pdftex.def)             Requested size: 470.05193pt x 467.37782pt.


[257 <./Exhibits/CompanyInfo/IKomekSiteShot/IkomekSiteShot3.png>]
<Exhibits/CompanyInfo/IKomekSiteShot/IkomekSiteShot4.png, id=4905, 878.28125pt x 880.28876pt>
File: Exhibits/CompanyInfo/IKomekSiteShot/IkomekSiteShot4.png Graphic file (type png)
<use Exhibits/CompanyInfo/IKomekSiteShot/IkomekSiteShot4.png>
Package pdftex.def Info: Exhibits/CompanyInfo/IKomekSiteShot/IkomekSiteShot4.png  used on input line 15.
(pdftex.def)             Requested size: 470.05193pt x 471.13116pt.


[258 <./Exhibits/CompanyInfo/IKomekSiteShot/IkomekSiteShot4.png>]
<Exhibits/CompanyInfo/IKomekSiteShot/IkomekSiteShot5.png, id=4911, 881.2925pt x 877.2775pt>
File: Exhibits/CompanyInfo/IKomekSiteShot/IkomekSiteShot5.png Graphic file (type png)
<use Exhibits/CompanyInfo/IKomekSiteShot/IkomekSiteShot5.png>
Package pdftex.def Info: Exhibits/CompanyInfo/IKomekSiteShot/IkomekSiteShot5.png  used on input line 20.
(pdftex.def)             Requested size: 470.05193pt x 467.91321pt.


[259 <./Exhibits/CompanyInfo/IKomekSiteShot/IkomekSiteShot5.png>]
<Exhibits/CompanyInfo/IKomekSiteShot/IkomekSiteShot6.png, id=4918, 880.28876pt x 878.28125pt>
File: Exhibits/CompanyInfo/IKomekSiteShot/IkomekSiteShot6.png Graphic file (type png)
<use Exhibits/CompanyInfo/IKomekSiteShot/IkomekSiteShot6.png>
Package pdftex.def Info: Exhibits/CompanyInfo/IKomekSiteShot/IkomekSiteShot6.png  used on input line 25.
(pdftex.def)             Requested size: 470.05193pt x 468.97124pt.


[260 <./Exhibits/CompanyInfo/IKomekSiteShot/IkomekSiteShot6.png>]
<Exhibits/CompanyInfo/IKomekSiteShot/IkomekSiteShot7.png, id=4924, 878.28125pt x 876.27374pt>
File: Exhibits/CompanyInfo/IKomekSiteShot/IkomekSiteShot7.png Graphic file (type png)
<use Exhibits/CompanyInfo/IKomekSiteShot/IkomekSiteShot7.png>
Package pdftex.def Info: Exhibits/CompanyInfo/IKomekSiteShot/IkomekSiteShot7.png  used on input line 30.
(pdftex.def)             Requested size: 470.05193pt x 468.98233pt.
)

[261 <./Exhibits/CompanyInfo/IKomekSiteShot/IkomekSiteShot7.png>] (./Exhibits/CompanyInfo/IKomekPresentation/IKomekPresentation.tex

[262

]
<Exhibits/CompanyInfo/IKomekPresentation/IkomekPresentation.pdf, id=4936, 963.6pt x 542.025pt>
File: Exhibits/CompanyInfo/IKomekPresentation/IkomekPresentation.pdf Graphic file (type pdf)
<use Exhibits/CompanyInfo/IKomekPresentation/IkomekPresentation.pdf>
Package pdftex.def Info: Exhibits/CompanyInfo/IKomekPresentation/IkomekPresentation.pdf  used on input line 4.
(pdftex.def)             Requested size: 963.59766pt x 542.02367pt.
<Exhibits/CompanyInfo/IKomekPresentation/IkomekPresentation.pdf, id=4938, page=1, 963.6pt x 542.025pt>
File: Exhibits/CompanyInfo/IKomekPresentation/IkomekPresentation.pdf Graphic file (type pdf)
<use Exhibits/CompanyInfo/IKomekPresentation/IkomekPresentation.pdf, page 1>
Package pdftex.def Info: Exhibits/CompanyInfo/IKomekPresentation/IkomekPresentation.pdf , page1 used on input line 4.
(pdftex.def)             Requested size: 963.59766pt x 542.02367pt.
File: Exhibits/CompanyInfo/IKomekPresentation/IkomekPresentation.pdf Graphic file (type pdf)
<use Exhibits/CompanyInfo/IKomekPresentation/IkomekPresentation.pdf, page 1>
Package pdftex.def Info: Exhibits/CompanyInfo/IKomekPresentation/IkomekPresentation.pdf , page1 used on input line 4.
(pdftex.def)             Requested size: 614.67285pt x 345.75346pt.
File: Exhibits/CompanyInfo/IKomekPresentation/IkomekPresentation.pdf Graphic file (type pdf)
<use Exhibits/CompanyInfo/IKomekPresentation/IkomekPresentation.pdf, page 1>
Package pdftex.def Info: Exhibits/CompanyInfo/IKomekPresentation/IkomekPresentation.pdf , page1 used on input line 4.
(pdftex.def)             Requested size: 614.67285pt x 345.75346pt.
File: Exhibits/CompanyInfo/IKomekPresentation/IkomekPresentation.pdf Graphic file (type pdf)
<use Exhibits/CompanyInfo/IKomekPresentation/IkomekPresentation.pdf, page 1>
Package pdftex.def Info: Exhibits/CompanyInfo/IKomekPresentation/IkomekPresentation.pdf , page1 used on input line 4.
(pdftex.def)             Requested size: 614.67285pt x 345.75346pt.


File: Exhibits/CompanyInfo/IKomekPresentation/IkomekPresentation.pdf Graphic file (type pdf)
<use Exhibits/CompanyInfo/IKomekPresentation/IkomekPresentation.pdf, page 1>
Package pdftex.def Info: Exhibits/CompanyInfo/IKomekPresentation/IkomekPresentation.pdf , page1 used on input line 4.
(pdftex.def)             Requested size: 614.67285pt x 345.75346pt.
[263


 <./Exhibits/CompanyInfo/IKomekPresentation/IkomekPresentation.pdf>]
<Exhibits/CompanyInfo/IKomekPresentation/IkomekPresentation.pdf, id=4979, page=2, 963.6pt x 542.025pt>
File: Exhibits/CompanyInfo/IKomekPresentation/IkomekPresentation.pdf Graphic file (type pdf)
<use Exhibits/CompanyInfo/IKomekPresentation/IkomekPresentation.pdf, page 2>
Package pdftex.def Info: Exhibits/CompanyInfo/IKomekPresentation/IkomekPresentation.pdf , page2 used on input line 4.
(pdftex.def)             Requested size: 614.67285pt x 345.75346pt.
File: Exhibits/CompanyInfo/IKomekPresentation/IkomekPresentation.pdf Graphic file (type pdf)
<use Exhibits/CompanyInfo/IKomekPresentation/IkomekPresentation.pdf, page 2>
Package pdftex.def Info: Exhibits/CompanyInfo/IKomekPresentation/IkomekPresentation.pdf , page2 used on input line 4.
(pdftex.def)             Requested size: 614.67285pt x 345.75346pt.


File: Exhibits/CompanyInfo/IKomekPresentation/IkomekPresentation.pdf Graphic file (type pdf)
<use Exhibits/CompanyInfo/IKomekPresentation/IkomekPresentation.pdf, page 2>
Package pdftex.def Info: Exhibits/CompanyInfo/IKomekPresentation/IkomekPresentation.pdf , page2 used on input line 4.
(pdftex.def)             Requested size: 614.67285pt x 345.75346pt.
[264

 <./Exhibits/CompanyInfo/IKomekPresentation/IkomekPresentation.pdf>]
<Exhibits/CompanyInfo/IKomekPresentation/IkomekPresentation.pdf, id=4996, page=3, 963.6pt x 542.025pt>
File: Exhibits/CompanyInfo/IKomekPresentation/IkomekPresentation.pdf Graphic file (type pdf)
<use Exhibits/CompanyInfo/IKomekPresentation/IkomekPresentation.pdf, page 3>
Package pdftex.def Info: Exhibits/CompanyInfo/IKomekPresentation/IkomekPresentation.pdf , page3 used on input line 4.
(pdftex.def)             Requested size: 614.67285pt x 345.75346pt.
File: Exhibits/CompanyInfo/IKomekPresentation/IkomekPresentation.pdf Graphic file (type pdf)
<use Exhibits/CompanyInfo/IKomekPresentation/IkomekPresentation.pdf, page 3>
Package pdftex.def Info: Exhibits/CompanyInfo/IKomekPresentation/IkomekPresentation.pdf , page3 used on input line 4.
(pdftex.def)             Requested size: 614.67285pt x 345.75346pt.


File: Exhibits/CompanyInfo/IKomekPresentation/IkomekPresentation.pdf Graphic file (type pdf)
<use Exhibits/CompanyInfo/IKomekPresentation/IkomekPresentation.pdf, page 3>
Package pdftex.def Info: Exhibits/CompanyInfo/IKomekPresentation/IkomekPresentation.pdf , page3 used on input line 4.
(pdftex.def)             Requested size: 614.67285pt x 345.75346pt.
[265

 <./Exhibits/CompanyInfo/IKomekPresentation/IkomekPresentation.pdf>]
<Exhibits/CompanyInfo/IKomekPresentation/IkomekPresentation.pdf, id=5016, page=4, 963.6pt x 542.025pt>
File: Exhibits/CompanyInfo/IKomekPresentation/IkomekPresentation.pdf Graphic file (type pdf)
<use Exhibits/CompanyInfo/IKomekPresentation/IkomekPresentation.pdf, page 4>
Package pdftex.def Info: Exhibits/CompanyInfo/IKomekPresentation/IkomekPresentation.pdf , page4 used on input line 4.
(pdftex.def)             Requested size: 614.67285pt x 345.75346pt.
File: Exhibits/CompanyInfo/IKomekPresentation/IkomekPresentation.pdf Graphic file (type pdf)
<use Exhibits/CompanyInfo/IKomekPresentation/IkomekPresentation.pdf, page 4>
Package pdftex.def Info: Exhibits/CompanyInfo/IKomekPresentation/IkomekPresentation.pdf , page4 used on input line 4.
(pdftex.def)             Requested size: 614.67285pt x 345.75346pt.


File: Exhibits/CompanyInfo/IKomekPresentation/IkomekPresentation.pdf Graphic file (type pdf)
<use Exhibits/CompanyInfo/IKomekPresentation/IkomekPresentation.pdf, page 4>
Package pdftex.def Info: Exhibits/CompanyInfo/IKomekPresentation/IkomekPresentation.pdf , page4 used on input line 4.
(pdftex.def)             Requested size: 614.67285pt x 345.75346pt.
[266

 <./Exhibits/CompanyInfo/IKomekPresentation/IkomekPresentation.pdf>]
<Exhibits/CompanyInfo/IKomekPresentation/IkomekPresentation.pdf, id=5025, page=5, 963.6pt x 542.025pt>
File: Exhibits/CompanyInfo/IKomekPresentation/IkomekPresentation.pdf Graphic file (type pdf)
<use Exhibits/CompanyInfo/IKomekPresentation/IkomekPresentation.pdf, page 5>
Package pdftex.def Info: Exhibits/CompanyInfo/IKomekPresentation/IkomekPresentation.pdf , page5 used on input line 4.
(pdftex.def)             Requested size: 614.67285pt x 345.75346pt.
File: Exhibits/CompanyInfo/IKomekPresentation/IkomekPresentation.pdf Graphic file (type pdf)
<use Exhibits/CompanyInfo/IKomekPresentation/IkomekPresentation.pdf, page 5>
Package pdftex.def Info: Exhibits/CompanyInfo/IKomekPresentation/IkomekPresentation.pdf , page5 used on input line 4.
(pdftex.def)             Requested size: 614.67285pt x 345.75346pt.


File: Exhibits/CompanyInfo/IKomekPresentation/IkomekPresentation.pdf Graphic file (type pdf)
<use Exhibits/CompanyInfo/IKomekPresentation/IkomekPresentation.pdf, page 5>
Package pdftex.def Info: Exhibits/CompanyInfo/IKomekPresentation/IkomekPresentation.pdf , page5 used on input line 4.
(pdftex.def)             Requested size: 614.67285pt x 345.75346pt.
[267

 <./Exhibits/CompanyInfo/IKomekPresentation/IkomekPresentation.pdf>]
<Exhibits/CompanyInfo/IKomekPresentation/IkomekPresentation.pdf, id=5137, page=6, 963.6pt x 542.025pt>
File: Exhibits/CompanyInfo/IKomekPresentation/IkomekPresentation.pdf Graphic file (type pdf)
<use Exhibits/CompanyInfo/IKomekPresentation/IkomekPresentation.pdf, page 6>
Package pdftex.def Info: Exhibits/CompanyInfo/IKomekPresentation/IkomekPresentation.pdf , page6 used on input line 4.
(pdftex.def)             Requested size: 614.67285pt x 345.75346pt.
File: Exhibits/CompanyInfo/IKomekPresentation/IkomekPresentation.pdf Graphic file (type pdf)
<use Exhibits/CompanyInfo/IKomekPresentation/IkomekPresentation.pdf, page 6>
Package pdftex.def Info: Exhibits/CompanyInfo/IKomekPresentation/IkomekPresentation.pdf , page6 used on input line 4.
(pdftex.def)             Requested size: 614.67285pt x 345.75346pt.


File: Exhibits/CompanyInfo/IKomekPresentation/IkomekPresentation.pdf Graphic file (type pdf)
<use Exhibits/CompanyInfo/IKomekPresentation/IkomekPresentation.pdf, page 6>
Package pdftex.def Info: Exhibits/CompanyInfo/IKomekPresentation/IkomekPresentation.pdf , page6 used on input line 4.
(pdftex.def)             Requested size: 614.67285pt x 345.75346pt.
[268

 <./Exhibits/CompanyInfo/IKomekPresentation/IkomekPresentation.pdf>]
<Exhibits/CompanyInfo/IKomekPresentation/IkomekPresentation.pdf, id=5169, page=7, 963.6pt x 542.025pt>
File: Exhibits/CompanyInfo/IKomekPresentation/IkomekPresentation.pdf Graphic file (type pdf)
<use Exhibits/CompanyInfo/IKomekPresentation/IkomekPresentation.pdf, page 7>
Package pdftex.def Info: Exhibits/CompanyInfo/IKomekPresentation/IkomekPresentation.pdf , page7 used on input line 4.
(pdftex.def)             Requested size: 614.67285pt x 345.75346pt.
File: Exhibits/CompanyInfo/IKomekPresentation/IkomekPresentation.pdf Graphic file (type pdf)
<use Exhibits/CompanyInfo/IKomekPresentation/IkomekPresentation.pdf, page 7>
Package pdftex.def Info: Exhibits/CompanyInfo/IKomekPresentation/IkomekPresentation.pdf , page7 used on input line 4.
(pdftex.def)             Requested size: 614.67285pt x 345.75346pt.


File: Exhibits/CompanyInfo/IKomekPresentation/IkomekPresentation.pdf Graphic file (type pdf)
<use Exhibits/CompanyInfo/IKomekPresentation/IkomekPresentation.pdf, page 7>
Package pdftex.def Info: Exhibits/CompanyInfo/IKomekPresentation/IkomekPresentation.pdf , page7 used on input line 4.
(pdftex.def)             Requested size: 614.67285pt x 345.75346pt.
[269

 <./Exhibits/CompanyInfo/IKomekPresentation/IkomekPresentation.pdf>]
<Exhibits/CompanyInfo/IKomekPresentation/IkomekPresentation.pdf, id=5192, page=8, 963.6pt x 542.025pt>
File: Exhibits/CompanyInfo/IKomekPresentation/IkomekPresentation.pdf Graphic file (type pdf)
<use Exhibits/CompanyInfo/IKomekPresentation/IkomekPresentation.pdf, page 8>
Package pdftex.def Info: Exhibits/CompanyInfo/IKomekPresentation/IkomekPresentation.pdf , page8 used on input line 4.
(pdftex.def)             Requested size: 614.67285pt x 345.75346pt.
File: Exhibits/CompanyInfo/IKomekPresentation/IkomekPresentation.pdf Graphic file (type pdf)
<use Exhibits/CompanyInfo/IKomekPresentation/IkomekPresentation.pdf, page 8>
Package pdftex.def Info: Exhibits/CompanyInfo/IKomekPresentation/IkomekPresentation.pdf , page8 used on input line 4.
(pdftex.def)             Requested size: 614.67285pt x 345.75346pt.


File: Exhibits/CompanyInfo/IKomekPresentation/IkomekPresentation.pdf Graphic file (type pdf)
<use Exhibits/CompanyInfo/IKomekPresentation/IkomekPresentation.pdf, page 8>
Package pdftex.def Info: Exhibits/CompanyInfo/IKomekPresentation/IkomekPresentation.pdf , page8 used on input line 4.
(pdftex.def)             Requested size: 614.67285pt x 345.75346pt.
[270

 <./Exhibits/CompanyInfo/IKomekPresentation/IkomekPresentation.pdf>]
<Exhibits/CompanyInfo/IKomekPresentation/IkomekPresentation.pdf, id=5223, page=9, 963.6pt x 542.025pt>
File: Exhibits/CompanyInfo/IKomekPresentation/IkomekPresentation.pdf Graphic file (type pdf)
<use Exhibits/CompanyInfo/IKomekPresentation/IkomekPresentation.pdf, page 9>
Package pdftex.def Info: Exhibits/CompanyInfo/IKomekPresentation/IkomekPresentation.pdf , page9 used on input line 4.
(pdftex.def)             Requested size: 614.67285pt x 345.75346pt.
File: Exhibits/CompanyInfo/IKomekPresentation/IkomekPresentation.pdf Graphic file (type pdf)
<use Exhibits/CompanyInfo/IKomekPresentation/IkomekPresentation.pdf, page 9>
Package pdftex.def Info: Exhibits/CompanyInfo/IKomekPresentation/IkomekPresentation.pdf , page9 used on input line 4.
(pdftex.def)             Requested size: 614.67285pt x 345.75346pt.


File: Exhibits/CompanyInfo/IKomekPresentation/IkomekPresentation.pdf Graphic file (type pdf)
<use Exhibits/CompanyInfo/IKomekPresentation/IkomekPresentation.pdf, page 9>
Package pdftex.def Info: Exhibits/CompanyInfo/IKomekPresentation/IkomekPresentation.pdf , page9 used on input line 4.
(pdftex.def)             Requested size: 614.67285pt x 345.75346pt.
[271

 <./Exhibits/CompanyInfo/IKomekPresentation/IkomekPresentation.pdf>]
<Exhibits/CompanyInfo/IKomekPresentation/IkomekPresentation.pdf, id=5244, page=10, 963.6pt x 542.025pt>
File: Exhibits/CompanyInfo/IKomekPresentation/IkomekPresentation.pdf Graphic file (type pdf)
<use Exhibits/CompanyInfo/IKomekPresentation/IkomekPresentation.pdf, page 10>
Package pdftex.def Info: Exhibits/CompanyInfo/IKomekPresentation/IkomekPresentation.pdf , page10 used on input line 4.
(pdftex.def)             Requested size: 614.67285pt x 345.75346pt.
File: Exhibits/CompanyInfo/IKomekPresentation/IkomekPresentation.pdf Graphic file (type pdf)
<use Exhibits/CompanyInfo/IKomekPresentation/IkomekPresentation.pdf, page 10>
Package pdftex.def Info: Exhibits/CompanyInfo/IKomekPresentation/IkomekPresentation.pdf , page10 used on input line 4.
(pdftex.def)             Requested size: 614.67285pt x 345.75346pt.


File: Exhibits/CompanyInfo/IKomekPresentation/IkomekPresentation.pdf Graphic file (type pdf)
<use Exhibits/CompanyInfo/IKomekPresentation/IkomekPresentation.pdf, page 10>
Package pdftex.def Info: Exhibits/CompanyInfo/IKomekPresentation/IkomekPresentation.pdf , page10 used on input line 4.
(pdftex.def)             Requested size: 614.67285pt x 345.75346pt.
[272

 <./Exhibits/CompanyInfo/IKomekPresentation/IkomekPresentation.pdf>]
<Exhibits/CompanyInfo/IKomekPresentation/IkomekPresentation.pdf, id=5278, page=11, 963.6pt x 542.025pt>
File: Exhibits/CompanyInfo/IKomekPresentation/IkomekPresentation.pdf Graphic file (type pdf)
<use Exhibits/CompanyInfo/IKomekPresentation/IkomekPresentation.pdf, page 11>
Package pdftex.def Info: Exhibits/CompanyInfo/IKomekPresentation/IkomekPresentation.pdf , page11 used on input line 4.
(pdftex.def)             Requested size: 614.67285pt x 345.75346pt.
File: Exhibits/CompanyInfo/IKomekPresentation/IkomekPresentation.pdf Graphic file (type pdf)
<use Exhibits/CompanyInfo/IKomekPresentation/IkomekPresentation.pdf, page 11>
Package pdftex.def Info: Exhibits/CompanyInfo/IKomekPresentation/IkomekPresentation.pdf , page11 used on input line 4.
(pdftex.def)             Requested size: 614.67285pt x 345.75346pt.


File: Exhibits/CompanyInfo/IKomekPresentation/IkomekPresentation.pdf Graphic file (type pdf)
<use Exhibits/CompanyInfo/IKomekPresentation/IkomekPresentation.pdf, page 11>
Package pdftex.def Info: Exhibits/CompanyInfo/IKomekPresentation/IkomekPresentation.pdf , page11 used on input line 4.
(pdftex.def)             Requested size: 614.67285pt x 345.75346pt.
[273

 <./Exhibits/CompanyInfo/IKomekPresentation/IkomekPresentation.pdf>]) (./Exhibits/CompanyInfo/IKomekPress/IKomekPress.tex

[274


]
<Exhibits/CompanyInfo/IKomekPress/IKomekForbes1.jpeg, id=5299, 1740.5025pt x 15060.265pt>
File: Exhibits/CompanyInfo/IKomekPress/IKomekForbes1.jpeg Graphic file (type jpg)
<use Exhibits/CompanyInfo/IKomekPress/IKomekForbes1.jpeg>
Package pdftex.def Info: Exhibits/CompanyInfo/IKomekPress/IKomekForbes1.jpeg  used on input line 5.
(pdftex.def)             Requested size: 470.05193pt x 4067.24524pt.


[275

]
Overfull \vbox (3391.77715pt too high) has occurred while \output is active []



[276 <./Exhibits/CompanyInfo/IKomekPress/IKomekForbes1.jpeg>]
<Exhibits/CompanyInfo/IKomekPress/IKomekForbes2.jpeg, id=5308, 1740.5025pt x 4368.32pt>
File: Exhibits/CompanyInfo/IKomekPress/IKomekForbes2.jpeg Graphic file (type jpg)
<use Exhibits/CompanyInfo/IKomekPress/IKomekForbes2.jpeg>
Package pdftex.def Info: Exhibits/CompanyInfo/IKomekPress/IKomekForbes2.jpeg  used on input line 10.
(pdftex.def)             Requested size: 470.05193pt x 1179.72882pt.

Overfull \vbox (504.26073pt too high) has occurred while \output is active []



[277 <./Exhibits/CompanyInfo/IKomekPress/IKomekForbes2.jpeg>]
<Exhibits/CompanyInfo/IKomekPress/IKomekPress3.jpeg, id=5314, 1720.4275pt x 15959.625pt>
File: Exhibits/CompanyInfo/IKomekPress/IKomekPress3.jpeg Graphic file (type jpg)
<use Exhibits/CompanyInfo/IKomekPress/IKomekPress3.jpeg>
Package pdftex.def Info: Exhibits/CompanyInfo/IKomekPress/IKomekPress3.jpeg  used on input line 15.
(pdftex.def)             Requested size: 470.05193pt x 4360.29652pt.

Overfull \vbox (3684.82843pt too high) has occurred while \output is active []



[278 <./Exhibits/CompanyInfo/IKomekPress/IKomekPress3.jpeg>]) (./Exhibits/CompanyInfo/IKomekSenate/IKomekSenate.tex

[279

]
<Exhibits/CompanyInfo/IKomekSenate/IKomekSenate.png, id=5324, 1031.855pt x 878.28125pt>
File: Exhibits/CompanyInfo/IKomekSenate/IKomekSenate.png Graphic file (type png)
<use Exhibits/CompanyInfo/IKomekSenate/IKomekSenate.png>
Package pdftex.def Info: Exhibits/CompanyInfo/IKomekSenate/IKomekSenate.png  used on input line 5.
(pdftex.def)             Requested size: 470.05193pt x 400.08765pt.
)

[280

 <./Exhibits/CompanyInfo/IKomekSenate/IKomekSenate.png>] (./Exhibits/CompanyInfo/STSSiteShot/STSSiteShot.tex

[281

]
<Exhibits/CompanyInfo/STSSiteShot/STSSiteShot1.png, id=5335, 929.4725pt x 862.22125pt>
File: Exhibits/CompanyInfo/STSSiteShot/STSSiteShot1.png Graphic file (type png)
<use Exhibits/CompanyInfo/STSSiteShot/STSSiteShot1.png>
Package pdftex.def Info: Exhibits/CompanyInfo/STSSiteShot/STSSiteShot1.png  used on input line 5.
(pdftex.def)             Requested size: 470.05193pt x 436.03006pt.


[282

 <./Exhibits/CompanyInfo/STSSiteShot/STSSiteShot1.png>]
<Exhibits/CompanyInfo/STSSiteShot/STSSiteShot2.png, id=5341, 926.46124pt x 875.27pt>
File: Exhibits/CompanyInfo/STSSiteShot/STSSiteShot2.png Graphic file (type png)
<use Exhibits/CompanyInfo/STSSiteShot/STSSiteShot2.png>
Package pdftex.def Info: Exhibits/CompanyInfo/STSSiteShot/STSSiteShot2.png  used on input line 10.
(pdftex.def)             Requested size: 470.05193pt x 444.08464pt.


[283 <./Exhibits/CompanyInfo/STSSiteShot/STSSiteShot2.png>]
<Exhibits/CompanyInfo/STSSiteShot/STSSiteShot3.png, id=5348, 917.4275pt x 553.56813pt>
File: Exhibits/CompanyInfo/STSSiteShot/STSSiteShot3.png Graphic file (type png)
<use Exhibits/CompanyInfo/STSSiteShot/STSSiteShot3.png>
Package pdftex.def Info: Exhibits/CompanyInfo/STSSiteShot/STSSiteShot3.png  used on input line 15.
(pdftex.def)             Requested size: 470.05193pt x 283.62526pt.


[284 <./Exhibits/CompanyInfo/STSSiteShot/STSSiteShot3.png>]
<Exhibits/CompanyInfo/STSSiteShot/STSSiteShot4.png, id=5354, 921.4425pt x 874.26625pt>
File: Exhibits/CompanyInfo/STSSiteShot/STSSiteShot4.png Graphic file (type png)
<use Exhibits/CompanyInfo/STSSiteShot/STSSiteShot4.png>
Package pdftex.def Info: Exhibits/CompanyInfo/STSSiteShot/STSSiteShot4.png  used on input line 20.
(pdftex.def)             Requested size: 470.05193pt x 445.97661pt.
)

[285 <./Exhibits/CompanyInfo/STSSiteShot/STSSiteShot4.png>] (./Exhibits/CompanyInfo/STSInstagramShot/STSInstagramShot.tex

[286

]
<Exhibits/CompanyInfo/STSInstagramShot/STSInstagramShot.png, id=5366, 797.98125pt x 762.85pt>
File: Exhibits/CompanyInfo/STSInstagramShot/STSInstagramShot.png Graphic file (type png)
<use Exhibits/CompanyInfo/STSInstagramShot/STSInstagramShot.png>
Package pdftex.def Info: Exhibits/CompanyInfo/STSInstagramShot/STSInstagramShot.png  used on input line 5.
(pdftex.def)             Requested size: 470.05193pt x 449.35591pt.
)

[287

 <./Exhibits/CompanyInfo/STSInstagramShot/STSInstagramShot.png>] (./Exhibits/CompanyInfo/EQKSiteShot/EQKSiteShot.tex

[288

]
<Exhibits/CompanyInfo/EQKSiteShot/EQKSiteShot1.png, id=5377, 772.8875pt x 878.28125pt>
File: Exhibits/CompanyInfo/EQKSiteShot/EQKSiteShot1.png Graphic file (type png)
<use Exhibits/CompanyInfo/EQKSiteShot/EQKSiteShot1.png>
Package pdftex.def Info: Exhibits/CompanyInfo/EQKSiteShot/EQKSiteShot1.png  used on input line 5.
(pdftex.def)             Requested size: 470.05193pt x 534.156pt.


[289

 <./Exhibits/CompanyInfo/EQKSiteShot/EQKSiteShot1.png>]
<Exhibits/CompanyInfo/EQKSiteShot/EQKSiteShot2.png, id=5384, 779.91376pt x 791.95876pt>
File: Exhibits/CompanyInfo/EQKSiteShot/EQKSiteShot2.png Graphic file (type png)
<use Exhibits/CompanyInfo/EQKSiteShot/EQKSiteShot2.png>
Package pdftex.def Info: Exhibits/CompanyInfo/EQKSiteShot/EQKSiteShot2.png  used on input line 10.
(pdftex.def)             Requested size: 470.05193pt x 477.30576pt.


[290 <./Exhibits/CompanyInfo/EQKSiteShot/EQKSiteShot2.png>]
<Exhibits/CompanyInfo/EQKSiteShot/EQKSiteShot3.png, id=5390, 763.85374pt x 871.255pt>
File: Exhibits/CompanyInfo/EQKSiteShot/EQKSiteShot3.png Graphic file (type png)
<use Exhibits/CompanyInfo/EQKSiteShot/EQKSiteShot3.png>
Package pdftex.def Info: Exhibits/CompanyInfo/EQKSiteShot/EQKSiteShot3.png  used on input line 15.
(pdftex.def)             Requested size: 470.05193pt x 536.14436pt.
)

[291 <./Exhibits/CompanyInfo/EQKSiteShot/EQKSiteShot3.png>] (./Exhibits/CompanyInfo/EQKInstagramShot/EQKInstagramShot.tex

[292

]
<Exhibits/CompanyInfo/EQKInstagramShot/EQKInstagramShot.png, id=5401, 803.0pt x 789.95125pt>
File: Exhibits/CompanyInfo/EQKInstagramShot/EQKInstagramShot.png Graphic file (type png)
<use Exhibits/CompanyInfo/EQKInstagramShot/EQKInstagramShot.png>
Package pdftex.def Info: Exhibits/CompanyInfo/EQKInstagramShot/EQKInstagramShot.png  used on input line 5.
(pdftex.def)             Requested size: 470.05193pt x 462.42699pt.
)

[293

 <./Exhibits/CompanyInfo/EQKInstagramShot/EQKInstagramShot.png>] (./Exhibits/CompanyInfo/AINSiteShot/AINSiteShot.tex

[294

]
<Exhibits/CompanyInfo/AINSiteShot/AINSiteShot.png, id=5412, 483.8075pt x 3011.25pt>
File: Exhibits/CompanyInfo/AINSiteShot/AINSiteShot.png Graphic file (type png)
<use Exhibits/CompanyInfo/AINSiteShot/AINSiteShot.png>
Package pdftex.def Info: Exhibits/CompanyInfo/AINSiteShot/AINSiteShot.png  used on input line 5.
(pdftex.def)             Requested size: 97.6678pt x 607.89093pt.
)

[295

 <./Exhibits/CompanyInfo/AINSiteShot/AINSiteShot.png>] (./Exhibits/CompanyInfo/AINInstagramShot/AINInstagramShot.tex

[296

]
<Exhibits/CompanyInfo/AINInstagramShot/AINInstagramShot.png, id=5424, 804.00375pt x 861.2175pt>
File: Exhibits/CompanyInfo/AINInstagramShot/AINInstagramShot.png Graphic file (type png)
<use Exhibits/CompanyInfo/AINInstagramShot/AINInstagramShot.png>
Package pdftex.def Info: Exhibits/CompanyInfo/AINInstagramShot/AINInstagramShot.png  used on input line 5.
(pdftex.def)             Requested size: 470.05193pt x 503.50139pt.
)

[297

 <./Exhibits/CompanyInfo/AINInstagramShot/AINInstagramShot.png>] (./Exhibits/CompanyInfo/KasperskyBBC/KasperskyBBC.tex

[298

]
<Exhibits/CompanyInfo/KasperskyBBC/KasperskyBBC1.png, id=5435, 718.685pt x 880.28876pt>
File: Exhibits/CompanyInfo/KasperskyBBC/KasperskyBBC1.png Graphic file (type png)
<use Exhibits/CompanyInfo/KasperskyBBC/KasperskyBBC1.png>
Package pdftex.def Info: Exhibits/CompanyInfo/KasperskyBBC/KasperskyBBC1.png  used on input line 5.
(pdftex.def)             Requested size: 470.05193pt x 575.76729pt.


[299

 <./Exhibits/CompanyInfo/KasperskyBBC/KasperskyBBC1.png>]
<Exhibits/CompanyInfo/KasperskyBBC/KasperskyBBC2.png, id=5441, 704.6325pt x 869.2475pt>
File: Exhibits/CompanyInfo/KasperskyBBC/KasperskyBBC2.png Graphic file (type png)
<use Exhibits/CompanyInfo/KasperskyBBC/KasperskyBBC2.png>
Package pdftex.def Info: Exhibits/CompanyInfo/KasperskyBBC/KasperskyBBC2.png  used on input line 9.
(pdftex.def)             Requested size: 470.05193pt x 579.85945pt.
)

[300 <./Exhibits/CompanyInfo/KasperskyBBC/KasperskyBBC2.png>] (./Exhibits/CompanyInfo/KasperskyAVTest2024/KasperskyAVTest2024.tex

[301

]
<Exhibits/CompanyInfo/KasperskyAVTest2024/KasperskyAVTest20241.png, id=5453, 816.04875pt x 873.2625pt>
File: Exhibits/CompanyInfo/KasperskyAVTest2024/KasperskyAVTest20241.png Graphic file (type png)
<use Exhibits/CompanyInfo/KasperskyAVTest2024/KasperskyAVTest20241.png>
Package pdftex.def Info: Exhibits/CompanyInfo/KasperskyAVTest2024/KasperskyAVTest20241.png  used on input line 5.
(pdftex.def)             Requested size: 470.05193pt x 503.0148pt.


[302

 <./Exhibits/CompanyInfo/KasperskyAVTest2024/KasperskyAVTest20241.png>]
<Exhibits/CompanyInfo/KasperskyAVTest2024/KasperskyAVTest20242.png, id=5459, 813.0375pt x 868.24374pt>
File: Exhibits/CompanyInfo/KasperskyAVTest2024/KasperskyAVTest20242.png Graphic file (type png)
<use Exhibits/CompanyInfo/KasperskyAVTest2024/KasperskyAVTest20242.png>
Package pdftex.def Info: Exhibits/CompanyInfo/KasperskyAVTest2024/KasperskyAVTest20242.png  used on input line 9.
(pdftex.def)             Requested size: 470.05193pt x 501.96542pt.


[303 <./Exhibits/CompanyInfo/KasperskyAVTest2024/KasperskyAVTest20242.png>]
<Exhibits/CompanyInfo/KasperskyAVTest2024/KasperskyAVTest20243.png, id=5465, 816.04875pt x 878.28125pt>
File: Exhibits/CompanyInfo/KasperskyAVTest2024/KasperskyAVTest20243.png Graphic file (type png)
<use Exhibits/CompanyInfo/KasperskyAVTest2024/KasperskyAVTest20243.png>
Package pdftex.def Info: Exhibits/CompanyInfo/KasperskyAVTest2024/KasperskyAVTest20243.png  used on input line 13.
(pdftex.def)             Requested size: 470.05193pt x 505.9057pt.
)

[304 <./Exhibits/CompanyInfo/KasperskyAVTest2024/KasperskyAVTest20243.png>] (./Exhibits/CompanyInfo/KasperskyAVComparatives/KasperskyAVComparatives.tex

[305

]
<Exhibits/CompanyInfo/KasperskyAVComparatives/KasperskyAVComparatives.png, id=5476, 982.67125pt x 735.74875pt>
File: Exhibits/CompanyInfo/KasperskyAVComparatives/KasperskyAVComparatives.png Graphic file (type png)
<use Exhibits/CompanyInfo/KasperskyAVComparatives/KasperskyAVComparatives.png>
Package pdftex.def Info: Exhibits/CompanyInfo/KasperskyAVComparatives/KasperskyAVComparatives.png  used on input line 5.
(pdftex.def)             Requested size: 470.05193pt x 351.94292pt.
)

[306

 <./Exhibits/CompanyInfo/KasperskyAVComparatives/KasperskyAVComparatives.png>]) (./Exhibits/Contributions/Contributions.tex (./Exhibits/Contributions/STSContribution/STSContribution.tex

[307

]
<Exhibits/Contributions/STSContribution/STSContribution.pdf, id=5488, 598.235pt x 845.1575pt>
File: Exhibits/Contributions/STSContribution/STSContribution.pdf Graphic file (type pdf)
<use Exhibits/Contributions/STSContribution/STSContribution.pdf>
Package pdftex.def Info: Exhibits/Contributions/STSContribution/STSContribution.pdf  used on input line 4.
(pdftex.def)             Requested size: 598.23354pt x 845.15544pt.
<Exhibits/Contributions/STSContribution/STSContribution.pdf, id=5490, page=1, 598.235pt x 845.1575pt>
File: Exhibits/Contributions/STSContribution/STSContribution.pdf Graphic file (type pdf)
<use Exhibits/Contributions/STSContribution/STSContribution.pdf, page 1>
Package pdftex.def Info: Exhibits/Contributions/STSContribution/STSContribution.pdf , page1 used on input line 4.
(pdftex.def)             Requested size: 598.23354pt x 845.15544pt.
File: Exhibits/Contributions/STSContribution/STSContribution.pdf Graphic file (type pdf)
<use Exhibits/Contributions/STSContribution/STSContribution.pdf, page 1>
Package pdftex.def Info: Exhibits/Contributions/STSContribution/STSContribution.pdf , page1 used on input line 4.
(pdftex.def)             Requested size: 562.80652pt x 795.10587pt.
File: Exhibits/Contributions/STSContribution/STSContribution.pdf Graphic file (type pdf)
<use Exhibits/Contributions/STSContribution/STSContribution.pdf, page 1>
Package pdftex.def Info: Exhibits/Contributions/STSContribution/STSContribution.pdf , page1 used on input line 4.
(pdftex.def)             Requested size: 562.80652pt x 795.10587pt.
File: Exhibits/Contributions/STSContribution/STSContribution.pdf Graphic file (type pdf)
<use Exhibits/Contributions/STSContribution/STSContribution.pdf, page 1>
Package pdftex.def Info: Exhibits/Contributions/STSContribution/STSContribution.pdf , page1 used on input line 4.
(pdftex.def)             Requested size: 562.80652pt x 795.10587pt.


File: Exhibits/Contributions/STSContribution/STSContribution.pdf Graphic file (type pdf)
<use Exhibits/Contributions/STSContribution/STSContribution.pdf, page 1>
Package pdftex.def Info: Exhibits/Contributions/STSContribution/STSContribution.pdf , page1 used on input line 4.
(pdftex.def)             Requested size: 562.80652pt x 795.10587pt.
[308


 <./Exhibits/Contributions/STSContribution/STSContribution.pdf>]
<Exhibits/Contributions/STSContribution/STSContribution.pdf, id=5497, page=2, 598.235pt x 845.1575pt>
File: Exhibits/Contributions/STSContribution/STSContribution.pdf Graphic file (type pdf)
<use Exhibits/Contributions/STSContribution/STSContribution.pdf, page 2>
Package pdftex.def Info: Exhibits/Contributions/STSContribution/STSContribution.pdf , page2 used on input line 4.
(pdftex.def)             Requested size: 562.80652pt x 795.10587pt.
File: Exhibits/Contributions/STSContribution/STSContribution.pdf Graphic file (type pdf)
<use Exhibits/Contributions/STSContribution/STSContribution.pdf, page 2>
Package pdftex.def Info: Exhibits/Contributions/STSContribution/STSContribution.pdf , page2 used on input line 4.
(pdftex.def)             Requested size: 562.80652pt x 795.10587pt.


File: Exhibits/Contributions/STSContribution/STSContribution.pdf Graphic file (type pdf)
<use Exhibits/Contributions/STSContribution/STSContribution.pdf, page 2>
Package pdftex.def Info: Exhibits/Contributions/STSContribution/STSContribution.pdf , page2 used on input line 4.
(pdftex.def)             Requested size: 562.80652pt x 795.10587pt.
[309

 <./Exhibits/Contributions/STSContribution/STSContribution.pdf>]) (./Exhibits/Contributions/TokayevLetter/TokayevLetter.tex

[310


]
<Exhibits/Contributions/TokayevLetter/TokayevLetter.pdf, id=5509, 597.31157pt x 844.83629pt>
File: Exhibits/Contributions/TokayevLetter/TokayevLetter.pdf Graphic file (type pdf)
<use Exhibits/Contributions/TokayevLetter/TokayevLetter.pdf>
Package pdftex.def Info: Exhibits/Contributions/TokayevLetter/TokayevLetter.pdf  used on input line 4.
(pdftex.def)             Requested size: 597.3101pt x 844.83423pt.
<Exhibits/Contributions/TokayevLetter/TokayevLetter.pdf, id=5511, page=1, 597.31157pt x 844.83629pt>
File: Exhibits/Contributions/TokayevLetter/TokayevLetter.pdf Graphic file (type pdf)
<use Exhibits/Contributions/TokayevLetter/TokayevLetter.pdf, page 1>
Package pdftex.def Info: Exhibits/Contributions/TokayevLetter/TokayevLetter.pdf , page1 used on input line 4.
(pdftex.def)             Requested size: 597.3101pt x 844.83423pt.
File: Exhibits/Contributions/TokayevLetter/TokayevLetter.pdf Graphic file (type pdf)
<use Exhibits/Contributions/TokayevLetter/TokayevLetter.pdf, page 1>
Package pdftex.def Info: Exhibits/Contributions/TokayevLetter/TokayevLetter.pdf , page1 used on input line 4.
(pdftex.def)             Requested size: 562.60312pt x 795.74474pt.
File: Exhibits/Contributions/TokayevLetter/TokayevLetter.pdf Graphic file (type pdf)
<use Exhibits/Contributions/TokayevLetter/TokayevLetter.pdf, page 1>
Package pdftex.def Info: Exhibits/Contributions/TokayevLetter/TokayevLetter.pdf , page1 used on input line 4.
(pdftex.def)             Requested size: 562.60312pt x 795.74474pt.
File: Exhibits/Contributions/TokayevLetter/TokayevLetter.pdf Graphic file (type pdf)
<use Exhibits/Contributions/TokayevLetter/TokayevLetter.pdf, page 1>
Package pdftex.def Info: Exhibits/Contributions/TokayevLetter/TokayevLetter.pdf , page1 used on input line 4.
(pdftex.def)             Requested size: 562.60312pt x 795.74474pt.


File: Exhibits/Contributions/TokayevLetter/TokayevLetter.pdf Graphic file (type pdf)
<use Exhibits/Contributions/TokayevLetter/TokayevLetter.pdf, page 1>
Package pdftex.def Info: Exhibits/Contributions/TokayevLetter/TokayevLetter.pdf , page1 used on input line 4.
(pdftex.def)             Requested size: 562.60312pt x 795.74474pt.
[311


 <./Exhibits/Contributions/TokayevLetter/TokayevLetter.pdf, page is rotated 90 degrees>]
<Exhibits/Contributions/TokayevLetter/TokayevLetter.pdf, id=5518, page=2, 597.31157pt x 844.83629pt>
File: Exhibits/Contributions/TokayevLetter/TokayevLetter.pdf Graphic file (type pdf)
<use Exhibits/Contributions/TokayevLetter/TokayevLetter.pdf, page 2>
Package pdftex.def Info: Exhibits/Contributions/TokayevLetter/TokayevLetter.pdf , page2 used on input line 4.
(pdftex.def)             Requested size: 562.60312pt x 795.74474pt.
File: Exhibits/Contributions/TokayevLetter/TokayevLetter.pdf Graphic file (type pdf)
<use Exhibits/Contributions/TokayevLetter/TokayevLetter.pdf, page 2>
Package pdftex.def Info: Exhibits/Contributions/TokayevLetter/TokayevLetter.pdf , page2 used on input line 4.
(pdftex.def)             Requested size: 562.60312pt x 795.74474pt.


File: Exhibits/Contributions/TokayevLetter/TokayevLetter.pdf Graphic file (type pdf)
<use Exhibits/Contributions/TokayevLetter/TokayevLetter.pdf, page 2>
Package pdftex.def Info: Exhibits/Contributions/TokayevLetter/TokayevLetter.pdf , page2 used on input line 4.
(pdftex.def)             Requested size: 562.60312pt x 795.74474pt.
[312

 <./Exhibits/Contributions/TokayevLetter/TokayevLetter.pdf, page is rotated 90 degrees>]
<Exhibits/Contributions/TokayevLetter/TokayevLetter.pdf, id=5524, page=3, 597.31157pt x 844.83629pt>
File: Exhibits/Contributions/TokayevLetter/TokayevLetter.pdf Graphic file (type pdf)
<use Exhibits/Contributions/TokayevLetter/TokayevLetter.pdf, page 3>
Package pdftex.def Info: Exhibits/Contributions/TokayevLetter/TokayevLetter.pdf , page3 used on input line 4.
(pdftex.def)             Requested size: 562.60312pt x 795.74474pt.
File: Exhibits/Contributions/TokayevLetter/TokayevLetter.pdf Graphic file (type pdf)
<use Exhibits/Contributions/TokayevLetter/TokayevLetter.pdf, page 3>
Package pdftex.def Info: Exhibits/Contributions/TokayevLetter/TokayevLetter.pdf , page3 used on input line 4.
(pdftex.def)             Requested size: 562.60312pt x 795.74474pt.


File: Exhibits/Contributions/TokayevLetter/TokayevLetter.pdf Graphic file (type pdf)
<use Exhibits/Contributions/TokayevLetter/TokayevLetter.pdf, page 3>
Package pdftex.def Info: Exhibits/Contributions/TokayevLetter/TokayevLetter.pdf , page3 used on input line 4.
(pdftex.def)             Requested size: 562.60312pt x 795.74474pt.
[313

 <./Exhibits/Contributions/TokayevLetter/TokayevLetter.pdf, page is rotated 90 degrees>]) (./Exhibits/Contributions/TokayevCV/TokayevCV.tex

[314


]
<Exhibits/Contributions/TokayevCV/TokayevCV.pdf, id=5536, 597.55246pt x 845.07718pt>
File: Exhibits/Contributions/TokayevCV/TokayevCV.pdf Graphic file (type pdf)
<use Exhibits/Contributions/TokayevCV/TokayevCV.pdf>
Package pdftex.def Info: Exhibits/Contributions/TokayevCV/TokayevCV.pdf  used on input line 4.
(pdftex.def)             Requested size: 597.551pt x 845.07512pt.
<Exhibits/Contributions/TokayevCV/TokayevCV.pdf, id=5538, page=1, 597.55246pt x 845.07718pt>
File: Exhibits/Contributions/TokayevCV/TokayevCV.pdf Graphic file (type pdf)
<use Exhibits/Contributions/TokayevCV/TokayevCV.pdf, page 1>
Package pdftex.def Info: Exhibits/Contributions/TokayevCV/TokayevCV.pdf , page1 used on input line 4.
(pdftex.def)             Requested size: 597.551pt x 845.07512pt.
File: Exhibits/Contributions/TokayevCV/TokayevCV.pdf Graphic file (type pdf)
<use Exhibits/Contributions/TokayevCV/TokayevCV.pdf, page 1>
Package pdftex.def Info: Exhibits/Contributions/TokayevCV/TokayevCV.pdf , page1 used on input line 4.
(pdftex.def)             Requested size: 562.1644pt x 795.0303pt.
File: Exhibits/Contributions/TokayevCV/TokayevCV.pdf Graphic file (type pdf)
<use Exhibits/Contributions/TokayevCV/TokayevCV.pdf, page 1>
Package pdftex.def Info: Exhibits/Contributions/TokayevCV/TokayevCV.pdf , page1 used on input line 4.
(pdftex.def)             Requested size: 562.1644pt x 795.0303pt.
File: Exhibits/Contributions/TokayevCV/TokayevCV.pdf Graphic file (type pdf)
<use Exhibits/Contributions/TokayevCV/TokayevCV.pdf, page 1>
Package pdftex.def Info: Exhibits/Contributions/TokayevCV/TokayevCV.pdf , page1 used on input line 4.
(pdftex.def)             Requested size: 562.1644pt x 795.0303pt.


File: Exhibits/Contributions/TokayevCV/TokayevCV.pdf Graphic file (type pdf)
<use Exhibits/Contributions/TokayevCV/TokayevCV.pdf, page 1>
Package pdftex.def Info: Exhibits/Contributions/TokayevCV/TokayevCV.pdf , page1 used on input line 4.
(pdftex.def)             Requested size: 562.1644pt x 795.0303pt.
[315


 <./Exhibits/Contributions/TokayevCV/TokayevCV.pdf>]
<Exhibits/Contributions/TokayevCV/TokayevCV.pdf, id=5569, page=2, 597.55246pt x 845.07718pt>
File: Exhibits/Contributions/TokayevCV/TokayevCV.pdf Graphic file (type pdf)
<use Exhibits/Contributions/TokayevCV/TokayevCV.pdf, page 2>
Package pdftex.def Info: Exhibits/Contributions/TokayevCV/TokayevCV.pdf , page2 used on input line 4.
(pdftex.def)             Requested size: 562.1644pt x 795.0303pt.
File: Exhibits/Contributions/TokayevCV/TokayevCV.pdf Graphic file (type pdf)
<use Exhibits/Contributions/TokayevCV/TokayevCV.pdf, page 2>
Package pdftex.def Info: Exhibits/Contributions/TokayevCV/TokayevCV.pdf , page2 used on input line 4.
(pdftex.def)             Requested size: 562.1644pt x 795.0303pt.


File: Exhibits/Contributions/TokayevCV/TokayevCV.pdf Graphic file (type pdf)
<use Exhibits/Contributions/TokayevCV/TokayevCV.pdf, page 2>
Package pdftex.def Info: Exhibits/Contributions/TokayevCV/TokayevCV.pdf , page2 used on input line 4.
(pdftex.def)             Requested size: 562.1644pt x 795.0303pt.
[316

 <./Exhibits/Contributions/TokayevCV/TokayevCV.pdf>]
<Exhibits/Contributions/TokayevCV/TokayevCV.pdf, id=5578, page=3, 597.55246pt x 845.07718pt>
File: Exhibits/Contributions/TokayevCV/TokayevCV.pdf Graphic file (type pdf)
<use Exhibits/Contributions/TokayevCV/TokayevCV.pdf, page 3>
Package pdftex.def Info: Exhibits/Contributions/TokayevCV/TokayevCV.pdf , page3 used on input line 4.
(pdftex.def)             Requested size: 562.1644pt x 795.0303pt.
File: Exhibits/Contributions/TokayevCV/TokayevCV.pdf Graphic file (type pdf)
<use Exhibits/Contributions/TokayevCV/TokayevCV.pdf, page 3>
Package pdftex.def Info: Exhibits/Contributions/TokayevCV/TokayevCV.pdf , page3 used on input line 4.
(pdftex.def)             Requested size: 562.1644pt x 795.0303pt.


File: Exhibits/Contributions/TokayevCV/TokayevCV.pdf Graphic file (type pdf)
<use Exhibits/Contributions/TokayevCV/TokayevCV.pdf, page 3>
Package pdftex.def Info: Exhibits/Contributions/TokayevCV/TokayevCV.pdf , page3 used on input line 4.
(pdftex.def)             Requested size: 562.1644pt x 795.0303pt.
[317

 <./Exhibits/Contributions/TokayevCV/TokayevCV.pdf>]) (./Exhibits/Contributions/KaharLetter/KaharLetter.tex

[318


]
<Exhibits/Contributions/KaharLetter/KaharLetter.pdf, id=5589, 598.235pt x 845.1575pt>
File: Exhibits/Contributions/KaharLetter/KaharLetter.pdf Graphic file (type pdf)
<use Exhibits/Contributions/KaharLetter/KaharLetter.pdf>
Package pdftex.def Info: Exhibits/Contributions/KaharLetter/KaharLetter.pdf  used on input line 4.
(pdftex.def)             Requested size: 598.23354pt x 845.15544pt.
<Exhibits/Contributions/KaharLetter/KaharLetter.pdf, id=5591, page=1, 598.235pt x 845.1575pt>
File: Exhibits/Contributions/KaharLetter/KaharLetter.pdf Graphic file (type pdf)
<use Exhibits/Contributions/KaharLetter/KaharLetter.pdf, page 1>
Package pdftex.def Info: Exhibits/Contributions/KaharLetter/KaharLetter.pdf , page1 used on input line 4.
(pdftex.def)             Requested size: 598.23354pt x 845.15544pt.
File: Exhibits/Contributions/KaharLetter/KaharLetter.pdf Graphic file (type pdf)
<use Exhibits/Contributions/KaharLetter/KaharLetter.pdf, page 1>
Package pdftex.def Info: Exhibits/Contributions/KaharLetter/KaharLetter.pdf , page1 used on input line 4.
(pdftex.def)             Requested size: 562.80652pt x 795.10587pt.
File: Exhibits/Contributions/KaharLetter/KaharLetter.pdf Graphic file (type pdf)
<use Exhibits/Contributions/KaharLetter/KaharLetter.pdf, page 1>
Package pdftex.def Info: Exhibits/Contributions/KaharLetter/KaharLetter.pdf , page1 used on input line 4.
(pdftex.def)             Requested size: 562.80652pt x 795.10587pt.
File: Exhibits/Contributions/KaharLetter/KaharLetter.pdf Graphic file (type pdf)
<use Exhibits/Contributions/KaharLetter/KaharLetter.pdf, page 1>
Package pdftex.def Info: Exhibits/Contributions/KaharLetter/KaharLetter.pdf , page1 used on input line 4.
(pdftex.def)             Requested size: 562.80652pt x 795.10587pt.


File: Exhibits/Contributions/KaharLetter/KaharLetter.pdf Graphic file (type pdf)
<use Exhibits/Contributions/KaharLetter/KaharLetter.pdf, page 1>
Package pdftex.def Info: Exhibits/Contributions/KaharLetter/KaharLetter.pdf , page1 used on input line 4.
(pdftex.def)             Requested size: 562.80652pt x 795.10587pt.
[319


 <./Exhibits/Contributions/KaharLetter/KaharLetter.pdf>]
<Exhibits/Contributions/KaharLetter/KaharLetter.pdf, id=5620, page=2, 598.235pt x 845.1575pt>
File: Exhibits/Contributions/KaharLetter/KaharLetter.pdf Graphic file (type pdf)
<use Exhibits/Contributions/KaharLetter/KaharLetter.pdf, page 2>
Package pdftex.def Info: Exhibits/Contributions/KaharLetter/KaharLetter.pdf , page2 used on input line 4.
(pdftex.def)             Requested size: 562.80652pt x 795.10587pt.
File: Exhibits/Contributions/KaharLetter/KaharLetter.pdf Graphic file (type pdf)
<use Exhibits/Contributions/KaharLetter/KaharLetter.pdf, page 2>
Package pdftex.def Info: Exhibits/Contributions/KaharLetter/KaharLetter.pdf , page2 used on input line 4.
(pdftex.def)             Requested size: 562.80652pt x 795.10587pt.


File: Exhibits/Contributions/KaharLetter/KaharLetter.pdf Graphic file (type pdf)
<use Exhibits/Contributions/KaharLetter/KaharLetter.pdf, page 2>
Package pdftex.def Info: Exhibits/Contributions/KaharLetter/KaharLetter.pdf , page2 used on input line 4.
(pdftex.def)             Requested size: 562.80652pt x 795.10587pt.
[320

 <./Exhibits/Contributions/KaharLetter/KaharLetter.pdf>]
<Exhibits/Contributions/KaharLetter/KaharLetter.pdf, id=5630, page=3, 598.235pt x 845.1575pt>
File: Exhibits/Contributions/KaharLetter/KaharLetter.pdf Graphic file (type pdf)
<use Exhibits/Contributions/KaharLetter/KaharLetter.pdf, page 3>
Package pdftex.def Info: Exhibits/Contributions/KaharLetter/KaharLetter.pdf , page3 used on input line 4.
(pdftex.def)             Requested size: 562.80652pt x 795.10587pt.
File: Exhibits/Contributions/KaharLetter/KaharLetter.pdf Graphic file (type pdf)
<use Exhibits/Contributions/KaharLetter/KaharLetter.pdf, page 3>
Package pdftex.def Info: Exhibits/Contributions/KaharLetter/KaharLetter.pdf , page3 used on input line 4.
(pdftex.def)             Requested size: 562.80652pt x 795.10587pt.


File: Exhibits/Contributions/KaharLetter/KaharLetter.pdf Graphic file (type pdf)
<use Exhibits/Contributions/KaharLetter/KaharLetter.pdf, page 3>
Package pdftex.def Info: Exhibits/Contributions/KaharLetter/KaharLetter.pdf , page3 used on input line 4.
(pdftex.def)             Requested size: 562.80652pt x 795.10587pt.
[321

 <./Exhibits/Contributions/KaharLetter/KaharLetter.pdf>]) (./Exhibits/Contributions/KaharCV/KaharCV.tex

[322


]
<Exhibits/Contributions/KaharCV/KaharCV.pdf, id=5640, 597.51233pt x 845.0471pt>
File: Exhibits/Contributions/KaharCV/KaharCV.pdf Graphic file (type pdf)
<use Exhibits/Contributions/KaharCV/KaharCV.pdf>
Package pdftex.def Info: Exhibits/Contributions/KaharCV/KaharCV.pdf  used on input line 4.
(pdftex.def)             Requested size: 597.51086pt x 845.04504pt.
<Exhibits/Contributions/KaharCV/KaharCV.pdf, id=5642, page=1, 597.51233pt x 845.0471pt>
File: Exhibits/Contributions/KaharCV/KaharCV.pdf Graphic file (type pdf)
<use Exhibits/Contributions/KaharCV/KaharCV.pdf, page 1>
Package pdftex.def Info: Exhibits/Contributions/KaharCV/KaharCV.pdf , page1 used on input line 4.
(pdftex.def)             Requested size: 597.51086pt x 845.04504pt.
File: Exhibits/Contributions/KaharCV/KaharCV.pdf Graphic file (type pdf)
<use Exhibits/Contributions/KaharCV/KaharCV.pdf, page 1>
Package pdftex.def Info: Exhibits/Contributions/KaharCV/KaharCV.pdf , page1 used on input line 4.
(pdftex.def)             Requested size: 562.12665pt x 795.00201pt.
File: Exhibits/Contributions/KaharCV/KaharCV.pdf Graphic file (type pdf)
<use Exhibits/Contributions/KaharCV/KaharCV.pdf, page 1>
Package pdftex.def Info: Exhibits/Contributions/KaharCV/KaharCV.pdf , page1 used on input line 4.
(pdftex.def)             Requested size: 562.12665pt x 795.00201pt.
File: Exhibits/Contributions/KaharCV/KaharCV.pdf Graphic file (type pdf)
<use Exhibits/Contributions/KaharCV/KaharCV.pdf, page 1>
Package pdftex.def Info: Exhibits/Contributions/KaharCV/KaharCV.pdf , page1 used on input line 4.
(pdftex.def)             Requested size: 562.12665pt x 795.00201pt.


File: Exhibits/Contributions/KaharCV/KaharCV.pdf Graphic file (type pdf)
<use Exhibits/Contributions/KaharCV/KaharCV.pdf, page 1>
Package pdftex.def Info: Exhibits/Contributions/KaharCV/KaharCV.pdf , page1 used on input line 4.
(pdftex.def)             Requested size: 562.12665pt x 795.00201pt.
[323


 <./Exhibits/Contributions/KaharCV/KaharCV.pdf>]
<Exhibits/Contributions/KaharCV/KaharCV.pdf, id=5670, page=2, 597.51233pt x 845.0471pt>
File: Exhibits/Contributions/KaharCV/KaharCV.pdf Graphic file (type pdf)
<use Exhibits/Contributions/KaharCV/KaharCV.pdf, page 2>
Package pdftex.def Info: Exhibits/Contributions/KaharCV/KaharCV.pdf , page2 used on input line 4.
(pdftex.def)             Requested size: 562.12665pt x 795.00201pt.
File: Exhibits/Contributions/KaharCV/KaharCV.pdf Graphic file (type pdf)
<use Exhibits/Contributions/KaharCV/KaharCV.pdf, page 2>
Package pdftex.def Info: Exhibits/Contributions/KaharCV/KaharCV.pdf , page2 used on input line 4.
(pdftex.def)             Requested size: 562.12665pt x 795.00201pt.


File: Exhibits/Contributions/KaharCV/KaharCV.pdf Graphic file (type pdf)
<use Exhibits/Contributions/KaharCV/KaharCV.pdf, page 2>
Package pdftex.def Info: Exhibits/Contributions/KaharCV/KaharCV.pdf , page2 used on input line 4.
(pdftex.def)             Requested size: 562.12665pt x 795.00201pt.
[324

 <./Exhibits/Contributions/KaharCV/KaharCV.pdf>]
<Exhibits/Contributions/KaharCV/KaharCV.pdf, id=5675, page=3, 597.51233pt x 845.0471pt>
File: Exhibits/Contributions/KaharCV/KaharCV.pdf Graphic file (type pdf)
<use Exhibits/Contributions/KaharCV/KaharCV.pdf, page 3>
Package pdftex.def Info: Exhibits/Contributions/KaharCV/KaharCV.pdf , page3 used on input line 4.
(pdftex.def)             Requested size: 562.12665pt x 795.00201pt.
File: Exhibits/Contributions/KaharCV/KaharCV.pdf Graphic file (type pdf)
<use Exhibits/Contributions/KaharCV/KaharCV.pdf, page 3>
Package pdftex.def Info: Exhibits/Contributions/KaharCV/KaharCV.pdf , page3 used on input line 4.
(pdftex.def)             Requested size: 562.12665pt x 795.00201pt.


File: Exhibits/Contributions/KaharCV/KaharCV.pdf Graphic file (type pdf)
<use Exhibits/Contributions/KaharCV/KaharCV.pdf, page 3>
Package pdftex.def Info: Exhibits/Contributions/KaharCV/KaharCV.pdf , page3 used on input line 4.
(pdftex.def)             Requested size: 562.12665pt x 795.00201pt.
[325

 <./Exhibits/Contributions/KaharCV/KaharCV.pdf>]) (./Exhibits/Contributions/PanchenkoLetter/PanchenkoLetter.tex

[326


]
<Exhibits/Contributions/PanchenkoLetter/PanchenkoLetter.pdf, id=5698, 598.235pt x 845.1575pt>
File: Exhibits/Contributions/PanchenkoLetter/PanchenkoLetter.pdf Graphic file (type pdf)
<use Exhibits/Contributions/PanchenkoLetter/PanchenkoLetter.pdf>
Package pdftex.def Info: Exhibits/Contributions/PanchenkoLetter/PanchenkoLetter.pdf  used on input line 4.
(pdftex.def)             Requested size: 598.23354pt x 845.15544pt.
<Exhibits/Contributions/PanchenkoLetter/PanchenkoLetter.pdf, id=5700, page=1, 598.235pt x 845.1575pt>
File: Exhibits/Contributions/PanchenkoLetter/PanchenkoLetter.pdf Graphic file (type pdf)
<use Exhibits/Contributions/PanchenkoLetter/PanchenkoLetter.pdf, page 1>
Package pdftex.def Info: Exhibits/Contributions/PanchenkoLetter/PanchenkoLetter.pdf , page1 used on input line 4.
(pdftex.def)             Requested size: 598.23354pt x 845.15544pt.
File: Exhibits/Contributions/PanchenkoLetter/PanchenkoLetter.pdf Graphic file (type pdf)
<use Exhibits/Contributions/PanchenkoLetter/PanchenkoLetter.pdf, page 1>
Package pdftex.def Info: Exhibits/Contributions/PanchenkoLetter/PanchenkoLetter.pdf , page1 used on input line 4.
(pdftex.def)             Requested size: 562.80652pt x 795.10587pt.
File: Exhibits/Contributions/PanchenkoLetter/PanchenkoLetter.pdf Graphic file (type pdf)
<use Exhibits/Contributions/PanchenkoLetter/PanchenkoLetter.pdf, page 1>
Package pdftex.def Info: Exhibits/Contributions/PanchenkoLetter/PanchenkoLetter.pdf , page1 used on input line 4.
(pdftex.def)             Requested size: 562.80652pt x 795.10587pt.
File: Exhibits/Contributions/PanchenkoLetter/PanchenkoLetter.pdf Graphic file (type pdf)
<use Exhibits/Contributions/PanchenkoLetter/PanchenkoLetter.pdf, page 1>
Package pdftex.def Info: Exhibits/Contributions/PanchenkoLetter/PanchenkoLetter.pdf , page1 used on input line 4.
(pdftex.def)             Requested size: 562.80652pt x 795.10587pt.


File: Exhibits/Contributions/PanchenkoLetter/PanchenkoLetter.pdf Graphic file (type pdf)
<use Exhibits/Contributions/PanchenkoLetter/PanchenkoLetter.pdf, page 1>
Package pdftex.def Info: Exhibits/Contributions/PanchenkoLetter/PanchenkoLetter.pdf , page1 used on input line 4.
(pdftex.def)             Requested size: 562.80652pt x 795.10587pt.
[327


 <./Exhibits/Contributions/PanchenkoLetter/PanchenkoLetter.pdf>]
<Exhibits/Contributions/PanchenkoLetter/PanchenkoLetter.pdf, id=5722, page=2, 598.235pt x 845.1575pt>
File: Exhibits/Contributions/PanchenkoLetter/PanchenkoLetter.pdf Graphic file (type pdf)
<use Exhibits/Contributions/PanchenkoLetter/PanchenkoLetter.pdf, page 2>
Package pdftex.def Info: Exhibits/Contributions/PanchenkoLetter/PanchenkoLetter.pdf , page2 used on input line 4.
(pdftex.def)             Requested size: 562.80652pt x 795.10587pt.
File: Exhibits/Contributions/PanchenkoLetter/PanchenkoLetter.pdf Graphic file (type pdf)
<use Exhibits/Contributions/PanchenkoLetter/PanchenkoLetter.pdf, page 2>
Package pdftex.def Info: Exhibits/Contributions/PanchenkoLetter/PanchenkoLetter.pdf , page2 used on input line 4.
(pdftex.def)             Requested size: 562.80652pt x 795.10587pt.


File: Exhibits/Contributions/PanchenkoLetter/PanchenkoLetter.pdf Graphic file (type pdf)
<use Exhibits/Contributions/PanchenkoLetter/PanchenkoLetter.pdf, page 2>
Package pdftex.def Info: Exhibits/Contributions/PanchenkoLetter/PanchenkoLetter.pdf , page2 used on input line 4.
(pdftex.def)             Requested size: 562.80652pt x 795.10587pt.
[328

 <./Exhibits/Contributions/PanchenkoLetter/PanchenkoLetter.pdf>]) (./Exhibits/Contributions/KenshimovLetter/KenshimovLetter.tex

[329


]
<Exhibits/Contributions/KenshimovLetter/KenshimovLetter.pdf, id=5732, 597.31157pt x 844.83629pt>
File: Exhibits/Contributions/KenshimovLetter/KenshimovLetter.pdf Graphic file (type pdf)
<use Exhibits/Contributions/KenshimovLetter/KenshimovLetter.pdf>
Package pdftex.def Info: Exhibits/Contributions/KenshimovLetter/KenshimovLetter.pdf  used on input line 4.
(pdftex.def)             Requested size: 597.3101pt x 844.83423pt.
<Exhibits/Contributions/KenshimovLetter/KenshimovLetter.pdf, id=5734, page=1, 597.31157pt x 844.83629pt>
File: Exhibits/Contributions/KenshimovLetter/KenshimovLetter.pdf Graphic file (type pdf)
<use Exhibits/Contributions/KenshimovLetter/KenshimovLetter.pdf, page 1>
Package pdftex.def Info: Exhibits/Contributions/KenshimovLetter/KenshimovLetter.pdf , page1 used on input line 4.
(pdftex.def)             Requested size: 597.3101pt x 844.83423pt.
File: Exhibits/Contributions/KenshimovLetter/KenshimovLetter.pdf Graphic file (type pdf)
<use Exhibits/Contributions/KenshimovLetter/KenshimovLetter.pdf, page 1>
Package pdftex.def Info: Exhibits/Contributions/KenshimovLetter/KenshimovLetter.pdf , page1 used on input line 4.
(pdftex.def)             Requested size: 562.60312pt x 795.74474pt.
File: Exhibits/Contributions/KenshimovLetter/KenshimovLetter.pdf Graphic file (type pdf)
<use Exhibits/Contributions/KenshimovLetter/KenshimovLetter.pdf, page 1>
Package pdftex.def Info: Exhibits/Contributions/KenshimovLetter/KenshimovLetter.pdf , page1 used on input line 4.
(pdftex.def)             Requested size: 562.60312pt x 795.74474pt.
File: Exhibits/Contributions/KenshimovLetter/KenshimovLetter.pdf Graphic file (type pdf)
<use Exhibits/Contributions/KenshimovLetter/KenshimovLetter.pdf, page 1>
Package pdftex.def Info: Exhibits/Contributions/KenshimovLetter/KenshimovLetter.pdf , page1 used on input line 4.
(pdftex.def)             Requested size: 562.60312pt x 795.74474pt.


File: Exhibits/Contributions/KenshimovLetter/KenshimovLetter.pdf Graphic file (type pdf)
<use Exhibits/Contributions/KenshimovLetter/KenshimovLetter.pdf, page 1>
Package pdftex.def Info: Exhibits/Contributions/KenshimovLetter/KenshimovLetter.pdf , page1 used on input line 4.
(pdftex.def)             Requested size: 562.60312pt x 795.74474pt.
[330


 <./Exhibits/Contributions/KenshimovLetter/KenshimovLetter.pdf, page is rotated 90 degrees>]
<Exhibits/Contributions/KenshimovLetter/KenshimovLetter.pdf, id=5741, page=2, 597.31157pt x 844.83629pt>
File: Exhibits/Contributions/KenshimovLetter/KenshimovLetter.pdf Graphic file (type pdf)
<use Exhibits/Contributions/KenshimovLetter/KenshimovLetter.pdf, page 2>
Package pdftex.def Info: Exhibits/Contributions/KenshimovLetter/KenshimovLetter.pdf , page2 used on input line 4.
(pdftex.def)             Requested size: 562.60312pt x 795.74474pt.
File: Exhibits/Contributions/KenshimovLetter/KenshimovLetter.pdf Graphic file (type pdf)
<use Exhibits/Contributions/KenshimovLetter/KenshimovLetter.pdf, page 2>
Package pdftex.def Info: Exhibits/Contributions/KenshimovLetter/KenshimovLetter.pdf , page2 used on input line 4.
(pdftex.def)             Requested size: 562.60312pt x 795.74474pt.


File: Exhibits/Contributions/KenshimovLetter/KenshimovLetter.pdf Graphic file (type pdf)
<use Exhibits/Contributions/KenshimovLetter/KenshimovLetter.pdf, page 2>
Package pdftex.def Info: Exhibits/Contributions/KenshimovLetter/KenshimovLetter.pdf , page2 used on input line 4.
(pdftex.def)             Requested size: 562.60312pt x 795.74474pt.
[331

 <./Exhibits/Contributions/KenshimovLetter/KenshimovLetter.pdf, page is rotated 90 degrees>]) (./Exhibits/Contributions/KenshimovCV/KenshimovCV.tex

[332


]
<Exhibits/Contributions/KenshimovCV/KenshimovCV.pdf, id=5753, 597.432pt x 845.07718pt>
File: Exhibits/Contributions/KenshimovCV/KenshimovCV.pdf Graphic file (type pdf)
<use Exhibits/Contributions/KenshimovCV/KenshimovCV.pdf>
Package pdftex.def Info: Exhibits/Contributions/KenshimovCV/KenshimovCV.pdf  used on input line 4.
(pdftex.def)             Requested size: 597.43054pt x 845.07512pt.
<Exhibits/Contributions/KenshimovCV/KenshimovCV.pdf, id=5755, page=1, 597.432pt x 845.07718pt>
File: Exhibits/Contributions/KenshimovCV/KenshimovCV.pdf Graphic file (type pdf)
<use Exhibits/Contributions/KenshimovCV/KenshimovCV.pdf, page 1>
Package pdftex.def Info: Exhibits/Contributions/KenshimovCV/KenshimovCV.pdf , page1 used on input line 4.
(pdftex.def)             Requested size: 597.43054pt x 845.07512pt.
File: Exhibits/Contributions/KenshimovCV/KenshimovCV.pdf Graphic file (type pdf)
<use Exhibits/Contributions/KenshimovCV/KenshimovCV.pdf, page 1>
Package pdftex.def Info: Exhibits/Contributions/KenshimovCV/KenshimovCV.pdf , page1 used on input line 4.
(pdftex.def)             Requested size: 562.05109pt x 795.0303pt.
File: Exhibits/Contributions/KenshimovCV/KenshimovCV.pdf Graphic file (type pdf)
<use Exhibits/Contributions/KenshimovCV/KenshimovCV.pdf, page 1>
Package pdftex.def Info: Exhibits/Contributions/KenshimovCV/KenshimovCV.pdf , page1 used on input line 4.
(pdftex.def)             Requested size: 562.05109pt x 795.0303pt.
File: Exhibits/Contributions/KenshimovCV/KenshimovCV.pdf Graphic file (type pdf)
<use Exhibits/Contributions/KenshimovCV/KenshimovCV.pdf, page 1>
Package pdftex.def Info: Exhibits/Contributions/KenshimovCV/KenshimovCV.pdf , page1 used on input line 4.
(pdftex.def)             Requested size: 562.05109pt x 795.0303pt.


File: Exhibits/Contributions/KenshimovCV/KenshimovCV.pdf Graphic file (type pdf)
<use Exhibits/Contributions/KenshimovCV/KenshimovCV.pdf, page 1>
Package pdftex.def Info: Exhibits/Contributions/KenshimovCV/KenshimovCV.pdf , page1 used on input line 4.
(pdftex.def)             Requested size: 562.05109pt x 795.0303pt.
[333


 <./Exhibits/Contributions/KenshimovCV/KenshimovCV.pdf>]
<Exhibits/Contributions/KenshimovCV/KenshimovCV.pdf, id=5802, page=2, 597.432pt x 845.07718pt>
File: Exhibits/Contributions/KenshimovCV/KenshimovCV.pdf Graphic file (type pdf)
<use Exhibits/Contributions/KenshimovCV/KenshimovCV.pdf, page 2>
Package pdftex.def Info: Exhibits/Contributions/KenshimovCV/KenshimovCV.pdf , page2 used on input line 4.
(pdftex.def)             Requested size: 562.05109pt x 795.0303pt.
File: Exhibits/Contributions/KenshimovCV/KenshimovCV.pdf Graphic file (type pdf)
<use Exhibits/Contributions/KenshimovCV/KenshimovCV.pdf, page 2>
Package pdftex.def Info: Exhibits/Contributions/KenshimovCV/KenshimovCV.pdf , page2 used on input line 4.
(pdftex.def)             Requested size: 562.05109pt x 795.0303pt.


File: Exhibits/Contributions/KenshimovCV/KenshimovCV.pdf Graphic file (type pdf)
<use Exhibits/Contributions/KenshimovCV/KenshimovCV.pdf, page 2>
Package pdftex.def Info: Exhibits/Contributions/KenshimovCV/KenshimovCV.pdf , page2 used on input line 4.
(pdftex.def)             Requested size: 562.05109pt x 795.0303pt.
[334

 <./Exhibits/Contributions/KenshimovCV/KenshimovCV.pdf>]
<Exhibits/Contributions/KenshimovCV/KenshimovCV.pdf, id=5826, page=3, 597.432pt x 845.07718pt>
File: Exhibits/Contributions/KenshimovCV/KenshimovCV.pdf Graphic file (type pdf)
<use Exhibits/Contributions/KenshimovCV/KenshimovCV.pdf, page 3>
Package pdftex.def Info: Exhibits/Contributions/KenshimovCV/KenshimovCV.pdf , page3 used on input line 4.
(pdftex.def)             Requested size: 562.05109pt x 795.0303pt.
File: Exhibits/Contributions/KenshimovCV/KenshimovCV.pdf Graphic file (type pdf)
<use Exhibits/Contributions/KenshimovCV/KenshimovCV.pdf, page 3>
Package pdftex.def Info: Exhibits/Contributions/KenshimovCV/KenshimovCV.pdf , page3 used on input line 4.
(pdftex.def)             Requested size: 562.05109pt x 795.0303pt.


File: Exhibits/Contributions/KenshimovCV/KenshimovCV.pdf Graphic file (type pdf)
<use Exhibits/Contributions/KenshimovCV/KenshimovCV.pdf, page 3>
Package pdftex.def Info: Exhibits/Contributions/KenshimovCV/KenshimovCV.pdf , page3 used on input line 4.
(pdftex.def)             Requested size: 562.05109pt x 795.0303pt.
[335

 <./Exhibits/Contributions/KenshimovCV/KenshimovCV.pdf>]
<Exhibits/Contributions/KenshimovCV/KenshimovCV.pdf, id=5832, page=4, 597.432pt x 845.07718pt>
File: Exhibits/Contributions/KenshimovCV/KenshimovCV.pdf Graphic file (type pdf)
<use Exhibits/Contributions/KenshimovCV/KenshimovCV.pdf, page 4>
Package pdftex.def Info: Exhibits/Contributions/KenshimovCV/KenshimovCV.pdf , page4 used on input line 4.
(pdftex.def)             Requested size: 562.05109pt x 795.0303pt.
File: Exhibits/Contributions/KenshimovCV/KenshimovCV.pdf Graphic file (type pdf)
<use Exhibits/Contributions/KenshimovCV/KenshimovCV.pdf, page 4>
Package pdftex.def Info: Exhibits/Contributions/KenshimovCV/KenshimovCV.pdf , page4 used on input line 4.
(pdftex.def)             Requested size: 562.05109pt x 795.0303pt.


File: Exhibits/Contributions/KenshimovCV/KenshimovCV.pdf Graphic file (type pdf)
<use Exhibits/Contributions/KenshimovCV/KenshimovCV.pdf, page 4>
Package pdftex.def Info: Exhibits/Contributions/KenshimovCV/KenshimovCV.pdf , page4 used on input line 4.
(pdftex.def)             Requested size: 562.05109pt x 795.0303pt.
[336

 <./Exhibits/Contributions/KenshimovCV/KenshimovCV.pdf>]) (./Exhibits/Contributions/BaikenLetter/BaikenLetter.tex

[337


]
<Exhibits/Contributions/BaikenLetter/BaikenLetter.pdf, id=5844, 597.31157pt x 844.83629pt>
File: Exhibits/Contributions/BaikenLetter/BaikenLetter.pdf Graphic file (type pdf)
<use Exhibits/Contributions/BaikenLetter/BaikenLetter.pdf>
Package pdftex.def Info: Exhibits/Contributions/BaikenLetter/BaikenLetter.pdf  used on input line 4.
(pdftex.def)             Requested size: 597.3101pt x 844.83423pt.
<Exhibits/Contributions/BaikenLetter/BaikenLetter.pdf, id=5846, page=1, 597.31157pt x 844.83629pt>
File: Exhibits/Contributions/BaikenLetter/BaikenLetter.pdf Graphic file (type pdf)
<use Exhibits/Contributions/BaikenLetter/BaikenLetter.pdf, page 1>
Package pdftex.def Info: Exhibits/Contributions/BaikenLetter/BaikenLetter.pdf , page1 used on input line 4.
(pdftex.def)             Requested size: 597.3101pt x 844.83423pt.
File: Exhibits/Contributions/BaikenLetter/BaikenLetter.pdf Graphic file (type pdf)
<use Exhibits/Contributions/BaikenLetter/BaikenLetter.pdf, page 1>
Package pdftex.def Info: Exhibits/Contributions/BaikenLetter/BaikenLetter.pdf , page1 used on input line 4.
(pdftex.def)             Requested size: 562.60312pt x 795.74474pt.
File: Exhibits/Contributions/BaikenLetter/BaikenLetter.pdf Graphic file (type pdf)
<use Exhibits/Contributions/BaikenLetter/BaikenLetter.pdf, page 1>
Package pdftex.def Info: Exhibits/Contributions/BaikenLetter/BaikenLetter.pdf , page1 used on input line 4.
(pdftex.def)             Requested size: 562.60312pt x 795.74474pt.
File: Exhibits/Contributions/BaikenLetter/BaikenLetter.pdf Graphic file (type pdf)
<use Exhibits/Contributions/BaikenLetter/BaikenLetter.pdf, page 1>
Package pdftex.def Info: Exhibits/Contributions/BaikenLetter/BaikenLetter.pdf , page1 used on input line 4.
(pdftex.def)             Requested size: 562.60312pt x 795.74474pt.


File: Exhibits/Contributions/BaikenLetter/BaikenLetter.pdf Graphic file (type pdf)
<use Exhibits/Contributions/BaikenLetter/BaikenLetter.pdf, page 1>
Package pdftex.def Info: Exhibits/Contributions/BaikenLetter/BaikenLetter.pdf , page1 used on input line 4.
(pdftex.def)             Requested size: 562.60312pt x 795.74474pt.
[338


 <./Exhibits/Contributions/BaikenLetter/BaikenLetter.pdf, page is rotated 90 degrees>]
<Exhibits/Contributions/BaikenLetter/BaikenLetter.pdf, id=5853, page=2, 597.31157pt x 844.83629pt>
File: Exhibits/Contributions/BaikenLetter/BaikenLetter.pdf Graphic file (type pdf)
<use Exhibits/Contributions/BaikenLetter/BaikenLetter.pdf, page 2>
Package pdftex.def Info: Exhibits/Contributions/BaikenLetter/BaikenLetter.pdf , page2 used on input line 4.
(pdftex.def)             Requested size: 562.60312pt x 795.74474pt.
File: Exhibits/Contributions/BaikenLetter/BaikenLetter.pdf Graphic file (type pdf)
<use Exhibits/Contributions/BaikenLetter/BaikenLetter.pdf, page 2>
Package pdftex.def Info: Exhibits/Contributions/BaikenLetter/BaikenLetter.pdf , page2 used on input line 4.
(pdftex.def)             Requested size: 562.60312pt x 795.74474pt.


File: Exhibits/Contributions/BaikenLetter/BaikenLetter.pdf Graphic file (type pdf)
<use Exhibits/Contributions/BaikenLetter/BaikenLetter.pdf, page 2>
Package pdftex.def Info: Exhibits/Contributions/BaikenLetter/BaikenLetter.pdf , page2 used on input line 4.
(pdftex.def)             Requested size: 562.60312pt x 795.74474pt.
[339

 <./Exhibits/Contributions/BaikenLetter/BaikenLetter.pdf, page is rotated 90 degrees>]
<Exhibits/Contributions/BaikenLetter/BaikenLetter.pdf, id=5859, page=3, 597.31157pt x 844.83629pt>
File: Exhibits/Contributions/BaikenLetter/BaikenLetter.pdf Graphic file (type pdf)
<use Exhibits/Contributions/BaikenLetter/BaikenLetter.pdf, page 3>
Package pdftex.def Info: Exhibits/Contributions/BaikenLetter/BaikenLetter.pdf , page3 used on input line 4.
(pdftex.def)             Requested size: 562.60312pt x 795.74474pt.
File: Exhibits/Contributions/BaikenLetter/BaikenLetter.pdf Graphic file (type pdf)
<use Exhibits/Contributions/BaikenLetter/BaikenLetter.pdf, page 3>
Package pdftex.def Info: Exhibits/Contributions/BaikenLetter/BaikenLetter.pdf , page3 used on input line 4.
(pdftex.def)             Requested size: 562.60312pt x 795.74474pt.


File: Exhibits/Contributions/BaikenLetter/BaikenLetter.pdf Graphic file (type pdf)
<use Exhibits/Contributions/BaikenLetter/BaikenLetter.pdf, page 3>
Package pdftex.def Info: Exhibits/Contributions/BaikenLetter/BaikenLetter.pdf , page3 used on input line 4.
(pdftex.def)             Requested size: 562.60312pt x 795.74474pt.
[340

 <./Exhibits/Contributions/BaikenLetter/BaikenLetter.pdf, page is rotated 90 degrees>]
<Exhibits/Contributions/BaikenLetter/BaikenLetter.pdf, id=5865, page=4, 597.31157pt x 844.83629pt>
File: Exhibits/Contributions/BaikenLetter/BaikenLetter.pdf Graphic file (type pdf)
<use Exhibits/Contributions/BaikenLetter/BaikenLetter.pdf, page 4>
Package pdftex.def Info: Exhibits/Contributions/BaikenLetter/BaikenLetter.pdf , page4 used on input line 4.
(pdftex.def)             Requested size: 562.60312pt x 795.74474pt.
File: Exhibits/Contributions/BaikenLetter/BaikenLetter.pdf Graphic file (type pdf)
<use Exhibits/Contributions/BaikenLetter/BaikenLetter.pdf, page 4>
Package pdftex.def Info: Exhibits/Contributions/BaikenLetter/BaikenLetter.pdf , page4 used on input line 4.
(pdftex.def)             Requested size: 562.60312pt x 795.74474pt.


File: Exhibits/Contributions/BaikenLetter/BaikenLetter.pdf Graphic file (type pdf)
<use Exhibits/Contributions/BaikenLetter/BaikenLetter.pdf, page 4>
Package pdftex.def Info: Exhibits/Contributions/BaikenLetter/BaikenLetter.pdf , page4 used on input line 4.
(pdftex.def)             Requested size: 562.60312pt x 795.74474pt.
[341

 <./Exhibits/Contributions/BaikenLetter/BaikenLetter.pdf, page is rotated 90 degrees>]
<Exhibits/Contributions/BaikenLetter/BaikenLetter.pdf, id=5871, page=5, 597.31157pt x 844.83629pt>
File: Exhibits/Contributions/BaikenLetter/BaikenLetter.pdf Graphic file (type pdf)
<use Exhibits/Contributions/BaikenLetter/BaikenLetter.pdf, page 5>
Package pdftex.def Info: Exhibits/Contributions/BaikenLetter/BaikenLetter.pdf , page5 used on input line 4.
(pdftex.def)             Requested size: 562.60312pt x 795.74474pt.
File: Exhibits/Contributions/BaikenLetter/BaikenLetter.pdf Graphic file (type pdf)
<use Exhibits/Contributions/BaikenLetter/BaikenLetter.pdf, page 5>
Package pdftex.def Info: Exhibits/Contributions/BaikenLetter/BaikenLetter.pdf , page5 used on input line 4.
(pdftex.def)             Requested size: 562.60312pt x 795.74474pt.


File: Exhibits/Contributions/BaikenLetter/BaikenLetter.pdf Graphic file (type pdf)
<use Exhibits/Contributions/BaikenLetter/BaikenLetter.pdf, page 5>
Package pdftex.def Info: Exhibits/Contributions/BaikenLetter/BaikenLetter.pdf , page5 used on input line 4.
(pdftex.def)             Requested size: 562.60312pt x 795.74474pt.
[342

 <./Exhibits/Contributions/BaikenLetter/BaikenLetter.pdf, page is rotated 90 degrees>]
<Exhibits/Contributions/BaikenLetter/BaikenLetter.pdf, id=5877, page=6, 597.31157pt x 844.83629pt>
File: Exhibits/Contributions/BaikenLetter/BaikenLetter.pdf Graphic file (type pdf)
<use Exhibits/Contributions/BaikenLetter/BaikenLetter.pdf, page 6>
Package pdftex.def Info: Exhibits/Contributions/BaikenLetter/BaikenLetter.pdf , page6 used on input line 4.
(pdftex.def)             Requested size: 562.60312pt x 795.74474pt.
File: Exhibits/Contributions/BaikenLetter/BaikenLetter.pdf Graphic file (type pdf)
<use Exhibits/Contributions/BaikenLetter/BaikenLetter.pdf, page 6>
Package pdftex.def Info: Exhibits/Contributions/BaikenLetter/BaikenLetter.pdf , page6 used on input line 4.
(pdftex.def)             Requested size: 562.60312pt x 795.74474pt.


File: Exhibits/Contributions/BaikenLetter/BaikenLetter.pdf Graphic file (type pdf)
<use Exhibits/Contributions/BaikenLetter/BaikenLetter.pdf, page 6>
Package pdftex.def Info: Exhibits/Contributions/BaikenLetter/BaikenLetter.pdf , page6 used on input line 4.
(pdftex.def)             Requested size: 562.60312pt x 795.74474pt.
[343

 <./Exhibits/Contributions/BaikenLetter/BaikenLetter.pdf, page is rotated 90 degrees>]
<Exhibits/Contributions/BaikenLetter/BaikenLetter.pdf, id=5884, page=7, 597.31157pt x 844.83629pt>
File: Exhibits/Contributions/BaikenLetter/BaikenLetter.pdf Graphic file (type pdf)
<use Exhibits/Contributions/BaikenLetter/BaikenLetter.pdf, page 7>
Package pdftex.def Info: Exhibits/Contributions/BaikenLetter/BaikenLetter.pdf , page7 used on input line 4.
(pdftex.def)             Requested size: 562.60312pt x 795.74474pt.
File: Exhibits/Contributions/BaikenLetter/BaikenLetter.pdf Graphic file (type pdf)
<use Exhibits/Contributions/BaikenLetter/BaikenLetter.pdf, page 7>
Package pdftex.def Info: Exhibits/Contributions/BaikenLetter/BaikenLetter.pdf , page7 used on input line 4.
(pdftex.def)             Requested size: 562.60312pt x 795.74474pt.


File: Exhibits/Contributions/BaikenLetter/BaikenLetter.pdf Graphic file (type pdf)
<use Exhibits/Contributions/BaikenLetter/BaikenLetter.pdf, page 7>
Package pdftex.def Info: Exhibits/Contributions/BaikenLetter/BaikenLetter.pdf , page7 used on input line 4.
(pdftex.def)             Requested size: 562.60312pt x 795.74474pt.
[344

 <./Exhibits/Contributions/BaikenLetter/BaikenLetter.pdf, page is rotated 90 degrees>]
<Exhibits/Contributions/BaikenLetter/BaikenLetter.pdf, id=5890, page=8, 597.31157pt x 844.83629pt>
File: Exhibits/Contributions/BaikenLetter/BaikenLetter.pdf Graphic file (type pdf)
<use Exhibits/Contributions/BaikenLetter/BaikenLetter.pdf, page 8>
Package pdftex.def Info: Exhibits/Contributions/BaikenLetter/BaikenLetter.pdf , page8 used on input line 4.
(pdftex.def)             Requested size: 562.60312pt x 795.74474pt.
File: Exhibits/Contributions/BaikenLetter/BaikenLetter.pdf Graphic file (type pdf)
<use Exhibits/Contributions/BaikenLetter/BaikenLetter.pdf, page 8>
Package pdftex.def Info: Exhibits/Contributions/BaikenLetter/BaikenLetter.pdf , page8 used on input line 4.
(pdftex.def)             Requested size: 562.60312pt x 795.74474pt.


File: Exhibits/Contributions/BaikenLetter/BaikenLetter.pdf Graphic file (type pdf)
<use Exhibits/Contributions/BaikenLetter/BaikenLetter.pdf, page 8>
Package pdftex.def Info: Exhibits/Contributions/BaikenLetter/BaikenLetter.pdf , page8 used on input line 4.
(pdftex.def)             Requested size: 562.60312pt x 795.74474pt.
[345

 <./Exhibits/Contributions/BaikenLetter/BaikenLetter.pdf, page is rotated 90 degrees>]
<Exhibits/Contributions/BaikenLetter/BaikenLetter.pdf, id=5896, page=9, 597.31157pt x 844.83629pt>
File: Exhibits/Contributions/BaikenLetter/BaikenLetter.pdf Graphic file (type pdf)
<use Exhibits/Contributions/BaikenLetter/BaikenLetter.pdf, page 9>
Package pdftex.def Info: Exhibits/Contributions/BaikenLetter/BaikenLetter.pdf , page9 used on input line 4.
(pdftex.def)             Requested size: 562.60312pt x 795.74474pt.
File: Exhibits/Contributions/BaikenLetter/BaikenLetter.pdf Graphic file (type pdf)
<use Exhibits/Contributions/BaikenLetter/BaikenLetter.pdf, page 9>
Package pdftex.def Info: Exhibits/Contributions/BaikenLetter/BaikenLetter.pdf , page9 used on input line 4.
(pdftex.def)             Requested size: 562.60312pt x 795.74474pt.


File: Exhibits/Contributions/BaikenLetter/BaikenLetter.pdf Graphic file (type pdf)
<use Exhibits/Contributions/BaikenLetter/BaikenLetter.pdf, page 9>
Package pdftex.def Info: Exhibits/Contributions/BaikenLetter/BaikenLetter.pdf , page9 used on input line 4.
(pdftex.def)             Requested size: 562.60312pt x 795.74474pt.
[346

 <./Exhibits/Contributions/BaikenLetter/BaikenLetter.pdf, page is rotated 90 degrees>]
<Exhibits/Contributions/BaikenLetter/BaikenLetter.pdf, id=5902, page=10, 597.31157pt x 844.83629pt>
File: Exhibits/Contributions/BaikenLetter/BaikenLetter.pdf Graphic file (type pdf)
<use Exhibits/Contributions/BaikenLetter/BaikenLetter.pdf, page 10>
Package pdftex.def Info: Exhibits/Contributions/BaikenLetter/BaikenLetter.pdf , page10 used on input line 4.
(pdftex.def)             Requested size: 562.60312pt x 795.74474pt.
File: Exhibits/Contributions/BaikenLetter/BaikenLetter.pdf Graphic file (type pdf)
<use Exhibits/Contributions/BaikenLetter/BaikenLetter.pdf, page 10>
Package pdftex.def Info: Exhibits/Contributions/BaikenLetter/BaikenLetter.pdf , page10 used on input line 4.
(pdftex.def)             Requested size: 562.60312pt x 795.74474pt.


File: Exhibits/Contributions/BaikenLetter/BaikenLetter.pdf Graphic file (type pdf)
<use Exhibits/Contributions/BaikenLetter/BaikenLetter.pdf, page 10>
Package pdftex.def Info: Exhibits/Contributions/BaikenLetter/BaikenLetter.pdf , page10 used on input line 4.
(pdftex.def)             Requested size: 562.60312pt x 795.74474pt.
[347

 <./Exhibits/Contributions/BaikenLetter/BaikenLetter.pdf, page is rotated 90 degrees>]) (./Exhibits/Contributions/BeisenbaevLetter/BeisenbaevLetter.tex

[348


]
<Exhibits/Contributions/BeisenbaevLetter/BeisenbaevLetter.pdf, id=5913, 597.31157pt x 844.83629pt>
File: Exhibits/Contributions/BeisenbaevLetter/BeisenbaevLetter.pdf Graphic file (type pdf)
<use Exhibits/Contributions/BeisenbaevLetter/BeisenbaevLetter.pdf>
Package pdftex.def Info: Exhibits/Contributions/BeisenbaevLetter/BeisenbaevLetter.pdf  used on input line 4.
(pdftex.def)             Requested size: 597.3101pt x 844.83423pt.
<Exhibits/Contributions/BeisenbaevLetter/BeisenbaevLetter.pdf, id=5915, page=1, 597.31157pt x 844.83629pt>
File: Exhibits/Contributions/BeisenbaevLetter/BeisenbaevLetter.pdf Graphic file (type pdf)
<use Exhibits/Contributions/BeisenbaevLetter/BeisenbaevLetter.pdf, page 1>
Package pdftex.def Info: Exhibits/Contributions/BeisenbaevLetter/BeisenbaevLetter.pdf , page1 used on input line 4.
(pdftex.def)             Requested size: 597.3101pt x 844.83423pt.
File: Exhibits/Contributions/BeisenbaevLetter/BeisenbaevLetter.pdf Graphic file (type pdf)
<use Exhibits/Contributions/BeisenbaevLetter/BeisenbaevLetter.pdf, page 1>
Package pdftex.def Info: Exhibits/Contributions/BeisenbaevLetter/BeisenbaevLetter.pdf , page1 used on input line 4.
(pdftex.def)             Requested size: 562.60312pt x 795.74474pt.
File: Exhibits/Contributions/BeisenbaevLetter/BeisenbaevLetter.pdf Graphic file (type pdf)
<use Exhibits/Contributions/BeisenbaevLetter/BeisenbaevLetter.pdf, page 1>
Package pdftex.def Info: Exhibits/Contributions/BeisenbaevLetter/BeisenbaevLetter.pdf , page1 used on input line 4.
(pdftex.def)             Requested size: 562.60312pt x 795.74474pt.
File: Exhibits/Contributions/BeisenbaevLetter/BeisenbaevLetter.pdf Graphic file (type pdf)
<use Exhibits/Contributions/BeisenbaevLetter/BeisenbaevLetter.pdf, page 1>
Package pdftex.def Info: Exhibits/Contributions/BeisenbaevLetter/BeisenbaevLetter.pdf , page1 used on input line 4.
(pdftex.def)             Requested size: 562.60312pt x 795.74474pt.


File: Exhibits/Contributions/BeisenbaevLetter/BeisenbaevLetter.pdf Graphic file (type pdf)
<use Exhibits/Contributions/BeisenbaevLetter/BeisenbaevLetter.pdf, page 1>
Package pdftex.def Info: Exhibits/Contributions/BeisenbaevLetter/BeisenbaevLetter.pdf , page1 used on input line 4.
(pdftex.def)             Requested size: 562.60312pt x 795.74474pt.
[349


 <./Exhibits/Contributions/BeisenbaevLetter/BeisenbaevLetter.pdf, page is rotated 90 degrees>]
<Exhibits/Contributions/BeisenbaevLetter/BeisenbaevLetter.pdf, id=5923, page=2, 597.31157pt x 844.83629pt>
File: Exhibits/Contributions/BeisenbaevLetter/BeisenbaevLetter.pdf Graphic file (type pdf)
<use Exhibits/Contributions/BeisenbaevLetter/BeisenbaevLetter.pdf, page 2>
Package pdftex.def Info: Exhibits/Contributions/BeisenbaevLetter/BeisenbaevLetter.pdf , page2 used on input line 4.
(pdftex.def)             Requested size: 562.60312pt x 795.74474pt.
File: Exhibits/Contributions/BeisenbaevLetter/BeisenbaevLetter.pdf Graphic file (type pdf)
<use Exhibits/Contributions/BeisenbaevLetter/BeisenbaevLetter.pdf, page 2>
Package pdftex.def Info: Exhibits/Contributions/BeisenbaevLetter/BeisenbaevLetter.pdf , page2 used on input line 4.
(pdftex.def)             Requested size: 562.60312pt x 795.74474pt.


File: Exhibits/Contributions/BeisenbaevLetter/BeisenbaevLetter.pdf Graphic file (type pdf)
<use Exhibits/Contributions/BeisenbaevLetter/BeisenbaevLetter.pdf, page 2>
Package pdftex.def Info: Exhibits/Contributions/BeisenbaevLetter/BeisenbaevLetter.pdf , page2 used on input line 4.
(pdftex.def)             Requested size: 562.60312pt x 795.74474pt.
[350

 <./Exhibits/Contributions/BeisenbaevLetter/BeisenbaevLetter.pdf, page is rotated 90 degrees>]
<Exhibits/Contributions/BeisenbaevLetter/BeisenbaevLetter.pdf, id=5929, page=3, 597.31157pt x 844.83629pt>
File: Exhibits/Contributions/BeisenbaevLetter/BeisenbaevLetter.pdf Graphic file (type pdf)
<use Exhibits/Contributions/BeisenbaevLetter/BeisenbaevLetter.pdf, page 3>
Package pdftex.def Info: Exhibits/Contributions/BeisenbaevLetter/BeisenbaevLetter.pdf , page3 used on input line 4.
(pdftex.def)             Requested size: 562.60312pt x 795.74474pt.
File: Exhibits/Contributions/BeisenbaevLetter/BeisenbaevLetter.pdf Graphic file (type pdf)
<use Exhibits/Contributions/BeisenbaevLetter/BeisenbaevLetter.pdf, page 3>
Package pdftex.def Info: Exhibits/Contributions/BeisenbaevLetter/BeisenbaevLetter.pdf , page3 used on input line 4.
(pdftex.def)             Requested size: 562.60312pt x 795.74474pt.


File: Exhibits/Contributions/BeisenbaevLetter/BeisenbaevLetter.pdf Graphic file (type pdf)
<use Exhibits/Contributions/BeisenbaevLetter/BeisenbaevLetter.pdf, page 3>
Package pdftex.def Info: Exhibits/Contributions/BeisenbaevLetter/BeisenbaevLetter.pdf , page3 used on input line 4.
(pdftex.def)             Requested size: 562.60312pt x 795.74474pt.
[351

 <./Exhibits/Contributions/BeisenbaevLetter/BeisenbaevLetter.pdf, page is rotated 90 degrees>]) (./Exhibits/Contributions/BeisenbayevCV/BeisenbayevCV.tex

[352


]
<Exhibits/Contributions/BeisenbayevCV/BeisenbayevCV.pdf, id=5940, 597.6729pt x 845.31807pt>
File: Exhibits/Contributions/BeisenbayevCV/BeisenbayevCV.pdf Graphic file (type pdf)
<use Exhibits/Contributions/BeisenbayevCV/BeisenbayevCV.pdf>
Package pdftex.def Info: Exhibits/Contributions/BeisenbayevCV/BeisenbayevCV.pdf  used on input line 4.
(pdftex.def)             Requested size: 597.67143pt x 845.31601pt.
<Exhibits/Contributions/BeisenbayevCV/BeisenbayevCV.pdf, id=5942, page=1, 597.6729pt x 845.31807pt>
File: Exhibits/Contributions/BeisenbayevCV/BeisenbayevCV.pdf Graphic file (type pdf)
<use Exhibits/Contributions/BeisenbayevCV/BeisenbayevCV.pdf, page 1>
Package pdftex.def Info: Exhibits/Contributions/BeisenbayevCV/BeisenbayevCV.pdf , page1 used on input line 4.
(pdftex.def)             Requested size: 597.67143pt x 845.31601pt.
File: Exhibits/Contributions/BeisenbayevCV/BeisenbayevCV.pdf Graphic file (type pdf)
<use Exhibits/Contributions/BeisenbayevCV/BeisenbayevCV.pdf, page 1>
Package pdftex.def Info: Exhibits/Contributions/BeisenbayevCV/BeisenbayevCV.pdf , page1 used on input line 4.
(pdftex.def)             Requested size: 562.27771pt x 795.25693pt.
File: Exhibits/Contributions/BeisenbayevCV/BeisenbayevCV.pdf Graphic file (type pdf)
<use Exhibits/Contributions/BeisenbayevCV/BeisenbayevCV.pdf, page 1>
Package pdftex.def Info: Exhibits/Contributions/BeisenbayevCV/BeisenbayevCV.pdf , page1 used on input line 4.
(pdftex.def)             Requested size: 562.27771pt x 795.25693pt.
File: Exhibits/Contributions/BeisenbayevCV/BeisenbayevCV.pdf Graphic file (type pdf)
<use Exhibits/Contributions/BeisenbayevCV/BeisenbayevCV.pdf, page 1>
Package pdftex.def Info: Exhibits/Contributions/BeisenbayevCV/BeisenbayevCV.pdf , page1 used on input line 4.
(pdftex.def)             Requested size: 562.27771pt x 795.25693pt.


File: Exhibits/Contributions/BeisenbayevCV/BeisenbayevCV.pdf Graphic file (type pdf)
<use Exhibits/Contributions/BeisenbayevCV/BeisenbayevCV.pdf, page 1>
Package pdftex.def Info: Exhibits/Contributions/BeisenbayevCV/BeisenbayevCV.pdf , page1 used on input line 4.
(pdftex.def)             Requested size: 562.27771pt x 795.25693pt.
[353


 <./Exhibits/Contributions/BeisenbayevCV/BeisenbayevCV.pdf>]
<Exhibits/Contributions/BeisenbayevCV/BeisenbayevCV.pdf, id=6004, page=2, 597.6729pt x 845.31807pt>
File: Exhibits/Contributions/BeisenbayevCV/BeisenbayevCV.pdf Graphic file (type pdf)
<use Exhibits/Contributions/BeisenbayevCV/BeisenbayevCV.pdf, page 2>
Package pdftex.def Info: Exhibits/Contributions/BeisenbayevCV/BeisenbayevCV.pdf , page2 used on input line 4.
(pdftex.def)             Requested size: 562.27771pt x 795.25693pt.
File: Exhibits/Contributions/BeisenbayevCV/BeisenbayevCV.pdf Graphic file (type pdf)
<use Exhibits/Contributions/BeisenbayevCV/BeisenbayevCV.pdf, page 2>
Package pdftex.def Info: Exhibits/Contributions/BeisenbayevCV/BeisenbayevCV.pdf , page2 used on input line 4.
(pdftex.def)             Requested size: 562.27771pt x 795.25693pt.


File: Exhibits/Contributions/BeisenbayevCV/BeisenbayevCV.pdf Graphic file (type pdf)
<use Exhibits/Contributions/BeisenbayevCV/BeisenbayevCV.pdf, page 2>
Package pdftex.def Info: Exhibits/Contributions/BeisenbayevCV/BeisenbayevCV.pdf , page2 used on input line 4.
(pdftex.def)             Requested size: 562.27771pt x 795.25693pt.
[354

 <./Exhibits/Contributions/BeisenbayevCV/BeisenbayevCV.pdf>]
<Exhibits/Contributions/BeisenbayevCV/BeisenbayevCV.pdf, id=6010, page=3, 597.6729pt x 845.31807pt>
File: Exhibits/Contributions/BeisenbayevCV/BeisenbayevCV.pdf Graphic file (type pdf)
<use Exhibits/Contributions/BeisenbayevCV/BeisenbayevCV.pdf, page 3>
Package pdftex.def Info: Exhibits/Contributions/BeisenbayevCV/BeisenbayevCV.pdf , page3 used on input line 4.
(pdftex.def)             Requested size: 562.27771pt x 795.25693pt.
File: Exhibits/Contributions/BeisenbayevCV/BeisenbayevCV.pdf Graphic file (type pdf)
<use Exhibits/Contributions/BeisenbayevCV/BeisenbayevCV.pdf, page 3>
Package pdftex.def Info: Exhibits/Contributions/BeisenbayevCV/BeisenbayevCV.pdf , page3 used on input line 4.
(pdftex.def)             Requested size: 562.27771pt x 795.25693pt.


File: Exhibits/Contributions/BeisenbayevCV/BeisenbayevCV.pdf Graphic file (type pdf)
<use Exhibits/Contributions/BeisenbayevCV/BeisenbayevCV.pdf, page 3>
Package pdftex.def Info: Exhibits/Contributions/BeisenbayevCV/BeisenbayevCV.pdf , page3 used on input line 4.
(pdftex.def)             Requested size: 562.27771pt x 795.25693pt.
[355

 <./Exhibits/Contributions/BeisenbayevCV/BeisenbayevCV.pdf>]) (./Exhibits/Contributions/KudaiBergenovLetter/KudaibergenovLetter.tex

[356


]
<Exhibits/Contributions/KudaiBergenovLetter/KudaibergenovLetter.pdf, id=6026, 597.31157pt x 844.83629pt>
File: Exhibits/Contributions/KudaiBergenovLetter/KudaibergenovLetter.pdf Graphic file (type pdf)
<use Exhibits/Contributions/KudaiBergenovLetter/KudaibergenovLetter.pdf>
Package pdftex.def Info: Exhibits/Contributions/KudaiBergenovLetter/KudaibergenovLetter.pdf  used on input line 4.
(pdftex.def)             Requested size: 597.3101pt x 844.83423pt.
<Exhibits/Contributions/KudaiBergenovLetter/KudaibergenovLetter.pdf, id=6028, page=1, 597.31157pt x 844.83629pt>
File: Exhibits/Contributions/KudaiBergenovLetter/KudaibergenovLetter.pdf Graphic file (type pdf)
<use Exhibits/Contributions/KudaiBergenovLetter/KudaibergenovLetter.pdf, page 1>
Package pdftex.def Info: Exhibits/Contributions/KudaiBergenovLetter/KudaibergenovLetter.pdf , page1 used on input line 4.
(pdftex.def)             Requested size: 597.3101pt x 844.83423pt.
File: Exhibits/Contributions/KudaiBergenovLetter/KudaibergenovLetter.pdf Graphic file (type pdf)
<use Exhibits/Contributions/KudaiBergenovLetter/KudaibergenovLetter.pdf, page 1>
Package pdftex.def Info: Exhibits/Contributions/KudaiBergenovLetter/KudaibergenovLetter.pdf , page1 used on input line 4.
(pdftex.def)             Requested size: 562.60312pt x 795.74474pt.
File: Exhibits/Contributions/KudaiBergenovLetter/KudaibergenovLetter.pdf Graphic file (type pdf)
<use Exhibits/Contributions/KudaiBergenovLetter/KudaibergenovLetter.pdf, page 1>
Package pdftex.def Info: Exhibits/Contributions/KudaiBergenovLetter/KudaibergenovLetter.pdf , page1 used on input line 4.
(pdftex.def)             Requested size: 562.60312pt x 795.74474pt.
File: Exhibits/Contributions/KudaiBergenovLetter/KudaibergenovLetter.pdf Graphic file (type pdf)
<use Exhibits/Contributions/KudaiBergenovLetter/KudaibergenovLetter.pdf, page 1>
Package pdftex.def Info: Exhibits/Contributions/KudaiBergenovLetter/KudaibergenovLetter.pdf , page1 used on input line 4.
(pdftex.def)             Requested size: 562.60312pt x 795.74474pt.


File: Exhibits/Contributions/KudaiBergenovLetter/KudaibergenovLetter.pdf Graphic file (type pdf)
<use Exhibits/Contributions/KudaiBergenovLetter/KudaibergenovLetter.pdf, page 1>
Package pdftex.def Info: Exhibits/Contributions/KudaiBergenovLetter/KudaibergenovLetter.pdf , page1 used on input line 4.
(pdftex.def)             Requested size: 562.60312pt x 795.74474pt.
[357


 <./Exhibits/Contributions/KudaiBergenovLetter/KudaibergenovLetter.pdf, page is rotated 90 degrees>]
<Exhibits/Contributions/KudaiBergenovLetter/KudaibergenovLetter.pdf, id=6035, page=2, 597.31157pt x 844.83629pt>
File: Exhibits/Contributions/KudaiBergenovLetter/KudaibergenovLetter.pdf Graphic file (type pdf)
<use Exhibits/Contributions/KudaiBergenovLetter/KudaibergenovLetter.pdf, page 2>
Package pdftex.def Info: Exhibits/Contributions/KudaiBergenovLetter/KudaibergenovLetter.pdf , page2 used on input line 4.
(pdftex.def)             Requested size: 562.60312pt x 795.74474pt.
File: Exhibits/Contributions/KudaiBergenovLetter/KudaibergenovLetter.pdf Graphic file (type pdf)
<use Exhibits/Contributions/KudaiBergenovLetter/KudaibergenovLetter.pdf, page 2>
Package pdftex.def Info: Exhibits/Contributions/KudaiBergenovLetter/KudaibergenovLetter.pdf , page2 used on input line 4.
(pdftex.def)             Requested size: 562.60312pt x 795.74474pt.


File: Exhibits/Contributions/KudaiBergenovLetter/KudaibergenovLetter.pdf Graphic file (type pdf)
<use Exhibits/Contributions/KudaiBergenovLetter/KudaibergenovLetter.pdf, page 2>
Package pdftex.def Info: Exhibits/Contributions/KudaiBergenovLetter/KudaibergenovLetter.pdf , page2 used on input line 4.
(pdftex.def)             Requested size: 562.60312pt x 795.74474pt.
[358

 <./Exhibits/Contributions/KudaiBergenovLetter/KudaibergenovLetter.pdf, page is rotated 90 degrees>]
<Exhibits/Contributions/KudaiBergenovLetter/KudaibergenovLetter.pdf, id=6041, page=3, 597.31157pt x 844.83629pt>
File: Exhibits/Contributions/KudaiBergenovLetter/KudaibergenovLetter.pdf Graphic file (type pdf)
<use Exhibits/Contributions/KudaiBergenovLetter/KudaibergenovLetter.pdf, page 3>
Package pdftex.def Info: Exhibits/Contributions/KudaiBergenovLetter/KudaibergenovLetter.pdf , page3 used on input line 4.
(pdftex.def)             Requested size: 562.60312pt x 795.74474pt.
File: Exhibits/Contributions/KudaiBergenovLetter/KudaibergenovLetter.pdf Graphic file (type pdf)
<use Exhibits/Contributions/KudaiBergenovLetter/KudaibergenovLetter.pdf, page 3>
Package pdftex.def Info: Exhibits/Contributions/KudaiBergenovLetter/KudaibergenovLetter.pdf , page3 used on input line 4.
(pdftex.def)             Requested size: 562.60312pt x 795.74474pt.


File: Exhibits/Contributions/KudaiBergenovLetter/KudaibergenovLetter.pdf Graphic file (type pdf)
<use Exhibits/Contributions/KudaiBergenovLetter/KudaibergenovLetter.pdf, page 3>
Package pdftex.def Info: Exhibits/Contributions/KudaiBergenovLetter/KudaibergenovLetter.pdf , page3 used on input line 4.
(pdftex.def)             Requested size: 562.60312pt x 795.74474pt.
[359

 <./Exhibits/Contributions/KudaiBergenovLetter/KudaibergenovLetter.pdf, page is rotated 90 degrees>]) (./Exhibits/Contributions/KudaiBergenovCV/KudaibergenovCV.tex

[360


]
<Exhibits/Contributions/KudaiBergenovCV/KudaibergenovCV.pdf, id=6052, 597.73312pt x 845.40843pt>
File: Exhibits/Contributions/KudaiBergenovCV/KudaibergenovCV.pdf Graphic file (type pdf)
<use Exhibits/Contributions/KudaiBergenovCV/KudaibergenovCV.pdf>
Package pdftex.def Info: Exhibits/Contributions/KudaiBergenovCV/KudaibergenovCV.pdf  used on input line 4.
(pdftex.def)             Requested size: 597.73166pt x 845.40636pt.
<Exhibits/Contributions/KudaiBergenovCV/KudaibergenovCV.pdf, id=6054, page=1, 597.73312pt x 845.40843pt>
File: Exhibits/Contributions/KudaiBergenovCV/KudaibergenovCV.pdf Graphic file (type pdf)
<use Exhibits/Contributions/KudaiBergenovCV/KudaibergenovCV.pdf, page 1>
Package pdftex.def Info: Exhibits/Contributions/KudaiBergenovCV/KudaibergenovCV.pdf , page1 used on input line 4.
(pdftex.def)             Requested size: 597.73166pt x 845.40636pt.
File: Exhibits/Contributions/KudaiBergenovCV/KudaibergenovCV.pdf Graphic file (type pdf)
<use Exhibits/Contributions/KudaiBergenovCV/KudaibergenovCV.pdf, page 1>
Package pdftex.def Info: Exhibits/Contributions/KudaiBergenovCV/KudaibergenovCV.pdf , page1 used on input line 4.
(pdftex.def)             Requested size: 562.33437pt x 795.34192pt.
File: Exhibits/Contributions/KudaiBergenovCV/KudaibergenovCV.pdf Graphic file (type pdf)
<use Exhibits/Contributions/KudaiBergenovCV/KudaibergenovCV.pdf, page 1>
Package pdftex.def Info: Exhibits/Contributions/KudaiBergenovCV/KudaibergenovCV.pdf , page1 used on input line 4.
(pdftex.def)             Requested size: 562.33437pt x 795.34192pt.
File: Exhibits/Contributions/KudaiBergenovCV/KudaibergenovCV.pdf Graphic file (type pdf)
<use Exhibits/Contributions/KudaiBergenovCV/KudaibergenovCV.pdf, page 1>
Package pdftex.def Info: Exhibits/Contributions/KudaiBergenovCV/KudaibergenovCV.pdf , page1 used on input line 4.
(pdftex.def)             Requested size: 562.33437pt x 795.34192pt.


File: Exhibits/Contributions/KudaiBergenovCV/KudaibergenovCV.pdf Graphic file (type pdf)
<use Exhibits/Contributions/KudaiBergenovCV/KudaibergenovCV.pdf, page 1>
Package pdftex.def Info: Exhibits/Contributions/KudaiBergenovCV/KudaibergenovCV.pdf , page1 used on input line 4.
(pdftex.def)             Requested size: 562.33437pt x 795.34192pt.
[361


 <./Exhibits/Contributions/KudaiBergenovCV/KudaibergenovCV.pdf>]) (./Exhibits/Contributions/SidelkovskayaLetter/SidelkovskayaLetter.tex

[362


]
<Exhibits/Contributions/SidelkovskayaLetter/SidelkovskayaLetter.pdf, id=6108, 597.31157pt x 844.83629pt>
File: Exhibits/Contributions/SidelkovskayaLetter/SidelkovskayaLetter.pdf Graphic file (type pdf)
<use Exhibits/Contributions/SidelkovskayaLetter/SidelkovskayaLetter.pdf>
Package pdftex.def Info: Exhibits/Contributions/SidelkovskayaLetter/SidelkovskayaLetter.pdf  used on input line 4.
(pdftex.def)             Requested size: 597.3101pt x 844.83423pt.
<Exhibits/Contributions/SidelkovskayaLetter/SidelkovskayaLetter.pdf, id=6110, page=1, 597.31157pt x 844.83629pt>
File: Exhibits/Contributions/SidelkovskayaLetter/SidelkovskayaLetter.pdf Graphic file (type pdf)
<use Exhibits/Contributions/SidelkovskayaLetter/SidelkovskayaLetter.pdf, page 1>
Package pdftex.def Info: Exhibits/Contributions/SidelkovskayaLetter/SidelkovskayaLetter.pdf , page1 used on input line 4.
(pdftex.def)             Requested size: 597.3101pt x 844.83423pt.
File: Exhibits/Contributions/SidelkovskayaLetter/SidelkovskayaLetter.pdf Graphic file (type pdf)
<use Exhibits/Contributions/SidelkovskayaLetter/SidelkovskayaLetter.pdf, page 1>
Package pdftex.def Info: Exhibits/Contributions/SidelkovskayaLetter/SidelkovskayaLetter.pdf , page1 used on input line 4.
(pdftex.def)             Requested size: 562.60312pt x 795.74474pt.
File: Exhibits/Contributions/SidelkovskayaLetter/SidelkovskayaLetter.pdf Graphic file (type pdf)
<use Exhibits/Contributions/SidelkovskayaLetter/SidelkovskayaLetter.pdf, page 1>
Package pdftex.def Info: Exhibits/Contributions/SidelkovskayaLetter/SidelkovskayaLetter.pdf , page1 used on input line 4.
(pdftex.def)             Requested size: 562.60312pt x 795.74474pt.
File: Exhibits/Contributions/SidelkovskayaLetter/SidelkovskayaLetter.pdf Graphic file (type pdf)
<use Exhibits/Contributions/SidelkovskayaLetter/SidelkovskayaLetter.pdf, page 1>
Package pdftex.def Info: Exhibits/Contributions/SidelkovskayaLetter/SidelkovskayaLetter.pdf , page1 used on input line 4.
(pdftex.def)             Requested size: 562.60312pt x 795.74474pt.


File: Exhibits/Contributions/SidelkovskayaLetter/SidelkovskayaLetter.pdf Graphic file (type pdf)
<use Exhibits/Contributions/SidelkovskayaLetter/SidelkovskayaLetter.pdf, page 1>
Package pdftex.def Info: Exhibits/Contributions/SidelkovskayaLetter/SidelkovskayaLetter.pdf , page1 used on input line 4.
(pdftex.def)             Requested size: 562.60312pt x 795.74474pt.
[363


 <./Exhibits/Contributions/SidelkovskayaLetter/SidelkovskayaLetter.pdf, page is rotated 90 degrees>]
<Exhibits/Contributions/SidelkovskayaLetter/SidelkovskayaLetter.pdf, id=6117, page=2, 597.31157pt x 844.83629pt>
File: Exhibits/Contributions/SidelkovskayaLetter/SidelkovskayaLetter.pdf Graphic file (type pdf)
<use Exhibits/Contributions/SidelkovskayaLetter/SidelkovskayaLetter.pdf, page 2>
Package pdftex.def Info: Exhibits/Contributions/SidelkovskayaLetter/SidelkovskayaLetter.pdf , page2 used on input line 4.
(pdftex.def)             Requested size: 562.60312pt x 795.74474pt.
File: Exhibits/Contributions/SidelkovskayaLetter/SidelkovskayaLetter.pdf Graphic file (type pdf)
<use Exhibits/Contributions/SidelkovskayaLetter/SidelkovskayaLetter.pdf, page 2>
Package pdftex.def Info: Exhibits/Contributions/SidelkovskayaLetter/SidelkovskayaLetter.pdf , page2 used on input line 4.
(pdftex.def)             Requested size: 562.60312pt x 795.74474pt.


File: Exhibits/Contributions/SidelkovskayaLetter/SidelkovskayaLetter.pdf Graphic file (type pdf)
<use Exhibits/Contributions/SidelkovskayaLetter/SidelkovskayaLetter.pdf, page 2>
Package pdftex.def Info: Exhibits/Contributions/SidelkovskayaLetter/SidelkovskayaLetter.pdf , page2 used on input line 4.
(pdftex.def)             Requested size: 562.60312pt x 795.74474pt.
[364

 <./Exhibits/Contributions/SidelkovskayaLetter/SidelkovskayaLetter.pdf, page is rotated 90 degrees>]) (./Exhibits/Contributions/SidelkovskayaCV/SidelkovskayaCV.tex

[365


]
<Exhibits/Contributions/SidelkovskayaCV/SidelkovskayaCV.pdf, id=6128, 614.295pt x 794.97pt>
File: Exhibits/Contributions/SidelkovskayaCV/SidelkovskayaCV.pdf Graphic file (type pdf)
<use Exhibits/Contributions/SidelkovskayaCV/SidelkovskayaCV.pdf>
Package pdftex.def Info: Exhibits/Contributions/SidelkovskayaCV/SidelkovskayaCV.pdf  used on input line 4.
(pdftex.def)             Requested size: 614.29349pt x 794.96806pt.
<Exhibits/Contributions/SidelkovskayaCV/SidelkovskayaCV.pdf, id=6130, page=1, 614.295pt x 794.97pt>
File: Exhibits/Contributions/SidelkovskayaCV/SidelkovskayaCV.pdf Graphic file (type pdf)
<use Exhibits/Contributions/SidelkovskayaCV/SidelkovskayaCV.pdf, page 1>
Package pdftex.def Info: Exhibits/Contributions/SidelkovskayaCV/SidelkovskayaCV.pdf , page1 used on input line 4.
(pdftex.def)             Requested size: 614.29349pt x 794.96806pt.
File: Exhibits/Contributions/SidelkovskayaCV/SidelkovskayaCV.pdf Graphic file (type pdf)
<use Exhibits/Contributions/SidelkovskayaCV/SidelkovskayaCV.pdf, page 1>
Package pdftex.def Info: Exhibits/Contributions/SidelkovskayaCV/SidelkovskayaCV.pdf , page1 used on input line 4.
(pdftex.def)             Requested size: 614.58406pt x 795.3441pt.
File: Exhibits/Contributions/SidelkovskayaCV/SidelkovskayaCV.pdf Graphic file (type pdf)
<use Exhibits/Contributions/SidelkovskayaCV/SidelkovskayaCV.pdf, page 1>
Package pdftex.def Info: Exhibits/Contributions/SidelkovskayaCV/SidelkovskayaCV.pdf , page1 used on input line 4.
(pdftex.def)             Requested size: 614.58406pt x 795.3441pt.
File: Exhibits/Contributions/SidelkovskayaCV/SidelkovskayaCV.pdf Graphic file (type pdf)
<use Exhibits/Contributions/SidelkovskayaCV/SidelkovskayaCV.pdf, page 1>
Package pdftex.def Info: Exhibits/Contributions/SidelkovskayaCV/SidelkovskayaCV.pdf , page1 used on input line 4.
(pdftex.def)             Requested size: 614.58406pt x 795.3441pt.


File: Exhibits/Contributions/SidelkovskayaCV/SidelkovskayaCV.pdf Graphic file (type pdf)
<use Exhibits/Contributions/SidelkovskayaCV/SidelkovskayaCV.pdf, page 1>
Package pdftex.def Info: Exhibits/Contributions/SidelkovskayaCV/SidelkovskayaCV.pdf , page1 used on input line 4.
(pdftex.def)             Requested size: 614.58406pt x 795.3441pt.
[366


 <./Exhibits/Contributions/SidelkovskayaCV/SidelkovskayaCV.pdf>]
<Exhibits/Contributions/SidelkovskayaCV/SidelkovskayaCV.pdf, id=6157, page=2, 614.295pt x 794.97pt>
File: Exhibits/Contributions/SidelkovskayaCV/SidelkovskayaCV.pdf Graphic file (type pdf)
<use Exhibits/Contributions/SidelkovskayaCV/SidelkovskayaCV.pdf, page 2>
Package pdftex.def Info: Exhibits/Contributions/SidelkovskayaCV/SidelkovskayaCV.pdf , page2 used on input line 4.
(pdftex.def)             Requested size: 614.58406pt x 795.3441pt.
File: Exhibits/Contributions/SidelkovskayaCV/SidelkovskayaCV.pdf Graphic file (type pdf)
<use Exhibits/Contributions/SidelkovskayaCV/SidelkovskayaCV.pdf, page 2>
Package pdftex.def Info: Exhibits/Contributions/SidelkovskayaCV/SidelkovskayaCV.pdf , page2 used on input line 4.
(pdftex.def)             Requested size: 614.58406pt x 795.3441pt.


File: Exhibits/Contributions/SidelkovskayaCV/SidelkovskayaCV.pdf Graphic file (type pdf)
<use Exhibits/Contributions/SidelkovskayaCV/SidelkovskayaCV.pdf, page 2>
Package pdftex.def Info: Exhibits/Contributions/SidelkovskayaCV/SidelkovskayaCV.pdf , page2 used on input line 4.
(pdftex.def)             Requested size: 614.58406pt x 795.3441pt.
[367

 <./Exhibits/Contributions/SidelkovskayaCV/SidelkovskayaCV.pdf>]
<Exhibits/Contributions/SidelkovskayaCV/SidelkovskayaCV.pdf, id=6163, page=3, 614.295pt x 794.97pt>
File: Exhibits/Contributions/SidelkovskayaCV/SidelkovskayaCV.pdf Graphic file (type pdf)
<use Exhibits/Contributions/SidelkovskayaCV/SidelkovskayaCV.pdf, page 3>
Package pdftex.def Info: Exhibits/Contributions/SidelkovskayaCV/SidelkovskayaCV.pdf , page3 used on input line 4.
(pdftex.def)             Requested size: 614.58406pt x 795.3441pt.
File: Exhibits/Contributions/SidelkovskayaCV/SidelkovskayaCV.pdf Graphic file (type pdf)
<use Exhibits/Contributions/SidelkovskayaCV/SidelkovskayaCV.pdf, page 3>
Package pdftex.def Info: Exhibits/Contributions/SidelkovskayaCV/SidelkovskayaCV.pdf , page3 used on input line 4.
(pdftex.def)             Requested size: 614.58406pt x 795.3441pt.


File: Exhibits/Contributions/SidelkovskayaCV/SidelkovskayaCV.pdf Graphic file (type pdf)
<use Exhibits/Contributions/SidelkovskayaCV/SidelkovskayaCV.pdf, page 3>
Package pdftex.def Info: Exhibits/Contributions/SidelkovskayaCV/SidelkovskayaCV.pdf , page3 used on input line 4.
(pdftex.def)             Requested size: 614.58406pt x 795.3441pt.
[368

 <./Exhibits/Contributions/SidelkovskayaCV/SidelkovskayaCV.pdf>]) (./Exhibits/Contributions/YesmagambetovLetter/YesmagambetovLetter.tex

[369


]
<Exhibits/Contributions/YesmagambetovLetter/YesmagambetovLetter.pdf, id=6173, 597.31157pt x 844.83629pt>
File: Exhibits/Contributions/YesmagambetovLetter/YesmagambetovLetter.pdf Graphic file (type pdf)
<use Exhibits/Contributions/YesmagambetovLetter/YesmagambetovLetter.pdf>
Package pdftex.def Info: Exhibits/Contributions/YesmagambetovLetter/YesmagambetovLetter.pdf  used on input line 4.
(pdftex.def)             Requested size: 597.3101pt x 844.83423pt.
<Exhibits/Contributions/YesmagambetovLetter/YesmagambetovLetter.pdf, id=6175, page=1, 597.31157pt x 844.83629pt>
File: Exhibits/Contributions/YesmagambetovLetter/YesmagambetovLetter.pdf Graphic file (type pdf)
<use Exhibits/Contributions/YesmagambetovLetter/YesmagambetovLetter.pdf, page 1>
Package pdftex.def Info: Exhibits/Contributions/YesmagambetovLetter/YesmagambetovLetter.pdf , page1 used on input line 4.
(pdftex.def)             Requested size: 597.3101pt x 844.83423pt.
File: Exhibits/Contributions/YesmagambetovLetter/YesmagambetovLetter.pdf Graphic file (type pdf)
<use Exhibits/Contributions/YesmagambetovLetter/YesmagambetovLetter.pdf, page 1>
Package pdftex.def Info: Exhibits/Contributions/YesmagambetovLetter/YesmagambetovLetter.pdf , page1 used on input line 4.
(pdftex.def)             Requested size: 562.60312pt x 795.74474pt.
File: Exhibits/Contributions/YesmagambetovLetter/YesmagambetovLetter.pdf Graphic file (type pdf)
<use Exhibits/Contributions/YesmagambetovLetter/YesmagambetovLetter.pdf, page 1>
Package pdftex.def Info: Exhibits/Contributions/YesmagambetovLetter/YesmagambetovLetter.pdf , page1 used on input line 4.
(pdftex.def)             Requested size: 562.60312pt x 795.74474pt.
File: Exhibits/Contributions/YesmagambetovLetter/YesmagambetovLetter.pdf Graphic file (type pdf)
<use Exhibits/Contributions/YesmagambetovLetter/YesmagambetovLetter.pdf, page 1>
Package pdftex.def Info: Exhibits/Contributions/YesmagambetovLetter/YesmagambetovLetter.pdf , page1 used on input line 4.
(pdftex.def)             Requested size: 562.60312pt x 795.74474pt.


File: Exhibits/Contributions/YesmagambetovLetter/YesmagambetovLetter.pdf Graphic file (type pdf)
<use Exhibits/Contributions/YesmagambetovLetter/YesmagambetovLetter.pdf, page 1>
Package pdftex.def Info: Exhibits/Contributions/YesmagambetovLetter/YesmagambetovLetter.pdf , page1 used on input line 4.
(pdftex.def)             Requested size: 562.60312pt x 795.74474pt.
[370


 <./Exhibits/Contributions/YesmagambetovLetter/YesmagambetovLetter.pdf, page is rotated 90 degrees>]
<Exhibits/Contributions/YesmagambetovLetter/YesmagambetovLetter.pdf, id=6182, page=2, 597.31157pt x 844.83629pt>
File: Exhibits/Contributions/YesmagambetovLetter/YesmagambetovLetter.pdf Graphic file (type pdf)
<use Exhibits/Contributions/YesmagambetovLetter/YesmagambetovLetter.pdf, page 2>
Package pdftex.def Info: Exhibits/Contributions/YesmagambetovLetter/YesmagambetovLetter.pdf , page2 used on input line 4.
(pdftex.def)             Requested size: 562.60312pt x 795.74474pt.
File: Exhibits/Contributions/YesmagambetovLetter/YesmagambetovLetter.pdf Graphic file (type pdf)
<use Exhibits/Contributions/YesmagambetovLetter/YesmagambetovLetter.pdf, page 2>
Package pdftex.def Info: Exhibits/Contributions/YesmagambetovLetter/YesmagambetovLetter.pdf , page2 used on input line 4.
(pdftex.def)             Requested size: 562.60312pt x 795.74474pt.


File: Exhibits/Contributions/YesmagambetovLetter/YesmagambetovLetter.pdf Graphic file (type pdf)
<use Exhibits/Contributions/YesmagambetovLetter/YesmagambetovLetter.pdf, page 2>
Package pdftex.def Info: Exhibits/Contributions/YesmagambetovLetter/YesmagambetovLetter.pdf , page2 used on input line 4.
(pdftex.def)             Requested size: 562.60312pt x 795.74474pt.
[371

 <./Exhibits/Contributions/YesmagambetovLetter/YesmagambetovLetter.pdf, page is rotated 90 degrees>]
<Exhibits/Contributions/YesmagambetovLetter/YesmagambetovLetter.pdf, id=6188, page=3, 597.31157pt x 844.83629pt>
File: Exhibits/Contributions/YesmagambetovLetter/YesmagambetovLetter.pdf Graphic file (type pdf)
<use Exhibits/Contributions/YesmagambetovLetter/YesmagambetovLetter.pdf, page 3>
Package pdftex.def Info: Exhibits/Contributions/YesmagambetovLetter/YesmagambetovLetter.pdf , page3 used on input line 4.
(pdftex.def)             Requested size: 562.60312pt x 795.74474pt.
File: Exhibits/Contributions/YesmagambetovLetter/YesmagambetovLetter.pdf Graphic file (type pdf)
<use Exhibits/Contributions/YesmagambetovLetter/YesmagambetovLetter.pdf, page 3>
Package pdftex.def Info: Exhibits/Contributions/YesmagambetovLetter/YesmagambetovLetter.pdf , page3 used on input line 4.
(pdftex.def)             Requested size: 562.60312pt x 795.74474pt.


File: Exhibits/Contributions/YesmagambetovLetter/YesmagambetovLetter.pdf Graphic file (type pdf)
<use Exhibits/Contributions/YesmagambetovLetter/YesmagambetovLetter.pdf, page 3>
Package pdftex.def Info: Exhibits/Contributions/YesmagambetovLetter/YesmagambetovLetter.pdf , page3 used on input line 4.
(pdftex.def)             Requested size: 562.60312pt x 795.74474pt.
[372

 <./Exhibits/Contributions/YesmagambetovLetter/YesmagambetovLetter.pdf, page is rotated 90 degrees>]) (./Exhibits/Contributions/YesmagambetovCV/YesmagambetovCV.tex

[373


]
<Exhibits/Contributions/YesmagambetovCV/YesmagambetovCV.pdf, id=6200, 597.55246pt x 845.07718pt>
File: Exhibits/Contributions/YesmagambetovCV/YesmagambetovCV.pdf Graphic file (type pdf)
<use Exhibits/Contributions/YesmagambetovCV/YesmagambetovCV.pdf>
Package pdftex.def Info: Exhibits/Contributions/YesmagambetovCV/YesmagambetovCV.pdf  used on input line 4.
(pdftex.def)             Requested size: 597.551pt x 845.07512pt.
<Exhibits/Contributions/YesmagambetovCV/YesmagambetovCV.pdf, id=6202, page=1, 597.55246pt x 845.07718pt>
File: Exhibits/Contributions/YesmagambetovCV/YesmagambetovCV.pdf Graphic file (type pdf)
<use Exhibits/Contributions/YesmagambetovCV/YesmagambetovCV.pdf, page 1>
Package pdftex.def Info: Exhibits/Contributions/YesmagambetovCV/YesmagambetovCV.pdf , page1 used on input line 4.
(pdftex.def)             Requested size: 597.551pt x 845.07512pt.
File: Exhibits/Contributions/YesmagambetovCV/YesmagambetovCV.pdf Graphic file (type pdf)
<use Exhibits/Contributions/YesmagambetovCV/YesmagambetovCV.pdf, page 1>
Package pdftex.def Info: Exhibits/Contributions/YesmagambetovCV/YesmagambetovCV.pdf , page1 used on input line 4.
(pdftex.def)             Requested size: 562.1644pt x 795.0303pt.
File: Exhibits/Contributions/YesmagambetovCV/YesmagambetovCV.pdf Graphic file (type pdf)
<use Exhibits/Contributions/YesmagambetovCV/YesmagambetovCV.pdf, page 1>
Package pdftex.def Info: Exhibits/Contributions/YesmagambetovCV/YesmagambetovCV.pdf , page1 used on input line 4.
(pdftex.def)             Requested size: 562.1644pt x 795.0303pt.
File: Exhibits/Contributions/YesmagambetovCV/YesmagambetovCV.pdf Graphic file (type pdf)
<use Exhibits/Contributions/YesmagambetovCV/YesmagambetovCV.pdf, page 1>
Package pdftex.def Info: Exhibits/Contributions/YesmagambetovCV/YesmagambetovCV.pdf , page1 used on input line 4.
(pdftex.def)             Requested size: 562.1644pt x 795.0303pt.


File: Exhibits/Contributions/YesmagambetovCV/YesmagambetovCV.pdf Graphic file (type pdf)
<use Exhibits/Contributions/YesmagambetovCV/YesmagambetovCV.pdf, page 1>
Package pdftex.def Info: Exhibits/Contributions/YesmagambetovCV/YesmagambetovCV.pdf , page1 used on input line 4.
(pdftex.def)             Requested size: 562.1644pt x 795.0303pt.
[374


 <./Exhibits/Contributions/YesmagambetovCV/YesmagambetovCV.pdf>]
<Exhibits/Contributions/YesmagambetovCV/YesmagambetovCV.pdf, id=6256, page=2, 597.55246pt x 845.07718pt>
File: Exhibits/Contributions/YesmagambetovCV/YesmagambetovCV.pdf Graphic file (type pdf)
<use Exhibits/Contributions/YesmagambetovCV/YesmagambetovCV.pdf, page 2>
Package pdftex.def Info: Exhibits/Contributions/YesmagambetovCV/YesmagambetovCV.pdf , page2 used on input line 4.
(pdftex.def)             Requested size: 562.1644pt x 795.0303pt.
File: Exhibits/Contributions/YesmagambetovCV/YesmagambetovCV.pdf Graphic file (type pdf)
<use Exhibits/Contributions/YesmagambetovCV/YesmagambetovCV.pdf, page 2>
Package pdftex.def Info: Exhibits/Contributions/YesmagambetovCV/YesmagambetovCV.pdf , page2 used on input line 4.
(pdftex.def)             Requested size: 562.1644pt x 795.0303pt.


File: Exhibits/Contributions/YesmagambetovCV/YesmagambetovCV.pdf Graphic file (type pdf)
<use Exhibits/Contributions/YesmagambetovCV/YesmagambetovCV.pdf, page 2>
Package pdftex.def Info: Exhibits/Contributions/YesmagambetovCV/YesmagambetovCV.pdf , page2 used on input line 4.
(pdftex.def)             Requested size: 562.1644pt x 795.0303pt.
[375

 <./Exhibits/Contributions/YesmagambetovCV/YesmagambetovCV.pdf>]
<Exhibits/Contributions/YesmagambetovCV/YesmagambetovCV.pdf, id=6273, page=3, 597.55246pt x 845.07718pt>
File: Exhibits/Contributions/YesmagambetovCV/YesmagambetovCV.pdf Graphic file (type pdf)
<use Exhibits/Contributions/YesmagambetovCV/YesmagambetovCV.pdf, page 3>
Package pdftex.def Info: Exhibits/Contributions/YesmagambetovCV/YesmagambetovCV.pdf , page3 used on input line 4.
(pdftex.def)             Requested size: 562.1644pt x 795.0303pt.
File: Exhibits/Contributions/YesmagambetovCV/YesmagambetovCV.pdf Graphic file (type pdf)
<use Exhibits/Contributions/YesmagambetovCV/YesmagambetovCV.pdf, page 3>
Package pdftex.def Info: Exhibits/Contributions/YesmagambetovCV/YesmagambetovCV.pdf , page3 used on input line 4.
(pdftex.def)             Requested size: 562.1644pt x 795.0303pt.


File: Exhibits/Contributions/YesmagambetovCV/YesmagambetovCV.pdf Graphic file (type pdf)
<use Exhibits/Contributions/YesmagambetovCV/YesmagambetovCV.pdf, page 3>
Package pdftex.def Info: Exhibits/Contributions/YesmagambetovCV/YesmagambetovCV.pdf , page3 used on input line 4.
(pdftex.def)             Requested size: 562.1644pt x 795.0303pt.
[376

 <./Exhibits/Contributions/YesmagambetovCV/YesmagambetovCV.pdf>]) (./Exhibits/Contributions/SanatovLetter/SanatovLetter.tex

[377


]
<Exhibits/Contributions/SanatovLetter/SanatovLetter.pdf, id=6288, 598.235pt x 845.1575pt>
File: Exhibits/Contributions/SanatovLetter/SanatovLetter.pdf Graphic file (type pdf)
<use Exhibits/Contributions/SanatovLetter/SanatovLetter.pdf>
Package pdftex.def Info: Exhibits/Contributions/SanatovLetter/SanatovLetter.pdf  used on input line 4.
(pdftex.def)             Requested size: 598.23354pt x 845.15544pt.
<Exhibits/Contributions/SanatovLetter/SanatovLetter.pdf, id=6290, page=1, 598.235pt x 845.1575pt>
File: Exhibits/Contributions/SanatovLetter/SanatovLetter.pdf Graphic file (type pdf)
<use Exhibits/Contributions/SanatovLetter/SanatovLetter.pdf, page 1>
Package pdftex.def Info: Exhibits/Contributions/SanatovLetter/SanatovLetter.pdf , page1 used on input line 4.
(pdftex.def)             Requested size: 598.23354pt x 845.15544pt.
File: Exhibits/Contributions/SanatovLetter/SanatovLetter.pdf Graphic file (type pdf)
<use Exhibits/Contributions/SanatovLetter/SanatovLetter.pdf, page 1>
Package pdftex.def Info: Exhibits/Contributions/SanatovLetter/SanatovLetter.pdf , page1 used on input line 4.
(pdftex.def)             Requested size: 562.80652pt x 795.10587pt.
File: Exhibits/Contributions/SanatovLetter/SanatovLetter.pdf Graphic file (type pdf)
<use Exhibits/Contributions/SanatovLetter/SanatovLetter.pdf, page 1>
Package pdftex.def Info: Exhibits/Contributions/SanatovLetter/SanatovLetter.pdf , page1 used on input line 4.
(pdftex.def)             Requested size: 562.80652pt x 795.10587pt.
File: Exhibits/Contributions/SanatovLetter/SanatovLetter.pdf Graphic file (type pdf)
<use Exhibits/Contributions/SanatovLetter/SanatovLetter.pdf, page 1>
Package pdftex.def Info: Exhibits/Contributions/SanatovLetter/SanatovLetter.pdf , page1 used on input line 4.
(pdftex.def)             Requested size: 562.80652pt x 795.10587pt.


File: Exhibits/Contributions/SanatovLetter/SanatovLetter.pdf Graphic file (type pdf)
<use Exhibits/Contributions/SanatovLetter/SanatovLetter.pdf, page 1>
Package pdftex.def Info: Exhibits/Contributions/SanatovLetter/SanatovLetter.pdf , page1 used on input line 4.
(pdftex.def)             Requested size: 562.80652pt x 795.10587pt.
[378


 <./Exhibits/Contributions/SanatovLetter/SanatovLetter.pdf>]
<Exhibits/Contributions/SanatovLetter/SanatovLetter.pdf, id=6312, page=2, 598.235pt x 845.1575pt>
File: Exhibits/Contributions/SanatovLetter/SanatovLetter.pdf Graphic file (type pdf)
<use Exhibits/Contributions/SanatovLetter/SanatovLetter.pdf, page 2>
Package pdftex.def Info: Exhibits/Contributions/SanatovLetter/SanatovLetter.pdf , page2 used on input line 4.
(pdftex.def)             Requested size: 562.80652pt x 795.10587pt.
File: Exhibits/Contributions/SanatovLetter/SanatovLetter.pdf Graphic file (type pdf)
<use Exhibits/Contributions/SanatovLetter/SanatovLetter.pdf, page 2>
Package pdftex.def Info: Exhibits/Contributions/SanatovLetter/SanatovLetter.pdf , page2 used on input line 4.
(pdftex.def)             Requested size: 562.80652pt x 795.10587pt.


File: Exhibits/Contributions/SanatovLetter/SanatovLetter.pdf Graphic file (type pdf)
<use Exhibits/Contributions/SanatovLetter/SanatovLetter.pdf, page 2>
Package pdftex.def Info: Exhibits/Contributions/SanatovLetter/SanatovLetter.pdf , page2 used on input line 4.
(pdftex.def)             Requested size: 562.80652pt x 795.10587pt.
[379

 <./Exhibits/Contributions/SanatovLetter/SanatovLetter.pdf>]
<Exhibits/Contributions/SanatovLetter/SanatovLetter.pdf, id=6318, page=3, 598.235pt x 845.1575pt>
File: Exhibits/Contributions/SanatovLetter/SanatovLetter.pdf Graphic file (type pdf)
<use Exhibits/Contributions/SanatovLetter/SanatovLetter.pdf, page 3>
Package pdftex.def Info: Exhibits/Contributions/SanatovLetter/SanatovLetter.pdf , page3 used on input line 4.
(pdftex.def)             Requested size: 562.80652pt x 795.10587pt.
File: Exhibits/Contributions/SanatovLetter/SanatovLetter.pdf Graphic file (type pdf)
<use Exhibits/Contributions/SanatovLetter/SanatovLetter.pdf, page 3>
Package pdftex.def Info: Exhibits/Contributions/SanatovLetter/SanatovLetter.pdf , page3 used on input line 4.
(pdftex.def)             Requested size: 562.80652pt x 795.10587pt.


File: Exhibits/Contributions/SanatovLetter/SanatovLetter.pdf Graphic file (type pdf)
<use Exhibits/Contributions/SanatovLetter/SanatovLetter.pdf, page 3>
Package pdftex.def Info: Exhibits/Contributions/SanatovLetter/SanatovLetter.pdf , page3 used on input line 4.
(pdftex.def)             Requested size: 562.80652pt x 795.10587pt.
[380

 <./Exhibits/Contributions/SanatovLetter/SanatovLetter.pdf>]) (./Exhibits/Contributions/SanatovCV/SanatovCV.tex

[381


]
<Exhibits/Contributions/SanatovCV/SanatovCV2.pdf, id=6328, 597.6729pt x 845.19763pt>
File: Exhibits/Contributions/SanatovCV/SanatovCV2.pdf Graphic file (type pdf)
<use Exhibits/Contributions/SanatovCV/SanatovCV2.pdf>
Package pdftex.def Info: Exhibits/Contributions/SanatovCV/SanatovCV2.pdf  used on input line 5.
(pdftex.def)             Requested size: 597.67143pt x 845.19557pt.
<Exhibits/Contributions/SanatovCV/SanatovCV2.pdf, id=6330, page=1, 597.6729pt x 845.19763pt>
File: Exhibits/Contributions/SanatovCV/SanatovCV2.pdf Graphic file (type pdf)
<use Exhibits/Contributions/SanatovCV/SanatovCV2.pdf, page 1>
Package pdftex.def Info: Exhibits/Contributions/SanatovCV/SanatovCV2.pdf , page1 used on input line 5.
(pdftex.def)             Requested size: 597.67143pt x 845.19557pt.
File: Exhibits/Contributions/SanatovCV/SanatovCV2.pdf Graphic file (type pdf)
<use Exhibits/Contributions/SanatovCV/SanatovCV2.pdf, page 1>
Package pdftex.def Info: Exhibits/Contributions/SanatovCV/SanatovCV2.pdf , page1 used on input line 5.
(pdftex.def)             Requested size: 562.27771pt x 795.14362pt.
File: Exhibits/Contributions/SanatovCV/SanatovCV2.pdf Graphic file (type pdf)
<use Exhibits/Contributions/SanatovCV/SanatovCV2.pdf, page 1>
Package pdftex.def Info: Exhibits/Contributions/SanatovCV/SanatovCV2.pdf , page1 used on input line 5.
(pdftex.def)             Requested size: 562.27771pt x 795.14362pt.
File: Exhibits/Contributions/SanatovCV/SanatovCV2.pdf Graphic file (type pdf)
<use Exhibits/Contributions/SanatovCV/SanatovCV2.pdf, page 1>
Package pdftex.def Info: Exhibits/Contributions/SanatovCV/SanatovCV2.pdf , page1 used on input line 5.
(pdftex.def)             Requested size: 562.27771pt x 795.14362pt.


File: Exhibits/Contributions/SanatovCV/SanatovCV2.pdf Graphic file (type pdf)
<use Exhibits/Contributions/SanatovCV/SanatovCV2.pdf, page 1>
Package pdftex.def Info: Exhibits/Contributions/SanatovCV/SanatovCV2.pdf , page1 used on input line 5.
(pdftex.def)             Requested size: 562.27771pt x 795.14362pt.
[382


 <./Exhibits/Contributions/SanatovCV/SanatovCV2.pdf>]
<Exhibits/Contributions/SanatovCV/SanatovCV2.pdf, id=6379, page=2, 597.6729pt x 845.19763pt>
File: Exhibits/Contributions/SanatovCV/SanatovCV2.pdf Graphic file (type pdf)
<use Exhibits/Contributions/SanatovCV/SanatovCV2.pdf, page 2>
Package pdftex.def Info: Exhibits/Contributions/SanatovCV/SanatovCV2.pdf , page2 used on input line 5.
(pdftex.def)             Requested size: 562.27771pt x 795.14362pt.
File: Exhibits/Contributions/SanatovCV/SanatovCV2.pdf Graphic file (type pdf)
<use Exhibits/Contributions/SanatovCV/SanatovCV2.pdf, page 2>
Package pdftex.def Info: Exhibits/Contributions/SanatovCV/SanatovCV2.pdf , page2 used on input line 5.
(pdftex.def)             Requested size: 562.27771pt x 795.14362pt.


File: Exhibits/Contributions/SanatovCV/SanatovCV2.pdf Graphic file (type pdf)
<use Exhibits/Contributions/SanatovCV/SanatovCV2.pdf, page 2>
Package pdftex.def Info: Exhibits/Contributions/SanatovCV/SanatovCV2.pdf , page2 used on input line 5.
(pdftex.def)             Requested size: 562.27771pt x 795.14362pt.
[383

 <./Exhibits/Contributions/SanatovCV/SanatovCV2.pdf>]
<Exhibits/Contributions/SanatovCV/SanatovCV2.pdf, id=6386, page=3, 597.6729pt x 845.19763pt>
File: Exhibits/Contributions/SanatovCV/SanatovCV2.pdf Graphic file (type pdf)
<use Exhibits/Contributions/SanatovCV/SanatovCV2.pdf, page 3>
Package pdftex.def Info: Exhibits/Contributions/SanatovCV/SanatovCV2.pdf , page3 used on input line 5.
(pdftex.def)             Requested size: 562.27771pt x 795.14362pt.
File: Exhibits/Contributions/SanatovCV/SanatovCV2.pdf Graphic file (type pdf)
<use Exhibits/Contributions/SanatovCV/SanatovCV2.pdf, page 3>
Package pdftex.def Info: Exhibits/Contributions/SanatovCV/SanatovCV2.pdf , page3 used on input line 5.
(pdftex.def)             Requested size: 562.27771pt x 795.14362pt.


File: Exhibits/Contributions/SanatovCV/SanatovCV2.pdf Graphic file (type pdf)
<use Exhibits/Contributions/SanatovCV/SanatovCV2.pdf, page 3>
Package pdftex.def Info: Exhibits/Contributions/SanatovCV/SanatovCV2.pdf , page3 used on input line 5.
(pdftex.def)             Requested size: 562.27771pt x 795.14362pt.
[384

 <./Exhibits/Contributions/SanatovCV/SanatovCV2.pdf>]
<Exhibits/Contributions/SanatovCV/SanatovCV2.pdf, id=6400, page=4, 597.6729pt x 845.19763pt>
File: Exhibits/Contributions/SanatovCV/SanatovCV2.pdf Graphic file (type pdf)
<use Exhibits/Contributions/SanatovCV/SanatovCV2.pdf, page 4>
Package pdftex.def Info: Exhibits/Contributions/SanatovCV/SanatovCV2.pdf , page4 used on input line 5.
(pdftex.def)             Requested size: 562.27771pt x 795.14362pt.
File: Exhibits/Contributions/SanatovCV/SanatovCV2.pdf Graphic file (type pdf)
<use Exhibits/Contributions/SanatovCV/SanatovCV2.pdf, page 4>
Package pdftex.def Info: Exhibits/Contributions/SanatovCV/SanatovCV2.pdf , page4 used on input line 5.
(pdftex.def)             Requested size: 562.27771pt x 795.14362pt.


File: Exhibits/Contributions/SanatovCV/SanatovCV2.pdf Graphic file (type pdf)
<use Exhibits/Contributions/SanatovCV/SanatovCV2.pdf, page 4>
Package pdftex.def Info: Exhibits/Contributions/SanatovCV/SanatovCV2.pdf , page4 used on input line 5.
(pdftex.def)             Requested size: 562.27771pt x 795.14362pt.
[385

 <./Exhibits/Contributions/SanatovCV/SanatovCV2.pdf>])) (./Exhibits/Articles/Articles.tex (./Exhibits/Articles/VAKList/VAKList.tex

[386


]
<Exhibits/Articles/VAKList/VAKList.pdf, id=6412, 597.55246pt x 845.07718pt>
File: Exhibits/Articles/VAKList/VAKList.pdf Graphic file (type pdf)
<use Exhibits/Articles/VAKList/VAKList.pdf>
Package pdftex.def Info: Exhibits/Articles/VAKList/VAKList.pdf  used on input line 4.
(pdftex.def)             Requested size: 597.551pt x 845.07512pt.
<Exhibits/Articles/VAKList/VAKList.pdf, id=6414, page=1, 597.55246pt x 845.07718pt>
File: Exhibits/Articles/VAKList/VAKList.pdf Graphic file (type pdf)
<use Exhibits/Articles/VAKList/VAKList.pdf, page 1>
Package pdftex.def Info: Exhibits/Articles/VAKList/VAKList.pdf , page1 used on input line 4.
(pdftex.def)             Requested size: 597.551pt x 845.07512pt.
File: Exhibits/Articles/VAKList/VAKList.pdf Graphic file (type pdf)
<use Exhibits/Articles/VAKList/VAKList.pdf, page 1>
Package pdftex.def Info: Exhibits/Articles/VAKList/VAKList.pdf , page1 used on input line 4.
(pdftex.def)             Requested size: 562.1644pt x 795.0303pt.
File: Exhibits/Articles/VAKList/VAKList.pdf Graphic file (type pdf)
<use Exhibits/Articles/VAKList/VAKList.pdf, page 1>
Package pdftex.def Info: Exhibits/Articles/VAKList/VAKList.pdf , page1 used on input line 4.
(pdftex.def)             Requested size: 562.1644pt x 795.0303pt.
File: Exhibits/Articles/VAKList/VAKList.pdf Graphic file (type pdf)
<use Exhibits/Articles/VAKList/VAKList.pdf, page 1>
Package pdftex.def Info: Exhibits/Articles/VAKList/VAKList.pdf , page1 used on input line 4.
(pdftex.def)             Requested size: 562.1644pt x 795.0303pt.


File: Exhibits/Articles/VAKList/VAKList.pdf Graphic file (type pdf)
<use Exhibits/Articles/VAKList/VAKList.pdf, page 1>
Package pdftex.def Info: Exhibits/Articles/VAKList/VAKList.pdf , page1 used on input line 4.
(pdftex.def)             Requested size: 562.1644pt x 795.0303pt.
[387


 <./Exhibits/Articles/VAKList/VAKList.pdf>]
<Exhibits/Articles/VAKList/VAKList.pdf, id=6448, page=2, 597.55246pt x 845.07718pt>
File: Exhibits/Articles/VAKList/VAKList.pdf Graphic file (type pdf)
<use Exhibits/Articles/VAKList/VAKList.pdf, page 2>
Package pdftex.def Info: Exhibits/Articles/VAKList/VAKList.pdf , page2 used on input line 4.
(pdftex.def)             Requested size: 562.1644pt x 795.0303pt.
File: Exhibits/Articles/VAKList/VAKList.pdf Graphic file (type pdf)
<use Exhibits/Articles/VAKList/VAKList.pdf, page 2>
Package pdftex.def Info: Exhibits/Articles/VAKList/VAKList.pdf , page2 used on input line 4.
(pdftex.def)             Requested size: 562.1644pt x 795.0303pt.


File: Exhibits/Articles/VAKList/VAKList.pdf Graphic file (type pdf)
<use Exhibits/Articles/VAKList/VAKList.pdf, page 2>
Package pdftex.def Info: Exhibits/Articles/VAKList/VAKList.pdf , page2 used on input line 4.
(pdftex.def)             Requested size: 562.1644pt x 795.0303pt.
[388

 <./Exhibits/Articles/VAKList/VAKList.pdf>]
<Exhibits/Articles/VAKList/VAKList.pdf, id=6454, page=3, 597.55246pt x 845.07718pt>
File: Exhibits/Articles/VAKList/VAKList.pdf Graphic file (type pdf)
<use Exhibits/Articles/VAKList/VAKList.pdf, page 3>
Package pdftex.def Info: Exhibits/Articles/VAKList/VAKList.pdf , page3 used on input line 4.
(pdftex.def)             Requested size: 562.1644pt x 795.0303pt.
File: Exhibits/Articles/VAKList/VAKList.pdf Graphic file (type pdf)
<use Exhibits/Articles/VAKList/VAKList.pdf, page 3>
Package pdftex.def Info: Exhibits/Articles/VAKList/VAKList.pdf , page3 used on input line 4.
(pdftex.def)             Requested size: 562.1644pt x 795.0303pt.


File: Exhibits/Articles/VAKList/VAKList.pdf Graphic file (type pdf)
<use Exhibits/Articles/VAKList/VAKList.pdf, page 3>
Package pdftex.def Info: Exhibits/Articles/VAKList/VAKList.pdf , page3 used on input line 4.
(pdftex.def)             Requested size: 562.1644pt x 795.0303pt.
[389

 <./Exhibits/Articles/VAKList/VAKList.pdf>]
<Exhibits/Articles/VAKList/VAKList.pdf, id=6460, page=4, 597.55246pt x 845.07718pt>
File: Exhibits/Articles/VAKList/VAKList.pdf Graphic file (type pdf)
<use Exhibits/Articles/VAKList/VAKList.pdf, page 4>
Package pdftex.def Info: Exhibits/Articles/VAKList/VAKList.pdf , page4 used on input line 4.
(pdftex.def)             Requested size: 562.1644pt x 795.0303pt.
File: Exhibits/Articles/VAKList/VAKList.pdf Graphic file (type pdf)
<use Exhibits/Articles/VAKList/VAKList.pdf, page 4>
Package pdftex.def Info: Exhibits/Articles/VAKList/VAKList.pdf , page4 used on input line 4.
(pdftex.def)             Requested size: 562.1644pt x 795.0303pt.


File: Exhibits/Articles/VAKList/VAKList.pdf Graphic file (type pdf)
<use Exhibits/Articles/VAKList/VAKList.pdf, page 4>
Package pdftex.def Info: Exhibits/Articles/VAKList/VAKList.pdf , page4 used on input line 4.
(pdftex.def)             Requested size: 562.1644pt x 795.0303pt.
[390

 <./Exhibits/Articles/VAKList/VAKList.pdf>]
<Exhibits/Articles/VAKList/VAKList.pdf, id=6466, page=5, 597.55246pt x 845.07718pt>
File: Exhibits/Articles/VAKList/VAKList.pdf Graphic file (type pdf)
<use Exhibits/Articles/VAKList/VAKList.pdf, page 5>
Package pdftex.def Info: Exhibits/Articles/VAKList/VAKList.pdf , page5 used on input line 4.
(pdftex.def)             Requested size: 562.1644pt x 795.0303pt.
File: Exhibits/Articles/VAKList/VAKList.pdf Graphic file (type pdf)
<use Exhibits/Articles/VAKList/VAKList.pdf, page 5>
Package pdftex.def Info: Exhibits/Articles/VAKList/VAKList.pdf , page5 used on input line 4.
(pdftex.def)             Requested size: 562.1644pt x 795.0303pt.


File: Exhibits/Articles/VAKList/VAKList.pdf Graphic file (type pdf)
<use Exhibits/Articles/VAKList/VAKList.pdf, page 5>
Package pdftex.def Info: Exhibits/Articles/VAKList/VAKList.pdf , page5 used on input line 4.
(pdftex.def)             Requested size: 562.1644pt x 795.0303pt.
[391

 <./Exhibits/Articles/VAKList/VAKList.pdf>]
<Exhibits/Articles/VAKList/VAKList.pdf, id=6473, page=6, 597.55246pt x 845.07718pt>
File: Exhibits/Articles/VAKList/VAKList.pdf Graphic file (type pdf)
<use Exhibits/Articles/VAKList/VAKList.pdf, page 6>
Package pdftex.def Info: Exhibits/Articles/VAKList/VAKList.pdf , page6 used on input line 4.
(pdftex.def)             Requested size: 562.1644pt x 795.0303pt.
File: Exhibits/Articles/VAKList/VAKList.pdf Graphic file (type pdf)
<use Exhibits/Articles/VAKList/VAKList.pdf, page 6>
Package pdftex.def Info: Exhibits/Articles/VAKList/VAKList.pdf , page6 used on input line 4.
(pdftex.def)             Requested size: 562.1644pt x 795.0303pt.


File: Exhibits/Articles/VAKList/VAKList.pdf Graphic file (type pdf)
<use Exhibits/Articles/VAKList/VAKList.pdf, page 6>
Package pdftex.def Info: Exhibits/Articles/VAKList/VAKList.pdf , page6 used on input line 4.
(pdftex.def)             Requested size: 562.1644pt x 795.0303pt.
[392

 <./Exhibits/Articles/VAKList/VAKList.pdf>]) (./Exhibits/Articles/HeraldTU/HeraldTU.tex

[393


]
<Exhibits/Articles/HeraldTU/HeraldTU.pdf, id=6484, 597.55246pt x 845.07718pt>
File: Exhibits/Articles/HeraldTU/HeraldTU.pdf Graphic file (type pdf)
<use Exhibits/Articles/HeraldTU/HeraldTU.pdf>
Package pdftex.def Info: Exhibits/Articles/HeraldTU/HeraldTU.pdf  used on input line 4.
(pdftex.def)             Requested size: 597.551pt x 845.07512pt.
<Exhibits/Articles/HeraldTU/HeraldTU.pdf, id=6486, page=1, 597.55246pt x 845.07718pt>
File: Exhibits/Articles/HeraldTU/HeraldTU.pdf Graphic file (type pdf)
<use Exhibits/Articles/HeraldTU/HeraldTU.pdf, page 1>
Package pdftex.def Info: Exhibits/Articles/HeraldTU/HeraldTU.pdf , page1 used on input line 4.
(pdftex.def)             Requested size: 597.551pt x 845.07512pt.
File: Exhibits/Articles/HeraldTU/HeraldTU.pdf Graphic file (type pdf)
<use Exhibits/Articles/HeraldTU/HeraldTU.pdf, page 1>
Package pdftex.def Info: Exhibits/Articles/HeraldTU/HeraldTU.pdf , page1 used on input line 4.
(pdftex.def)             Requested size: 562.1644pt x 795.0303pt.
File: Exhibits/Articles/HeraldTU/HeraldTU.pdf Graphic file (type pdf)
<use Exhibits/Articles/HeraldTU/HeraldTU.pdf, page 1>
Package pdftex.def Info: Exhibits/Articles/HeraldTU/HeraldTU.pdf , page1 used on input line 4.
(pdftex.def)             Requested size: 562.1644pt x 795.0303pt.
File: Exhibits/Articles/HeraldTU/HeraldTU.pdf Graphic file (type pdf)
<use Exhibits/Articles/HeraldTU/HeraldTU.pdf, page 1>
Package pdftex.def Info: Exhibits/Articles/HeraldTU/HeraldTU.pdf , page1 used on input line 4.
(pdftex.def)             Requested size: 562.1644pt x 795.0303pt.


File: Exhibits/Articles/HeraldTU/HeraldTU.pdf Graphic file (type pdf)
<use Exhibits/Articles/HeraldTU/HeraldTU.pdf, page 1>
Package pdftex.def Info: Exhibits/Articles/HeraldTU/HeraldTU.pdf , page1 used on input line 4.
(pdftex.def)             Requested size: 562.1644pt x 795.0303pt.
[394


 <./Exhibits/Articles/HeraldTU/HeraldTU.pdf>]
<Exhibits/Articles/HeraldTU/HeraldTU.pdf, id=6540, page=2, 597.55246pt x 845.07718pt>
File: Exhibits/Articles/HeraldTU/HeraldTU.pdf Graphic file (type pdf)
<use Exhibits/Articles/HeraldTU/HeraldTU.pdf, page 2>
Package pdftex.def Info: Exhibits/Articles/HeraldTU/HeraldTU.pdf , page2 used on input line 4.
(pdftex.def)             Requested size: 562.1644pt x 795.0303pt.
File: Exhibits/Articles/HeraldTU/HeraldTU.pdf Graphic file (type pdf)
<use Exhibits/Articles/HeraldTU/HeraldTU.pdf, page 2>
Package pdftex.def Info: Exhibits/Articles/HeraldTU/HeraldTU.pdf , page2 used on input line 4.
(pdftex.def)             Requested size: 562.1644pt x 795.0303pt.


File: Exhibits/Articles/HeraldTU/HeraldTU.pdf Graphic file (type pdf)
<use Exhibits/Articles/HeraldTU/HeraldTU.pdf, page 2>
Package pdftex.def Info: Exhibits/Articles/HeraldTU/HeraldTU.pdf , page2 used on input line 4.
(pdftex.def)             Requested size: 562.1644pt x 795.0303pt.
[395

 <./Exhibits/Articles/HeraldTU/HeraldTU.pdf>]
<Exhibits/Articles/HeraldTU/HeraldTU.pdf, id=6549, page=3, 597.55246pt x 845.07718pt>
File: Exhibits/Articles/HeraldTU/HeraldTU.pdf Graphic file (type pdf)
<use Exhibits/Articles/HeraldTU/HeraldTU.pdf, page 3>
Package pdftex.def Info: Exhibits/Articles/HeraldTU/HeraldTU.pdf , page3 used on input line 4.
(pdftex.def)             Requested size: 562.1644pt x 795.0303pt.
File: Exhibits/Articles/HeraldTU/HeraldTU.pdf Graphic file (type pdf)
<use Exhibits/Articles/HeraldTU/HeraldTU.pdf, page 3>
Package pdftex.def Info: Exhibits/Articles/HeraldTU/HeraldTU.pdf , page3 used on input line 4.
(pdftex.def)             Requested size: 562.1644pt x 795.0303pt.


File: Exhibits/Articles/HeraldTU/HeraldTU.pdf Graphic file (type pdf)
<use Exhibits/Articles/HeraldTU/HeraldTU.pdf, page 3>
Package pdftex.def Info: Exhibits/Articles/HeraldTU/HeraldTU.pdf , page3 used on input line 4.
(pdftex.def)             Requested size: 562.1644pt x 795.0303pt.
[396

 <./Exhibits/Articles/HeraldTU/HeraldTU.pdf>]
<Exhibits/Articles/HeraldTU/HeraldTU.pdf, id=6555, page=4, 597.55246pt x 845.07718pt>
File: Exhibits/Articles/HeraldTU/HeraldTU.pdf Graphic file (type pdf)
<use Exhibits/Articles/HeraldTU/HeraldTU.pdf, page 4>
Package pdftex.def Info: Exhibits/Articles/HeraldTU/HeraldTU.pdf , page4 used on input line 4.
(pdftex.def)             Requested size: 562.1644pt x 795.0303pt.
File: Exhibits/Articles/HeraldTU/HeraldTU.pdf Graphic file (type pdf)
<use Exhibits/Articles/HeraldTU/HeraldTU.pdf, page 4>
Package pdftex.def Info: Exhibits/Articles/HeraldTU/HeraldTU.pdf , page4 used on input line 4.
(pdftex.def)             Requested size: 562.1644pt x 795.0303pt.


File: Exhibits/Articles/HeraldTU/HeraldTU.pdf Graphic file (type pdf)
<use Exhibits/Articles/HeraldTU/HeraldTU.pdf, page 4>
Package pdftex.def Info: Exhibits/Articles/HeraldTU/HeraldTU.pdf , page4 used on input line 4.
(pdftex.def)             Requested size: 562.1644pt x 795.0303pt.
[397

 <./Exhibits/Articles/HeraldTU/HeraldTU.pdf>]
<Exhibits/Articles/HeraldTU/HeraldTU.pdf, id=6574, page=5, 597.55246pt x 845.07718pt>
File: Exhibits/Articles/HeraldTU/HeraldTU.pdf Graphic file (type pdf)
<use Exhibits/Articles/HeraldTU/HeraldTU.pdf, page 5>
Package pdftex.def Info: Exhibits/Articles/HeraldTU/HeraldTU.pdf , page5 used on input line 4.
(pdftex.def)             Requested size: 562.1644pt x 795.0303pt.
File: Exhibits/Articles/HeraldTU/HeraldTU.pdf Graphic file (type pdf)
<use Exhibits/Articles/HeraldTU/HeraldTU.pdf, page 5>
Package pdftex.def Info: Exhibits/Articles/HeraldTU/HeraldTU.pdf , page5 used on input line 4.
(pdftex.def)             Requested size: 562.1644pt x 795.0303pt.


File: Exhibits/Articles/HeraldTU/HeraldTU.pdf Graphic file (type pdf)
<use Exhibits/Articles/HeraldTU/HeraldTU.pdf, page 5>
Package pdftex.def Info: Exhibits/Articles/HeraldTU/HeraldTU.pdf , page5 used on input line 4.
(pdftex.def)             Requested size: 562.1644pt x 795.0303pt.
[398

 <./Exhibits/Articles/HeraldTU/HeraldTU.pdf>]) (./Exhibits/Articles/HeraldTUSite/HeraldTUSite.tex

[399


]
<Exhibits/Articles/HeraldTUSite/HeraldTUSite.png, id=6597, 920.43875pt x 878.28125pt>
File: Exhibits/Articles/HeraldTUSite/HeraldTUSite.png Graphic file (type png)
<use Exhibits/Articles/HeraldTUSite/HeraldTUSite.png>
Package pdftex.def Info: Exhibits/Articles/HeraldTUSite/HeraldTUSite.png  used on input line 5.
(pdftex.def)             Requested size: 446.39099pt x 425.9525pt.


[400

 <./Exhibits/Articles/HeraldTUSite/HeraldTUSite.png>]
<Exhibits/Articles/HeraldTUSite/HeraldTUSite2.png, id=6603, 1041.8925pt x 880.28876pt>
File: Exhibits/Articles/HeraldTUSite/HeraldTUSite2.png Graphic file (type png)
<use Exhibits/Articles/HeraldTUSite/HeraldTUSite2.png>
Package pdftex.def Info: Exhibits/Articles/HeraldTUSite/HeraldTUSite2.png  used on input line 10.
(pdftex.def)             Requested size: 446.39099pt x 377.14671pt.
)

[401 <./Exhibits/Articles/HeraldTUSite/HeraldTUSite2.png>] (./Exhibits/Articles/ComponentsScientific/ComponentsScientific.tex

[402

]
<Exhibits/Articles/ComponentsScientific/ComponentsScientific.pdf, id=6614, 597.50829pt x 845.0471pt>
File: Exhibits/Articles/ComponentsScientific/ComponentsScientific.pdf Graphic file (type pdf)
<use Exhibits/Articles/ComponentsScientific/ComponentsScientific.pdf>
Package pdftex.def Info: Exhibits/Articles/ComponentsScientific/ComponentsScientific.pdf  used on input line 4.
(pdftex.def)             Requested size: 597.50682pt x 845.04504pt.
<Exhibits/Articles/ComponentsScientific/ComponentsScientific.pdf, id=6616, page=1, 597.50829pt x 845.0471pt>
File: Exhibits/Articles/ComponentsScientific/ComponentsScientific.pdf Graphic file (type pdf)
<use Exhibits/Articles/ComponentsScientific/ComponentsScientific.pdf, page 1>
Package pdftex.def Info: Exhibits/Articles/ComponentsScientific/ComponentsScientific.pdf , page1 used on input line 4.
(pdftex.def)             Requested size: 597.50682pt x 845.04504pt.
File: Exhibits/Articles/ComponentsScientific/ComponentsScientific.pdf Graphic file (type pdf)
<use Exhibits/Articles/ComponentsScientific/ComponentsScientific.pdf, page 1>
Package pdftex.def Info: Exhibits/Articles/ComponentsScientific/ComponentsScientific.pdf , page1 used on input line 4.
(pdftex.def)             Requested size: 562.12285pt x 795.00201pt.
File: Exhibits/Articles/ComponentsScientific/ComponentsScientific.pdf Graphic file (type pdf)
<use Exhibits/Articles/ComponentsScientific/ComponentsScientific.pdf, page 1>
Package pdftex.def Info: Exhibits/Articles/ComponentsScientific/ComponentsScientific.pdf , page1 used on input line 4.
(pdftex.def)             Requested size: 562.12285pt x 795.00201pt.
File: Exhibits/Articles/ComponentsScientific/ComponentsScientific.pdf Graphic file (type pdf)
<use Exhibits/Articles/ComponentsScientific/ComponentsScientific.pdf, page 1>
Package pdftex.def Info: Exhibits/Articles/ComponentsScientific/ComponentsScientific.pdf , page1 used on input line 4.
(pdftex.def)             Requested size: 562.12285pt x 795.00201pt.


File: Exhibits/Articles/ComponentsScientific/ComponentsScientific.pdf Graphic file (type pdf)
<use Exhibits/Articles/ComponentsScientific/ComponentsScientific.pdf, page 1>
Package pdftex.def Info: Exhibits/Articles/ComponentsScientific/ComponentsScientific.pdf , page1 used on input line 4.
(pdftex.def)             Requested size: 562.12285pt x 795.00201pt.
[403


 <./Exhibits/Articles/ComponentsScientific/ComponentsScientific.pdf>]
<Exhibits/Articles/ComponentsScientific/ComponentsScientific.pdf, id=6656, page=2, 597.50829pt x 845.0471pt>
File: Exhibits/Articles/ComponentsScientific/ComponentsScientific.pdf Graphic file (type pdf)
<use Exhibits/Articles/ComponentsScientific/ComponentsScientific.pdf, page 2>
Package pdftex.def Info: Exhibits/Articles/ComponentsScientific/ComponentsScientific.pdf , page2 used on input line 4.
(pdftex.def)             Requested size: 562.12285pt x 795.00201pt.
File: Exhibits/Articles/ComponentsScientific/ComponentsScientific.pdf Graphic file (type pdf)
<use Exhibits/Articles/ComponentsScientific/ComponentsScientific.pdf, page 2>
Package pdftex.def Info: Exhibits/Articles/ComponentsScientific/ComponentsScientific.pdf , page2 used on input line 4.
(pdftex.def)             Requested size: 562.12285pt x 795.00201pt.


File: Exhibits/Articles/ComponentsScientific/ComponentsScientific.pdf Graphic file (type pdf)
<use Exhibits/Articles/ComponentsScientific/ComponentsScientific.pdf, page 2>
Package pdftex.def Info: Exhibits/Articles/ComponentsScientific/ComponentsScientific.pdf , page2 used on input line 4.
(pdftex.def)             Requested size: 562.12285pt x 795.00201pt.
[404

 <./Exhibits/Articles/ComponentsScientific/ComponentsScientific.pdf>]
<Exhibits/Articles/ComponentsScientific/ComponentsScientific.pdf, id=6685, page=3, 597.50829pt x 845.0471pt>
File: Exhibits/Articles/ComponentsScientific/ComponentsScientific.pdf Graphic file (type pdf)
<use Exhibits/Articles/ComponentsScientific/ComponentsScientific.pdf, page 3>
Package pdftex.def Info: Exhibits/Articles/ComponentsScientific/ComponentsScientific.pdf , page3 used on input line 4.
(pdftex.def)             Requested size: 562.12285pt x 795.00201pt.
File: Exhibits/Articles/ComponentsScientific/ComponentsScientific.pdf Graphic file (type pdf)
<use Exhibits/Articles/ComponentsScientific/ComponentsScientific.pdf, page 3>
Package pdftex.def Info: Exhibits/Articles/ComponentsScientific/ComponentsScientific.pdf , page3 used on input line 4.
(pdftex.def)             Requested size: 562.12285pt x 795.00201pt.


File: Exhibits/Articles/ComponentsScientific/ComponentsScientific.pdf Graphic file (type pdf)
<use Exhibits/Articles/ComponentsScientific/ComponentsScientific.pdf, page 3>
Package pdftex.def Info: Exhibits/Articles/ComponentsScientific/ComponentsScientific.pdf , page3 used on input line 4.
(pdftex.def)             Requested size: 562.12285pt x 795.00201pt.
[405

 <./Exhibits/Articles/ComponentsScientific/ComponentsScientific.pdf>]
<Exhibits/Articles/ComponentsScientific/ComponentsScientific.pdf, id=6718, page=4, 597.50829pt x 845.0471pt>
File: Exhibits/Articles/ComponentsScientific/ComponentsScientific.pdf Graphic file (type pdf)
<use Exhibits/Articles/ComponentsScientific/ComponentsScientific.pdf, page 4>
Package pdftex.def Info: Exhibits/Articles/ComponentsScientific/ComponentsScientific.pdf , page4 used on input line 4.
(pdftex.def)             Requested size: 562.12285pt x 795.00201pt.
File: Exhibits/Articles/ComponentsScientific/ComponentsScientific.pdf Graphic file (type pdf)
<use Exhibits/Articles/ComponentsScientific/ComponentsScientific.pdf, page 4>
Package pdftex.def Info: Exhibits/Articles/ComponentsScientific/ComponentsScientific.pdf , page4 used on input line 4.
(pdftex.def)             Requested size: 562.12285pt x 795.00201pt.


File: Exhibits/Articles/ComponentsScientific/ComponentsScientific.pdf Graphic file (type pdf)
<use Exhibits/Articles/ComponentsScientific/ComponentsScientific.pdf, page 4>
Package pdftex.def Info: Exhibits/Articles/ComponentsScientific/ComponentsScientific.pdf , page4 used on input line 4.
(pdftex.def)             Requested size: 562.12285pt x 795.00201pt.
[406

 <./Exhibits/Articles/ComponentsScientific/ComponentsScientific.pdf>]
<Exhibits/Articles/ComponentsScientific/ComponentsScientific.pdf, id=6742, page=5, 597.50829pt x 845.0471pt>
File: Exhibits/Articles/ComponentsScientific/ComponentsScientific.pdf Graphic file (type pdf)
<use Exhibits/Articles/ComponentsScientific/ComponentsScientific.pdf, page 5>
Package pdftex.def Info: Exhibits/Articles/ComponentsScientific/ComponentsScientific.pdf , page5 used on input line 4.
(pdftex.def)             Requested size: 562.12285pt x 795.00201pt.
File: Exhibits/Articles/ComponentsScientific/ComponentsScientific.pdf Graphic file (type pdf)
<use Exhibits/Articles/ComponentsScientific/ComponentsScientific.pdf, page 5>
Package pdftex.def Info: Exhibits/Articles/ComponentsScientific/ComponentsScientific.pdf , page5 used on input line 4.
(pdftex.def)             Requested size: 562.12285pt x 795.00201pt.


File: Exhibits/Articles/ComponentsScientific/ComponentsScientific.pdf Graphic file (type pdf)
<use Exhibits/Articles/ComponentsScientific/ComponentsScientific.pdf, page 5>
Package pdftex.def Info: Exhibits/Articles/ComponentsScientific/ComponentsScientific.pdf , page5 used on input line 4.
(pdftex.def)             Requested size: 562.12285pt x 795.00201pt.
[407

 <./Exhibits/Articles/ComponentsScientific/ComponentsScientific.pdf>]
<Exhibits/Articles/ComponentsScientific/ComponentsScientific.pdf, id=6752, page=6, 597.50829pt x 845.0471pt>
File: Exhibits/Articles/ComponentsScientific/ComponentsScientific.pdf Graphic file (type pdf)
<use Exhibits/Articles/ComponentsScientific/ComponentsScientific.pdf, page 6>
Package pdftex.def Info: Exhibits/Articles/ComponentsScientific/ComponentsScientific.pdf , page6 used on input line 4.
(pdftex.def)             Requested size: 562.12285pt x 795.00201pt.
File: Exhibits/Articles/ComponentsScientific/ComponentsScientific.pdf Graphic file (type pdf)
<use Exhibits/Articles/ComponentsScientific/ComponentsScientific.pdf, page 6>
Package pdftex.def Info: Exhibits/Articles/ComponentsScientific/ComponentsScientific.pdf , page6 used on input line 4.
(pdftex.def)             Requested size: 562.12285pt x 795.00201pt.


File: Exhibits/Articles/ComponentsScientific/ComponentsScientific.pdf Graphic file (type pdf)
<use Exhibits/Articles/ComponentsScientific/ComponentsScientific.pdf, page 6>
Package pdftex.def Info: Exhibits/Articles/ComponentsScientific/ComponentsScientific.pdf , page6 used on input line 4.
(pdftex.def)             Requested size: 562.12285pt x 795.00201pt.
[408

 <./Exhibits/Articles/ComponentsScientific/ComponentsScientific.pdf>]
<Exhibits/Articles/ComponentsScientific/ComponentsScientific.pdf, id=6757, page=7, 597.50829pt x 845.0471pt>
File: Exhibits/Articles/ComponentsScientific/ComponentsScientific.pdf Graphic file (type pdf)
<use Exhibits/Articles/ComponentsScientific/ComponentsScientific.pdf, page 7>
Package pdftex.def Info: Exhibits/Articles/ComponentsScientific/ComponentsScientific.pdf , page7 used on input line 4.
(pdftex.def)             Requested size: 562.12285pt x 795.00201pt.
File: Exhibits/Articles/ComponentsScientific/ComponentsScientific.pdf Graphic file (type pdf)
<use Exhibits/Articles/ComponentsScientific/ComponentsScientific.pdf, page 7>
Package pdftex.def Info: Exhibits/Articles/ComponentsScientific/ComponentsScientific.pdf , page7 used on input line 4.
(pdftex.def)             Requested size: 562.12285pt x 795.00201pt.


File: Exhibits/Articles/ComponentsScientific/ComponentsScientific.pdf Graphic file (type pdf)
<use Exhibits/Articles/ComponentsScientific/ComponentsScientific.pdf, page 7>
Package pdftex.def Info: Exhibits/Articles/ComponentsScientific/ComponentsScientific.pdf , page7 used on input line 4.
(pdftex.def)             Requested size: 562.12285pt x 795.00201pt.
[409

 <./Exhibits/Articles/ComponentsScientific/ComponentsScientific.pdf>]
<Exhibits/Articles/ComponentsScientific/ComponentsScientific.pdf, id=6763, page=8, 597.50829pt x 845.0471pt>
File: Exhibits/Articles/ComponentsScientific/ComponentsScientific.pdf Graphic file (type pdf)
<use Exhibits/Articles/ComponentsScientific/ComponentsScientific.pdf, page 8>
Package pdftex.def Info: Exhibits/Articles/ComponentsScientific/ComponentsScientific.pdf , page8 used on input line 4.
(pdftex.def)             Requested size: 562.12285pt x 795.00201pt.
File: Exhibits/Articles/ComponentsScientific/ComponentsScientific.pdf Graphic file (type pdf)
<use Exhibits/Articles/ComponentsScientific/ComponentsScientific.pdf, page 8>
Package pdftex.def Info: Exhibits/Articles/ComponentsScientific/ComponentsScientific.pdf , page8 used on input line 4.
(pdftex.def)             Requested size: 562.12285pt x 795.00201pt.


File: Exhibits/Articles/ComponentsScientific/ComponentsScientific.pdf Graphic file (type pdf)
<use Exhibits/Articles/ComponentsScientific/ComponentsScientific.pdf, page 8>
Package pdftex.def Info: Exhibits/Articles/ComponentsScientific/ComponentsScientific.pdf , page8 used on input line 4.
(pdftex.def)             Requested size: 562.12285pt x 795.00201pt.
[410

 <./Exhibits/Articles/ComponentsScientific/ComponentsScientific.pdf>]
<Exhibits/Articles/ComponentsScientific/ComponentsScientific.pdf, id=6784, page=9, 597.50829pt x 845.0471pt>
File: Exhibits/Articles/ComponentsScientific/ComponentsScientific.pdf Graphic file (type pdf)
<use Exhibits/Articles/ComponentsScientific/ComponentsScientific.pdf, page 9>
Package pdftex.def Info: Exhibits/Articles/ComponentsScientific/ComponentsScientific.pdf , page9 used on input line 4.
(pdftex.def)             Requested size: 562.12285pt x 795.00201pt.
File: Exhibits/Articles/ComponentsScientific/ComponentsScientific.pdf Graphic file (type pdf)
<use Exhibits/Articles/ComponentsScientific/ComponentsScientific.pdf, page 9>
Package pdftex.def Info: Exhibits/Articles/ComponentsScientific/ComponentsScientific.pdf , page9 used on input line 4.
(pdftex.def)             Requested size: 562.12285pt x 795.00201pt.


File: Exhibits/Articles/ComponentsScientific/ComponentsScientific.pdf Graphic file (type pdf)
<use Exhibits/Articles/ComponentsScientific/ComponentsScientific.pdf, page 9>
Package pdftex.def Info: Exhibits/Articles/ComponentsScientific/ComponentsScientific.pdf , page9 used on input line 4.
(pdftex.def)             Requested size: 562.12285pt x 795.00201pt.
[411

 <./Exhibits/Articles/ComponentsScientific/ComponentsScientific.pdf>]
<Exhibits/Articles/ComponentsScientific/ComponentsScientific.pdf, id=6796, page=10, 597.50829pt x 845.0471pt>
File: Exhibits/Articles/ComponentsScientific/ComponentsScientific.pdf Graphic file (type pdf)
<use Exhibits/Articles/ComponentsScientific/ComponentsScientific.pdf, page 10>
Package pdftex.def Info: Exhibits/Articles/ComponentsScientific/ComponentsScientific.pdf , page10 used on input line 4.
(pdftex.def)             Requested size: 562.12285pt x 795.00201pt.
File: Exhibits/Articles/ComponentsScientific/ComponentsScientific.pdf Graphic file (type pdf)
<use Exhibits/Articles/ComponentsScientific/ComponentsScientific.pdf, page 10>
Package pdftex.def Info: Exhibits/Articles/ComponentsScientific/ComponentsScientific.pdf , page10 used on input line 4.
(pdftex.def)             Requested size: 562.12285pt x 795.00201pt.


File: Exhibits/Articles/ComponentsScientific/ComponentsScientific.pdf Graphic file (type pdf)
<use Exhibits/Articles/ComponentsScientific/ComponentsScientific.pdf, page 10>
Package pdftex.def Info: Exhibits/Articles/ComponentsScientific/ComponentsScientific.pdf , page10 used on input line 4.
(pdftex.def)             Requested size: 562.12285pt x 795.00201pt.
[412

 <./Exhibits/Articles/ComponentsScientific/ComponentsScientific.pdf>]
<Exhibits/Articles/ComponentsScientific/ComponentsScientific.pdf, id=6801, page=11, 597.50829pt x 845.0471pt>
File: Exhibits/Articles/ComponentsScientific/ComponentsScientific.pdf Graphic file (type pdf)
<use Exhibits/Articles/ComponentsScientific/ComponentsScientific.pdf, page 11>
Package pdftex.def Info: Exhibits/Articles/ComponentsScientific/ComponentsScientific.pdf , page11 used on input line 4.
(pdftex.def)             Requested size: 562.12285pt x 795.00201pt.
File: Exhibits/Articles/ComponentsScientific/ComponentsScientific.pdf Graphic file (type pdf)
<use Exhibits/Articles/ComponentsScientific/ComponentsScientific.pdf, page 11>
Package pdftex.def Info: Exhibits/Articles/ComponentsScientific/ComponentsScientific.pdf , page11 used on input line 4.
(pdftex.def)             Requested size: 562.12285pt x 795.00201pt.


File: Exhibits/Articles/ComponentsScientific/ComponentsScientific.pdf Graphic file (type pdf)
<use Exhibits/Articles/ComponentsScientific/ComponentsScientific.pdf, page 11>
Package pdftex.def Info: Exhibits/Articles/ComponentsScientific/ComponentsScientific.pdf , page11 used on input line 4.
(pdftex.def)             Requested size: 562.12285pt x 795.00201pt.
[413

 <./Exhibits/Articles/ComponentsScientific/ComponentsScientific.pdf>]
<Exhibits/Articles/ComponentsScientific/ComponentsScientific.pdf, id=6808, page=12, 597.50829pt x 845.0471pt>
File: Exhibits/Articles/ComponentsScientific/ComponentsScientific.pdf Graphic file (type pdf)
<use Exhibits/Articles/ComponentsScientific/ComponentsScientific.pdf, page 12>
Package pdftex.def Info: Exhibits/Articles/ComponentsScientific/ComponentsScientific.pdf , page12 used on input line 4.
(pdftex.def)             Requested size: 562.12285pt x 795.00201pt.
File: Exhibits/Articles/ComponentsScientific/ComponentsScientific.pdf Graphic file (type pdf)
<use Exhibits/Articles/ComponentsScientific/ComponentsScientific.pdf, page 12>
Package pdftex.def Info: Exhibits/Articles/ComponentsScientific/ComponentsScientific.pdf , page12 used on input line 4.
(pdftex.def)             Requested size: 562.12285pt x 795.00201pt.


File: Exhibits/Articles/ComponentsScientific/ComponentsScientific.pdf Graphic file (type pdf)
<use Exhibits/Articles/ComponentsScientific/ComponentsScientific.pdf, page 12>
Package pdftex.def Info: Exhibits/Articles/ComponentsScientific/ComponentsScientific.pdf , page12 used on input line 4.
(pdftex.def)             Requested size: 562.12285pt x 795.00201pt.
[414

 <./Exhibits/Articles/ComponentsScientific/ComponentsScientific.pdf>]
<Exhibits/Articles/ComponentsScientific/ComponentsScientific.pdf, id=6817, page=13, 597.50829pt x 845.0471pt>
File: Exhibits/Articles/ComponentsScientific/ComponentsScientific.pdf Graphic file (type pdf)
<use Exhibits/Articles/ComponentsScientific/ComponentsScientific.pdf, page 13>
Package pdftex.def Info: Exhibits/Articles/ComponentsScientific/ComponentsScientific.pdf , page13 used on input line 4.
(pdftex.def)             Requested size: 562.12285pt x 795.00201pt.
File: Exhibits/Articles/ComponentsScientific/ComponentsScientific.pdf Graphic file (type pdf)
<use Exhibits/Articles/ComponentsScientific/ComponentsScientific.pdf, page 13>
Package pdftex.def Info: Exhibits/Articles/ComponentsScientific/ComponentsScientific.pdf , page13 used on input line 4.
(pdftex.def)             Requested size: 562.12285pt x 795.00201pt.


File: Exhibits/Articles/ComponentsScientific/ComponentsScientific.pdf Graphic file (type pdf)
<use Exhibits/Articles/ComponentsScientific/ComponentsScientific.pdf, page 13>
Package pdftex.def Info: Exhibits/Articles/ComponentsScientific/ComponentsScientific.pdf , page13 used on input line 4.
(pdftex.def)             Requested size: 562.12285pt x 795.00201pt.
[415

 <./Exhibits/Articles/ComponentsScientific/ComponentsScientific.pdf>]
<Exhibits/Articles/ComponentsScientific/ComponentsScientific.pdf, id=6827, page=14, 597.50829pt x 845.0471pt>
File: Exhibits/Articles/ComponentsScientific/ComponentsScientific.pdf Graphic file (type pdf)
<use Exhibits/Articles/ComponentsScientific/ComponentsScientific.pdf, page 14>
Package pdftex.def Info: Exhibits/Articles/ComponentsScientific/ComponentsScientific.pdf , page14 used on input line 4.
(pdftex.def)             Requested size: 562.12285pt x 795.00201pt.
File: Exhibits/Articles/ComponentsScientific/ComponentsScientific.pdf Graphic file (type pdf)
<use Exhibits/Articles/ComponentsScientific/ComponentsScientific.pdf, page 14>
Package pdftex.def Info: Exhibits/Articles/ComponentsScientific/ComponentsScientific.pdf , page14 used on input line 4.
(pdftex.def)             Requested size: 562.12285pt x 795.00201pt.


File: Exhibits/Articles/ComponentsScientific/ComponentsScientific.pdf Graphic file (type pdf)
<use Exhibits/Articles/ComponentsScientific/ComponentsScientific.pdf, page 14>
Package pdftex.def Info: Exhibits/Articles/ComponentsScientific/ComponentsScientific.pdf , page14 used on input line 4.
(pdftex.def)             Requested size: 562.12285pt x 795.00201pt.
[416

 <./Exhibits/Articles/ComponentsScientific/ComponentsScientific.pdf>]
<Exhibits/Articles/ComponentsScientific/ComponentsScientific.pdf, id=6832, page=15, 597.50829pt x 845.0471pt>
File: Exhibits/Articles/ComponentsScientific/ComponentsScientific.pdf Graphic file (type pdf)
<use Exhibits/Articles/ComponentsScientific/ComponentsScientific.pdf, page 15>
Package pdftex.def Info: Exhibits/Articles/ComponentsScientific/ComponentsScientific.pdf , page15 used on input line 4.
(pdftex.def)             Requested size: 562.12285pt x 795.00201pt.
File: Exhibits/Articles/ComponentsScientific/ComponentsScientific.pdf Graphic file (type pdf)
<use Exhibits/Articles/ComponentsScientific/ComponentsScientific.pdf, page 15>
Package pdftex.def Info: Exhibits/Articles/ComponentsScientific/ComponentsScientific.pdf , page15 used on input line 4.
(pdftex.def)             Requested size: 562.12285pt x 795.00201pt.


File: Exhibits/Articles/ComponentsScientific/ComponentsScientific.pdf Graphic file (type pdf)
<use Exhibits/Articles/ComponentsScientific/ComponentsScientific.pdf, page 15>
Package pdftex.def Info: Exhibits/Articles/ComponentsScientific/ComponentsScientific.pdf , page15 used on input line 4.
(pdftex.def)             Requested size: 562.12285pt x 795.00201pt.
[417

 <./Exhibits/Articles/ComponentsScientific/ComponentsScientific.pdf>]
<Exhibits/Articles/ComponentsScientific/ComponentsScientific.pdf, id=6837, page=16, 597.50829pt x 845.0471pt>
File: Exhibits/Articles/ComponentsScientific/ComponentsScientific.pdf Graphic file (type pdf)
<use Exhibits/Articles/ComponentsScientific/ComponentsScientific.pdf, page 16>
Package pdftex.def Info: Exhibits/Articles/ComponentsScientific/ComponentsScientific.pdf , page16 used on input line 4.
(pdftex.def)             Requested size: 562.12285pt x 795.00201pt.
File: Exhibits/Articles/ComponentsScientific/ComponentsScientific.pdf Graphic file (type pdf)
<use Exhibits/Articles/ComponentsScientific/ComponentsScientific.pdf, page 16>
Package pdftex.def Info: Exhibits/Articles/ComponentsScientific/ComponentsScientific.pdf , page16 used on input line 4.
(pdftex.def)             Requested size: 562.12285pt x 795.00201pt.


File: Exhibits/Articles/ComponentsScientific/ComponentsScientific.pdf Graphic file (type pdf)
<use Exhibits/Articles/ComponentsScientific/ComponentsScientific.pdf, page 16>
Package pdftex.def Info: Exhibits/Articles/ComponentsScientific/ComponentsScientific.pdf , page16 used on input line 4.
(pdftex.def)             Requested size: 562.12285pt x 795.00201pt.
[418

 <./Exhibits/Articles/ComponentsScientific/ComponentsScientific.pdf>]
<Exhibits/Articles/ComponentsScientific/ComponentsScientific.pdf, id=6842, page=17, 597.50829pt x 845.0471pt>
File: Exhibits/Articles/ComponentsScientific/ComponentsScientific.pdf Graphic file (type pdf)
<use Exhibits/Articles/ComponentsScientific/ComponentsScientific.pdf, page 17>
Package pdftex.def Info: Exhibits/Articles/ComponentsScientific/ComponentsScientific.pdf , page17 used on input line 4.
(pdftex.def)             Requested size: 562.12285pt x 795.00201pt.
File: Exhibits/Articles/ComponentsScientific/ComponentsScientific.pdf Graphic file (type pdf)
<use Exhibits/Articles/ComponentsScientific/ComponentsScientific.pdf, page 17>
Package pdftex.def Info: Exhibits/Articles/ComponentsScientific/ComponentsScientific.pdf , page17 used on input line 4.
(pdftex.def)             Requested size: 562.12285pt x 795.00201pt.


File: Exhibits/Articles/ComponentsScientific/ComponentsScientific.pdf Graphic file (type pdf)
<use Exhibits/Articles/ComponentsScientific/ComponentsScientific.pdf, page 17>
Package pdftex.def Info: Exhibits/Articles/ComponentsScientific/ComponentsScientific.pdf , page17 used on input line 4.
(pdftex.def)             Requested size: 562.12285pt x 795.00201pt.
[419

 <./Exhibits/Articles/ComponentsScientific/ComponentsScientific.pdf>]
<Exhibits/Articles/ComponentsScientific/ComponentsScientific.pdf, id=6856, page=18, 597.50829pt x 845.0471pt>
File: Exhibits/Articles/ComponentsScientific/ComponentsScientific.pdf Graphic file (type pdf)
<use Exhibits/Articles/ComponentsScientific/ComponentsScientific.pdf, page 18>
Package pdftex.def Info: Exhibits/Articles/ComponentsScientific/ComponentsScientific.pdf , page18 used on input line 4.
(pdftex.def)             Requested size: 562.12285pt x 795.00201pt.
File: Exhibits/Articles/ComponentsScientific/ComponentsScientific.pdf Graphic file (type pdf)
<use Exhibits/Articles/ComponentsScientific/ComponentsScientific.pdf, page 18>
Package pdftex.def Info: Exhibits/Articles/ComponentsScientific/ComponentsScientific.pdf , page18 used on input line 4.
(pdftex.def)             Requested size: 562.12285pt x 795.00201pt.


File: Exhibits/Articles/ComponentsScientific/ComponentsScientific.pdf Graphic file (type pdf)
<use Exhibits/Articles/ComponentsScientific/ComponentsScientific.pdf, page 18>
Package pdftex.def Info: Exhibits/Articles/ComponentsScientific/ComponentsScientific.pdf , page18 used on input line 4.
(pdftex.def)             Requested size: 562.12285pt x 795.00201pt.
[420

 <./Exhibits/Articles/ComponentsScientific/ComponentsScientific.pdf>]
<Exhibits/Articles/ComponentsScientific/ComponentsScientific.pdf, id=6865, page=19, 597.50829pt x 845.0471pt>
File: Exhibits/Articles/ComponentsScientific/ComponentsScientific.pdf Graphic file (type pdf)
<use Exhibits/Articles/ComponentsScientific/ComponentsScientific.pdf, page 19>
Package pdftex.def Info: Exhibits/Articles/ComponentsScientific/ComponentsScientific.pdf , page19 used on input line 4.
(pdftex.def)             Requested size: 562.12285pt x 795.00201pt.
File: Exhibits/Articles/ComponentsScientific/ComponentsScientific.pdf Graphic file (type pdf)
<use Exhibits/Articles/ComponentsScientific/ComponentsScientific.pdf, page 19>
Package pdftex.def Info: Exhibits/Articles/ComponentsScientific/ComponentsScientific.pdf , page19 used on input line 4.
(pdftex.def)             Requested size: 562.12285pt x 795.00201pt.


File: Exhibits/Articles/ComponentsScientific/ComponentsScientific.pdf Graphic file (type pdf)
<use Exhibits/Articles/ComponentsScientific/ComponentsScientific.pdf, page 19>
Package pdftex.def Info: Exhibits/Articles/ComponentsScientific/ComponentsScientific.pdf , page19 used on input line 4.
(pdftex.def)             Requested size: 562.12285pt x 795.00201pt.
[421

 <./Exhibits/Articles/ComponentsScientific/ComponentsScientific.pdf>]
<Exhibits/Articles/ComponentsScientific/ComponentsScientific.pdf, id=6871, page=20, 597.50829pt x 845.0471pt>
File: Exhibits/Articles/ComponentsScientific/ComponentsScientific.pdf Graphic file (type pdf)
<use Exhibits/Articles/ComponentsScientific/ComponentsScientific.pdf, page 20>
Package pdftex.def Info: Exhibits/Articles/ComponentsScientific/ComponentsScientific.pdf , page20 used on input line 4.
(pdftex.def)             Requested size: 562.12285pt x 795.00201pt.
File: Exhibits/Articles/ComponentsScientific/ComponentsScientific.pdf Graphic file (type pdf)
<use Exhibits/Articles/ComponentsScientific/ComponentsScientific.pdf, page 20>
Package pdftex.def Info: Exhibits/Articles/ComponentsScientific/ComponentsScientific.pdf , page20 used on input line 4.
(pdftex.def)             Requested size: 562.12285pt x 795.00201pt.


File: Exhibits/Articles/ComponentsScientific/ComponentsScientific.pdf Graphic file (type pdf)
<use Exhibits/Articles/ComponentsScientific/ComponentsScientific.pdf, page 20>
Package pdftex.def Info: Exhibits/Articles/ComponentsScientific/ComponentsScientific.pdf , page20 used on input line 4.
(pdftex.def)             Requested size: 562.12285pt x 795.00201pt.
[422

 <./Exhibits/Articles/ComponentsScientific/ComponentsScientific.pdf>]
<Exhibits/Articles/ComponentsScientific/ComponentsScientific.pdf, id=6876, page=21, 597.50829pt x 845.0471pt>
File: Exhibits/Articles/ComponentsScientific/ComponentsScientific.pdf Graphic file (type pdf)
<use Exhibits/Articles/ComponentsScientific/ComponentsScientific.pdf, page 21>
Package pdftex.def Info: Exhibits/Articles/ComponentsScientific/ComponentsScientific.pdf , page21 used on input line 4.
(pdftex.def)             Requested size: 562.12285pt x 795.00201pt.
File: Exhibits/Articles/ComponentsScientific/ComponentsScientific.pdf Graphic file (type pdf)
<use Exhibits/Articles/ComponentsScientific/ComponentsScientific.pdf, page 21>
Package pdftex.def Info: Exhibits/Articles/ComponentsScientific/ComponentsScientific.pdf , page21 used on input line 4.
(pdftex.def)             Requested size: 562.12285pt x 795.00201pt.


File: Exhibits/Articles/ComponentsScientific/ComponentsScientific.pdf Graphic file (type pdf)
<use Exhibits/Articles/ComponentsScientific/ComponentsScientific.pdf, page 21>
Package pdftex.def Info: Exhibits/Articles/ComponentsScientific/ComponentsScientific.pdf , page21 used on input line 4.
(pdftex.def)             Requested size: 562.12285pt x 795.00201pt.
[423

 <./Exhibits/Articles/ComponentsScientific/ComponentsScientific.pdf>]
<Exhibits/Articles/ComponentsScientific/ComponentsScientific.pdf, id=6881, page=22, 597.50829pt x 845.0471pt>
File: Exhibits/Articles/ComponentsScientific/ComponentsScientific.pdf Graphic file (type pdf)
<use Exhibits/Articles/ComponentsScientific/ComponentsScientific.pdf, page 22>
Package pdftex.def Info: Exhibits/Articles/ComponentsScientific/ComponentsScientific.pdf , page22 used on input line 4.
(pdftex.def)             Requested size: 562.12285pt x 795.00201pt.
File: Exhibits/Articles/ComponentsScientific/ComponentsScientific.pdf Graphic file (type pdf)
<use Exhibits/Articles/ComponentsScientific/ComponentsScientific.pdf, page 22>
Package pdftex.def Info: Exhibits/Articles/ComponentsScientific/ComponentsScientific.pdf , page22 used on input line 4.
(pdftex.def)             Requested size: 562.12285pt x 795.00201pt.


File: Exhibits/Articles/ComponentsScientific/ComponentsScientific.pdf Graphic file (type pdf)
<use Exhibits/Articles/ComponentsScientific/ComponentsScientific.pdf, page 22>
Package pdftex.def Info: Exhibits/Articles/ComponentsScientific/ComponentsScientific.pdf , page22 used on input line 4.
(pdftex.def)             Requested size: 562.12285pt x 795.00201pt.
[424

 <./Exhibits/Articles/ComponentsScientific/ComponentsScientific.pdf>]
<Exhibits/Articles/ComponentsScientific/ComponentsScientific.pdf, id=6886, page=23, 597.50829pt x 845.0471pt>
File: Exhibits/Articles/ComponentsScientific/ComponentsScientific.pdf Graphic file (type pdf)
<use Exhibits/Articles/ComponentsScientific/ComponentsScientific.pdf, page 23>
Package pdftex.def Info: Exhibits/Articles/ComponentsScientific/ComponentsScientific.pdf , page23 used on input line 4.
(pdftex.def)             Requested size: 562.12285pt x 795.00201pt.
File: Exhibits/Articles/ComponentsScientific/ComponentsScientific.pdf Graphic file (type pdf)
<use Exhibits/Articles/ComponentsScientific/ComponentsScientific.pdf, page 23>
Package pdftex.def Info: Exhibits/Articles/ComponentsScientific/ComponentsScientific.pdf , page23 used on input line 4.
(pdftex.def)             Requested size: 562.12285pt x 795.00201pt.


File: Exhibits/Articles/ComponentsScientific/ComponentsScientific.pdf Graphic file (type pdf)
<use Exhibits/Articles/ComponentsScientific/ComponentsScientific.pdf, page 23>
Package pdftex.def Info: Exhibits/Articles/ComponentsScientific/ComponentsScientific.pdf , page23 used on input line 4.
(pdftex.def)             Requested size: 562.12285pt x 795.00201pt.
[425

 <./Exhibits/Articles/ComponentsScientific/ComponentsScientific.pdf>]
<Exhibits/Articles/ComponentsScientific/ComponentsScientific.pdf, id=6894, page=24, 597.50829pt x 845.0471pt>
File: Exhibits/Articles/ComponentsScientific/ComponentsScientific.pdf Graphic file (type pdf)
<use Exhibits/Articles/ComponentsScientific/ComponentsScientific.pdf, page 24>
Package pdftex.def Info: Exhibits/Articles/ComponentsScientific/ComponentsScientific.pdf , page24 used on input line 4.
(pdftex.def)             Requested size: 562.12285pt x 795.00201pt.
File: Exhibits/Articles/ComponentsScientific/ComponentsScientific.pdf Graphic file (type pdf)
<use Exhibits/Articles/ComponentsScientific/ComponentsScientific.pdf, page 24>
Package pdftex.def Info: Exhibits/Articles/ComponentsScientific/ComponentsScientific.pdf , page24 used on input line 4.
(pdftex.def)             Requested size: 562.12285pt x 795.00201pt.


File: Exhibits/Articles/ComponentsScientific/ComponentsScientific.pdf Graphic file (type pdf)
<use Exhibits/Articles/ComponentsScientific/ComponentsScientific.pdf, page 24>
Package pdftex.def Info: Exhibits/Articles/ComponentsScientific/ComponentsScientific.pdf , page24 used on input line 4.
(pdftex.def)             Requested size: 562.12285pt x 795.00201pt.
[426

 <./Exhibits/Articles/ComponentsScientific/ComponentsScientific.pdf>]) (./Exhibits/Articles/ComponentsScientificSite/ComponentsScientificSite.tex

[427


]
<Exhibits/Articles/ComponentsScientificSite/ComponentsScientificSite.png, id=6921, 960.58875pt x 880.28876pt>
File: Exhibits/Articles/ComponentsScientificSite/ComponentsScientificSite.png Graphic file (type png)
<use Exhibits/Articles/ComponentsScientificSite/ComponentsScientificSite.png>
Package pdftex.def Info: Exhibits/Articles/ComponentsScientificSite/ComponentsScientificSite.png  used on input line 5.
(pdftex.def)             Requested size: 446.39099pt x 409.07483pt.
)

[428

 <./Exhibits/Articles/ComponentsScientificSite/ComponentsScientificSite.png>] (./Exhibits/Articles/VestnikDona/VestnikDona.tex

[429

]
<Exhibits/Articles/VestnikDona/VestnikDona.pdf, id=6932, 597.55246pt x 845.07718pt>
File: Exhibits/Articles/VestnikDona/VestnikDona.pdf Graphic file (type pdf)
<use Exhibits/Articles/VestnikDona/VestnikDona.pdf>
Package pdftex.def Info: Exhibits/Articles/VestnikDona/VestnikDona.pdf  used on input line 4.
(pdftex.def)             Requested size: 597.551pt x 845.07512pt.
<Exhibits/Articles/VestnikDona/VestnikDona.pdf, id=6934, page=1, 597.55246pt x 845.07718pt>
File: Exhibits/Articles/VestnikDona/VestnikDona.pdf Graphic file (type pdf)
<use Exhibits/Articles/VestnikDona/VestnikDona.pdf, page 1>
Package pdftex.def Info: Exhibits/Articles/VestnikDona/VestnikDona.pdf , page1 used on input line 4.
(pdftex.def)             Requested size: 597.551pt x 845.07512pt.
File: Exhibits/Articles/VestnikDona/VestnikDona.pdf Graphic file (type pdf)
<use Exhibits/Articles/VestnikDona/VestnikDona.pdf, page 1>
Package pdftex.def Info: Exhibits/Articles/VestnikDona/VestnikDona.pdf , page1 used on input line 4.
(pdftex.def)             Requested size: 562.1644pt x 795.0303pt.
File: Exhibits/Articles/VestnikDona/VestnikDona.pdf Graphic file (type pdf)
<use Exhibits/Articles/VestnikDona/VestnikDona.pdf, page 1>
Package pdftex.def Info: Exhibits/Articles/VestnikDona/VestnikDona.pdf , page1 used on input line 4.
(pdftex.def)             Requested size: 562.1644pt x 795.0303pt.
File: Exhibits/Articles/VestnikDona/VestnikDona.pdf Graphic file (type pdf)
<use Exhibits/Articles/VestnikDona/VestnikDona.pdf, page 1>
Package pdftex.def Info: Exhibits/Articles/VestnikDona/VestnikDona.pdf , page1 used on input line 4.
(pdftex.def)             Requested size: 562.1644pt x 795.0303pt.


File: Exhibits/Articles/VestnikDona/VestnikDona.pdf Graphic file (type pdf)
<use Exhibits/Articles/VestnikDona/VestnikDona.pdf, page 1>
Package pdftex.def Info: Exhibits/Articles/VestnikDona/VestnikDona.pdf , page1 used on input line 4.
(pdftex.def)             Requested size: 562.1644pt x 795.0303pt.
[430


 <./Exhibits/Articles/VestnikDona/VestnikDona.pdf>]
<Exhibits/Articles/VestnikDona/VestnikDona.pdf, id=6976, page=2, 597.55246pt x 845.07718pt>
File: Exhibits/Articles/VestnikDona/VestnikDona.pdf Graphic file (type pdf)
<use Exhibits/Articles/VestnikDona/VestnikDona.pdf, page 2>
Package pdftex.def Info: Exhibits/Articles/VestnikDona/VestnikDona.pdf , page2 used on input line 4.
(pdftex.def)             Requested size: 562.1644pt x 795.0303pt.
File: Exhibits/Articles/VestnikDona/VestnikDona.pdf Graphic file (type pdf)
<use Exhibits/Articles/VestnikDona/VestnikDona.pdf, page 2>
Package pdftex.def Info: Exhibits/Articles/VestnikDona/VestnikDona.pdf , page2 used on input line 4.
(pdftex.def)             Requested size: 562.1644pt x 795.0303pt.


File: Exhibits/Articles/VestnikDona/VestnikDona.pdf Graphic file (type pdf)
<use Exhibits/Articles/VestnikDona/VestnikDona.pdf, page 2>
Package pdftex.def Info: Exhibits/Articles/VestnikDona/VestnikDona.pdf , page2 used on input line 4.
(pdftex.def)             Requested size: 562.1644pt x 795.0303pt.
[431

 <./Exhibits/Articles/VestnikDona/VestnikDona.pdf>]
<Exhibits/Articles/VestnikDona/VestnikDona.pdf, id=6984, page=3, 597.55246pt x 845.07718pt>
File: Exhibits/Articles/VestnikDona/VestnikDona.pdf Graphic file (type pdf)
<use Exhibits/Articles/VestnikDona/VestnikDona.pdf, page 3>
Package pdftex.def Info: Exhibits/Articles/VestnikDona/VestnikDona.pdf , page3 used on input line 4.
(pdftex.def)             Requested size: 562.1644pt x 795.0303pt.
File: Exhibits/Articles/VestnikDona/VestnikDona.pdf Graphic file (type pdf)
<use Exhibits/Articles/VestnikDona/VestnikDona.pdf, page 3>
Package pdftex.def Info: Exhibits/Articles/VestnikDona/VestnikDona.pdf , page3 used on input line 4.
(pdftex.def)             Requested size: 562.1644pt x 795.0303pt.


File: Exhibits/Articles/VestnikDona/VestnikDona.pdf Graphic file (type pdf)
<use Exhibits/Articles/VestnikDona/VestnikDona.pdf, page 3>
Package pdftex.def Info: Exhibits/Articles/VestnikDona/VestnikDona.pdf , page3 used on input line 4.
(pdftex.def)             Requested size: 562.1644pt x 795.0303pt.
[432

 <./Exhibits/Articles/VestnikDona/VestnikDona.pdf>]
<Exhibits/Articles/VestnikDona/VestnikDona.pdf, id=6990, page=4, 597.55246pt x 845.07718pt>
File: Exhibits/Articles/VestnikDona/VestnikDona.pdf Graphic file (type pdf)
<use Exhibits/Articles/VestnikDona/VestnikDona.pdf, page 4>
Package pdftex.def Info: Exhibits/Articles/VestnikDona/VestnikDona.pdf , page4 used on input line 4.
(pdftex.def)             Requested size: 562.1644pt x 795.0303pt.
File: Exhibits/Articles/VestnikDona/VestnikDona.pdf Graphic file (type pdf)
<use Exhibits/Articles/VestnikDona/VestnikDona.pdf, page 4>
Package pdftex.def Info: Exhibits/Articles/VestnikDona/VestnikDona.pdf , page4 used on input line 4.
(pdftex.def)             Requested size: 562.1644pt x 795.0303pt.


File: Exhibits/Articles/VestnikDona/VestnikDona.pdf Graphic file (type pdf)
<use Exhibits/Articles/VestnikDona/VestnikDona.pdf, page 4>
Package pdftex.def Info: Exhibits/Articles/VestnikDona/VestnikDona.pdf , page4 used on input line 4.
(pdftex.def)             Requested size: 562.1644pt x 795.0303pt.
[433

 <./Exhibits/Articles/VestnikDona/VestnikDona.pdf>]
<Exhibits/Articles/VestnikDona/VestnikDona.pdf, id=6997, page=5, 597.55246pt x 845.07718pt>
File: Exhibits/Articles/VestnikDona/VestnikDona.pdf Graphic file (type pdf)
<use Exhibits/Articles/VestnikDona/VestnikDona.pdf, page 5>
Package pdftex.def Info: Exhibits/Articles/VestnikDona/VestnikDona.pdf , page5 used on input line 4.
(pdftex.def)             Requested size: 562.1644pt x 795.0303pt.
File: Exhibits/Articles/VestnikDona/VestnikDona.pdf Graphic file (type pdf)
<use Exhibits/Articles/VestnikDona/VestnikDona.pdf, page 5>
Package pdftex.def Info: Exhibits/Articles/VestnikDona/VestnikDona.pdf , page5 used on input line 4.
(pdftex.def)             Requested size: 562.1644pt x 795.0303pt.


File: Exhibits/Articles/VestnikDona/VestnikDona.pdf Graphic file (type pdf)
<use Exhibits/Articles/VestnikDona/VestnikDona.pdf, page 5>
Package pdftex.def Info: Exhibits/Articles/VestnikDona/VestnikDona.pdf , page5 used on input line 4.
(pdftex.def)             Requested size: 562.1644pt x 795.0303pt.
[434

 <./Exhibits/Articles/VestnikDona/VestnikDona.pdf>]
<Exhibits/Articles/VestnikDona/VestnikDona.pdf, id=7004, page=6, 597.55246pt x 845.07718pt>
File: Exhibits/Articles/VestnikDona/VestnikDona.pdf Graphic file (type pdf)
<use Exhibits/Articles/VestnikDona/VestnikDona.pdf, page 6>
Package pdftex.def Info: Exhibits/Articles/VestnikDona/VestnikDona.pdf , page6 used on input line 4.
(pdftex.def)             Requested size: 562.1644pt x 795.0303pt.
File: Exhibits/Articles/VestnikDona/VestnikDona.pdf Graphic file (type pdf)
<use Exhibits/Articles/VestnikDona/VestnikDona.pdf, page 6>
Package pdftex.def Info: Exhibits/Articles/VestnikDona/VestnikDona.pdf , page6 used on input line 4.
(pdftex.def)             Requested size: 562.1644pt x 795.0303pt.


File: Exhibits/Articles/VestnikDona/VestnikDona.pdf Graphic file (type pdf)
<use Exhibits/Articles/VestnikDona/VestnikDona.pdf, page 6>
Package pdftex.def Info: Exhibits/Articles/VestnikDona/VestnikDona.pdf , page6 used on input line 4.
(pdftex.def)             Requested size: 562.1644pt x 795.0303pt.
[435

 <./Exhibits/Articles/VestnikDona/VestnikDona.pdf>]
<Exhibits/Articles/VestnikDona/VestnikDona.pdf, id=7011, page=7, 597.55246pt x 845.07718pt>
File: Exhibits/Articles/VestnikDona/VestnikDona.pdf Graphic file (type pdf)
<use Exhibits/Articles/VestnikDona/VestnikDona.pdf, page 7>
Package pdftex.def Info: Exhibits/Articles/VestnikDona/VestnikDona.pdf , page7 used on input line 4.
(pdftex.def)             Requested size: 562.1644pt x 795.0303pt.
File: Exhibits/Articles/VestnikDona/VestnikDona.pdf Graphic file (type pdf)
<use Exhibits/Articles/VestnikDona/VestnikDona.pdf, page 7>
Package pdftex.def Info: Exhibits/Articles/VestnikDona/VestnikDona.pdf , page7 used on input line 4.
(pdftex.def)             Requested size: 562.1644pt x 795.0303pt.


File: Exhibits/Articles/VestnikDona/VestnikDona.pdf Graphic file (type pdf)
<use Exhibits/Articles/VestnikDona/VestnikDona.pdf, page 7>
Package pdftex.def Info: Exhibits/Articles/VestnikDona/VestnikDona.pdf , page7 used on input line 4.
(pdftex.def)             Requested size: 562.1644pt x 795.0303pt.
[436

 <./Exhibits/Articles/VestnikDona/VestnikDona.pdf>]
<Exhibits/Articles/VestnikDona/VestnikDona.pdf, id=7017, page=8, 597.55246pt x 845.07718pt>
File: Exhibits/Articles/VestnikDona/VestnikDona.pdf Graphic file (type pdf)
<use Exhibits/Articles/VestnikDona/VestnikDona.pdf, page 8>
Package pdftex.def Info: Exhibits/Articles/VestnikDona/VestnikDona.pdf , page8 used on input line 4.
(pdftex.def)             Requested size: 562.1644pt x 795.0303pt.
File: Exhibits/Articles/VestnikDona/VestnikDona.pdf Graphic file (type pdf)
<use Exhibits/Articles/VestnikDona/VestnikDona.pdf, page 8>
Package pdftex.def Info: Exhibits/Articles/VestnikDona/VestnikDona.pdf , page8 used on input line 4.
(pdftex.def)             Requested size: 562.1644pt x 795.0303pt.


File: Exhibits/Articles/VestnikDona/VestnikDona.pdf Graphic file (type pdf)
<use Exhibits/Articles/VestnikDona/VestnikDona.pdf, page 8>
Package pdftex.def Info: Exhibits/Articles/VestnikDona/VestnikDona.pdf , page8 used on input line 4.
(pdftex.def)             Requested size: 562.1644pt x 795.0303pt.
[437

 <./Exhibits/Articles/VestnikDona/VestnikDona.pdf>]
<Exhibits/Articles/VestnikDona/VestnikDona.pdf, id=7023, page=9, 597.55246pt x 845.07718pt>
File: Exhibits/Articles/VestnikDona/VestnikDona.pdf Graphic file (type pdf)
<use Exhibits/Articles/VestnikDona/VestnikDona.pdf, page 9>
Package pdftex.def Info: Exhibits/Articles/VestnikDona/VestnikDona.pdf , page9 used on input line 4.
(pdftex.def)             Requested size: 562.1644pt x 795.0303pt.
File: Exhibits/Articles/VestnikDona/VestnikDona.pdf Graphic file (type pdf)
<use Exhibits/Articles/VestnikDona/VestnikDona.pdf, page 9>
Package pdftex.def Info: Exhibits/Articles/VestnikDona/VestnikDona.pdf , page9 used on input line 4.
(pdftex.def)             Requested size: 562.1644pt x 795.0303pt.


File: Exhibits/Articles/VestnikDona/VestnikDona.pdf Graphic file (type pdf)
<use Exhibits/Articles/VestnikDona/VestnikDona.pdf, page 9>
Package pdftex.def Info: Exhibits/Articles/VestnikDona/VestnikDona.pdf , page9 used on input line 4.
(pdftex.def)             Requested size: 562.1644pt x 795.0303pt.
[438

 <./Exhibits/Articles/VestnikDona/VestnikDona.pdf>]
<Exhibits/Articles/VestnikDona/VestnikDona.pdf, id=7030, page=10, 597.55246pt x 845.07718pt>
File: Exhibits/Articles/VestnikDona/VestnikDona.pdf Graphic file (type pdf)
<use Exhibits/Articles/VestnikDona/VestnikDona.pdf, page 10>
Package pdftex.def Info: Exhibits/Articles/VestnikDona/VestnikDona.pdf , page10 used on input line 4.
(pdftex.def)             Requested size: 562.1644pt x 795.0303pt.
File: Exhibits/Articles/VestnikDona/VestnikDona.pdf Graphic file (type pdf)
<use Exhibits/Articles/VestnikDona/VestnikDona.pdf, page 10>
Package pdftex.def Info: Exhibits/Articles/VestnikDona/VestnikDona.pdf , page10 used on input line 4.
(pdftex.def)             Requested size: 562.1644pt x 795.0303pt.


File: Exhibits/Articles/VestnikDona/VestnikDona.pdf Graphic file (type pdf)
<use Exhibits/Articles/VestnikDona/VestnikDona.pdf, page 10>
Package pdftex.def Info: Exhibits/Articles/VestnikDona/VestnikDona.pdf , page10 used on input line 4.
(pdftex.def)             Requested size: 562.1644pt x 795.0303pt.
[439

 <./Exhibits/Articles/VestnikDona/VestnikDona.pdf>]
<Exhibits/Articles/VestnikDona/VestnikDona.pdf, id=7037, page=11, 597.55246pt x 845.07718pt>
File: Exhibits/Articles/VestnikDona/VestnikDona.pdf Graphic file (type pdf)
<use Exhibits/Articles/VestnikDona/VestnikDona.pdf, page 11>
Package pdftex.def Info: Exhibits/Articles/VestnikDona/VestnikDona.pdf , page11 used on input line 4.
(pdftex.def)             Requested size: 562.1644pt x 795.0303pt.
File: Exhibits/Articles/VestnikDona/VestnikDona.pdf Graphic file (type pdf)
<use Exhibits/Articles/VestnikDona/VestnikDona.pdf, page 11>
Package pdftex.def Info: Exhibits/Articles/VestnikDona/VestnikDona.pdf , page11 used on input line 4.
(pdftex.def)             Requested size: 562.1644pt x 795.0303pt.


File: Exhibits/Articles/VestnikDona/VestnikDona.pdf Graphic file (type pdf)
<use Exhibits/Articles/VestnikDona/VestnikDona.pdf, page 11>
Package pdftex.def Info: Exhibits/Articles/VestnikDona/VestnikDona.pdf , page11 used on input line 4.
(pdftex.def)             Requested size: 562.1644pt x 795.0303pt.
[440

 <./Exhibits/Articles/VestnikDona/VestnikDona.pdf>]
<Exhibits/Articles/VestnikDona/VestnikDona.pdf, id=7043, page=12, 597.55246pt x 845.07718pt>
File: Exhibits/Articles/VestnikDona/VestnikDona.pdf Graphic file (type pdf)
<use Exhibits/Articles/VestnikDona/VestnikDona.pdf, page 12>
Package pdftex.def Info: Exhibits/Articles/VestnikDona/VestnikDona.pdf , page12 used on input line 4.
(pdftex.def)             Requested size: 562.1644pt x 795.0303pt.
File: Exhibits/Articles/VestnikDona/VestnikDona.pdf Graphic file (type pdf)
<use Exhibits/Articles/VestnikDona/VestnikDona.pdf, page 12>
Package pdftex.def Info: Exhibits/Articles/VestnikDona/VestnikDona.pdf , page12 used on input line 4.
(pdftex.def)             Requested size: 562.1644pt x 795.0303pt.


File: Exhibits/Articles/VestnikDona/VestnikDona.pdf Graphic file (type pdf)
<use Exhibits/Articles/VestnikDona/VestnikDona.pdf, page 12>
Package pdftex.def Info: Exhibits/Articles/VestnikDona/VestnikDona.pdf , page12 used on input line 4.
(pdftex.def)             Requested size: 562.1644pt x 795.0303pt.
[441

 <./Exhibits/Articles/VestnikDona/VestnikDona.pdf>]
<Exhibits/Articles/VestnikDona/VestnikDona.pdf, id=7052, page=13, 597.55246pt x 845.07718pt>
File: Exhibits/Articles/VestnikDona/VestnikDona.pdf Graphic file (type pdf)
<use Exhibits/Articles/VestnikDona/VestnikDona.pdf, page 13>
Package pdftex.def Info: Exhibits/Articles/VestnikDona/VestnikDona.pdf , page13 used on input line 4.
(pdftex.def)             Requested size: 562.1644pt x 795.0303pt.
File: Exhibits/Articles/VestnikDona/VestnikDona.pdf Graphic file (type pdf)
<use Exhibits/Articles/VestnikDona/VestnikDona.pdf, page 13>
Package pdftex.def Info: Exhibits/Articles/VestnikDona/VestnikDona.pdf , page13 used on input line 4.
(pdftex.def)             Requested size: 562.1644pt x 795.0303pt.


File: Exhibits/Articles/VestnikDona/VestnikDona.pdf Graphic file (type pdf)
<use Exhibits/Articles/VestnikDona/VestnikDona.pdf, page 13>
Package pdftex.def Info: Exhibits/Articles/VestnikDona/VestnikDona.pdf , page13 used on input line 4.
(pdftex.def)             Requested size: 562.1644pt x 795.0303pt.
[442

 <./Exhibits/Articles/VestnikDona/VestnikDona.pdf>]
<Exhibits/Articles/VestnikDona/VestnikDona.pdf, id=7058, page=14, 597.55246pt x 845.07718pt>
File: Exhibits/Articles/VestnikDona/VestnikDona.pdf Graphic file (type pdf)
<use Exhibits/Articles/VestnikDona/VestnikDona.pdf, page 14>
Package pdftex.def Info: Exhibits/Articles/VestnikDona/VestnikDona.pdf , page14 used on input line 4.
(pdftex.def)             Requested size: 562.1644pt x 795.0303pt.
File: Exhibits/Articles/VestnikDona/VestnikDona.pdf Graphic file (type pdf)
<use Exhibits/Articles/VestnikDona/VestnikDona.pdf, page 14>
Package pdftex.def Info: Exhibits/Articles/VestnikDona/VestnikDona.pdf , page14 used on input line 4.
(pdftex.def)             Requested size: 562.1644pt x 795.0303pt.


File: Exhibits/Articles/VestnikDona/VestnikDona.pdf Graphic file (type pdf)
<use Exhibits/Articles/VestnikDona/VestnikDona.pdf, page 14>
Package pdftex.def Info: Exhibits/Articles/VestnikDona/VestnikDona.pdf , page14 used on input line 4.
(pdftex.def)             Requested size: 562.1644pt x 795.0303pt.
[443

 <./Exhibits/Articles/VestnikDona/VestnikDona.pdf>]) (./Exhibits/Articles/VestnikDonaSite/VestnikDonaSite.tex

[444


]
<Exhibits/Articles/VestnikDonaSite/VestnikDonaSite.png, id=7069, 773.89125pt x 875.27pt>
File: Exhibits/Articles/VestnikDonaSite/VestnikDonaSite.png Graphic file (type png)
<use Exhibits/Articles/VestnikDonaSite/VestnikDonaSite.png>
Package pdftex.def Info: Exhibits/Articles/VestnikDonaSite/VestnikDonaSite.png  used on input line 5.
(pdftex.def)             Requested size: 446.39099pt x 504.86565pt.


[445

 <./Exhibits/Articles/VestnikDonaSite/VestnikDonaSite.png>]
<Exhibits/Articles/VestnikDonaSite/VestnikDonaSite1.png, id=7076, 1138.2525pt x 880.28876pt>
File: Exhibits/Articles/VestnikDonaSite/VestnikDonaSite1.png Graphic file (type png)
<use Exhibits/Articles/VestnikDonaSite/VestnikDonaSite1.png>
Package pdftex.def Info: Exhibits/Articles/VestnikDonaSite/VestnikDonaSite1.png  used on input line 9.
(pdftex.def)             Requested size: 446.39099pt x 345.23203pt.


[446 <./Exhibits/Articles/VestnikDonaSite/VestnikDonaSite1.png>]
<Exhibits/Articles/VestnikDonaSite/VestnikDonaSite2.png, id=7082, 1116.17pt x 873.2625pt>
File: Exhibits/Articles/VestnikDonaSite/VestnikDonaSite2.png Graphic file (type png)
<use Exhibits/Articles/VestnikDonaSite/VestnikDonaSite2.png>
Package pdftex.def Info: Exhibits/Articles/VestnikDonaSite/VestnikDonaSite2.png  used on input line 13.
(pdftex.def)             Requested size: 446.39099pt x 349.24551pt.
)

[447 <./Exhibits/Articles/VestnikDonaSite/VestnikDonaSite2.png>] (./Exhibits/Articles/InnovationInvestment/InnovationInvestment.tex

[448

]
<Exhibits/Articles/InnovationInvestment/InnovationInvestment.pdf, id=7093, 597.23125pt x 845.1575pt>
File: Exhibits/Articles/InnovationInvestment/InnovationInvestment.pdf Graphic file (type pdf)
<use Exhibits/Articles/InnovationInvestment/InnovationInvestment.pdf>
Package pdftex.def Info: Exhibits/Articles/InnovationInvestment/InnovationInvestment.pdf  used on input line 4.
(pdftex.def)             Requested size: 597.22978pt x 845.15544pt.
<Exhibits/Articles/InnovationInvestment/InnovationInvestment.pdf, id=7095, page=1, 597.23125pt x 845.1575pt>
File: Exhibits/Articles/InnovationInvestment/InnovationInvestment.pdf Graphic file (type pdf)
<use Exhibits/Articles/InnovationInvestment/InnovationInvestment.pdf, page 1>
Package pdftex.def Info: Exhibits/Articles/InnovationInvestment/InnovationInvestment.pdf , page1 used on input line 4.
(pdftex.def)             Requested size: 597.22978pt x 845.15544pt.
File: Exhibits/Articles/InnovationInvestment/InnovationInvestment.pdf Graphic file (type pdf)
<use Exhibits/Articles/InnovationInvestment/InnovationInvestment.pdf, page 1>
Package pdftex.def Info: Exhibits/Articles/InnovationInvestment/InnovationInvestment.pdf , page1 used on input line 4.
(pdftex.def)             Requested size: 561.86221pt x 795.10587pt.
File: Exhibits/Articles/InnovationInvestment/InnovationInvestment.pdf Graphic file (type pdf)
<use Exhibits/Articles/InnovationInvestment/InnovationInvestment.pdf, page 1>
Package pdftex.def Info: Exhibits/Articles/InnovationInvestment/InnovationInvestment.pdf , page1 used on input line 4.
(pdftex.def)             Requested size: 561.86221pt x 795.10587pt.
File: Exhibits/Articles/InnovationInvestment/InnovationInvestment.pdf Graphic file (type pdf)
<use Exhibits/Articles/InnovationInvestment/InnovationInvestment.pdf, page 1>
Package pdftex.def Info: Exhibits/Articles/InnovationInvestment/InnovationInvestment.pdf , page1 used on input line 4.
(pdftex.def)             Requested size: 561.86221pt x 795.10587pt.


File: Exhibits/Articles/InnovationInvestment/InnovationInvestment.pdf Graphic file (type pdf)
<use Exhibits/Articles/InnovationInvestment/InnovationInvestment.pdf, page 1>
Package pdftex.def Info: Exhibits/Articles/InnovationInvestment/InnovationInvestment.pdf , page1 used on input line 4.
(pdftex.def)             Requested size: 561.86221pt x 795.10587pt.
[449


 <./Exhibits/Articles/InnovationInvestment/InnovationInvestment.pdf>]
<Exhibits/Articles/InnovationInvestment/InnovationInvestment.pdf, id=7138, page=2, 596.83578pt x 825.41142pt>
File: Exhibits/Articles/InnovationInvestment/InnovationInvestment.pdf Graphic file (type pdf)
<use Exhibits/Articles/InnovationInvestment/InnovationInvestment.pdf, page 2>
Package pdftex.def Info: Exhibits/Articles/InnovationInvestment/InnovationInvestment.pdf , page2 used on input line 4.
(pdftex.def)             Requested size: 561.49017pt x 776.52919pt.
File: Exhibits/Articles/InnovationInvestment/InnovationInvestment.pdf Graphic file (type pdf)
<use Exhibits/Articles/InnovationInvestment/InnovationInvestment.pdf, page 2>
Package pdftex.def Info: Exhibits/Articles/InnovationInvestment/InnovationInvestment.pdf , page2 used on input line 4.
(pdftex.def)             Requested size: 561.49017pt x 776.52919pt.


File: Exhibits/Articles/InnovationInvestment/InnovationInvestment.pdf Graphic file (type pdf)
<use Exhibits/Articles/InnovationInvestment/InnovationInvestment.pdf, page 2>
Package pdftex.def Info: Exhibits/Articles/InnovationInvestment/InnovationInvestment.pdf , page2 used on input line 4.
(pdftex.def)             Requested size: 561.49017pt x 776.52919pt.
[450

 <./Exhibits/Articles/InnovationInvestment/InnovationInvestment.pdf>]
<Exhibits/Articles/InnovationInvestment/InnovationInvestment.pdf, id=7168, page=3, 596.83578pt x 825.41142pt>
File: Exhibits/Articles/InnovationInvestment/InnovationInvestment.pdf Graphic file (type pdf)
<use Exhibits/Articles/InnovationInvestment/InnovationInvestment.pdf, page 3>
Package pdftex.def Info: Exhibits/Articles/InnovationInvestment/InnovationInvestment.pdf , page3 used on input line 4.
(pdftex.def)             Requested size: 561.49017pt x 776.52919pt.
File: Exhibits/Articles/InnovationInvestment/InnovationInvestment.pdf Graphic file (type pdf)
<use Exhibits/Articles/InnovationInvestment/InnovationInvestment.pdf, page 3>
Package pdftex.def Info: Exhibits/Articles/InnovationInvestment/InnovationInvestment.pdf , page3 used on input line 4.
(pdftex.def)             Requested size: 561.49017pt x 776.52919pt.


File: Exhibits/Articles/InnovationInvestment/InnovationInvestment.pdf Graphic file (type pdf)
<use Exhibits/Articles/InnovationInvestment/InnovationInvestment.pdf, page 3>
Package pdftex.def Info: Exhibits/Articles/InnovationInvestment/InnovationInvestment.pdf , page3 used on input line 4.
(pdftex.def)             Requested size: 561.49017pt x 776.52919pt.
[451

 <./Exhibits/Articles/InnovationInvestment/InnovationInvestment.pdf>]
<Exhibits/Articles/InnovationInvestment/InnovationInvestment.pdf, id=7175, page=4, 596.83578pt x 825.41142pt>
File: Exhibits/Articles/InnovationInvestment/InnovationInvestment.pdf Graphic file (type pdf)
<use Exhibits/Articles/InnovationInvestment/InnovationInvestment.pdf, page 4>
Package pdftex.def Info: Exhibits/Articles/InnovationInvestment/InnovationInvestment.pdf , page4 used on input line 4.
(pdftex.def)             Requested size: 561.49017pt x 776.52919pt.
File: Exhibits/Articles/InnovationInvestment/InnovationInvestment.pdf Graphic file (type pdf)
<use Exhibits/Articles/InnovationInvestment/InnovationInvestment.pdf, page 4>
Package pdftex.def Info: Exhibits/Articles/InnovationInvestment/InnovationInvestment.pdf , page4 used on input line 4.
(pdftex.def)             Requested size: 561.49017pt x 776.52919pt.


File: Exhibits/Articles/InnovationInvestment/InnovationInvestment.pdf Graphic file (type pdf)
<use Exhibits/Articles/InnovationInvestment/InnovationInvestment.pdf, page 4>
Package pdftex.def Info: Exhibits/Articles/InnovationInvestment/InnovationInvestment.pdf , page4 used on input line 4.
(pdftex.def)             Requested size: 561.49017pt x 776.52919pt.
[452

 <./Exhibits/Articles/InnovationInvestment/InnovationInvestment.pdf>]
<Exhibits/Articles/InnovationInvestment/InnovationInvestment.pdf, id=7180, page=5, 597.45204pt x 828.23294pt>
File: Exhibits/Articles/InnovationInvestment/InnovationInvestment.pdf Graphic file (type pdf)
<use Exhibits/Articles/InnovationInvestment/InnovationInvestment.pdf, page 5>
Package pdftex.def Info: Exhibits/Articles/InnovationInvestment/InnovationInvestment.pdf , page5 used on input line 4.
(pdftex.def)             Requested size: 562.06993pt x 779.1836pt.
File: Exhibits/Articles/InnovationInvestment/InnovationInvestment.pdf Graphic file (type pdf)
<use Exhibits/Articles/InnovationInvestment/InnovationInvestment.pdf, page 5>
Package pdftex.def Info: Exhibits/Articles/InnovationInvestment/InnovationInvestment.pdf , page5 used on input line 4.
(pdftex.def)             Requested size: 562.06993pt x 779.1836pt.


File: Exhibits/Articles/InnovationInvestment/InnovationInvestment.pdf Graphic file (type pdf)
<use Exhibits/Articles/InnovationInvestment/InnovationInvestment.pdf, page 5>
Package pdftex.def Info: Exhibits/Articles/InnovationInvestment/InnovationInvestment.pdf , page5 used on input line 4.
(pdftex.def)             Requested size: 562.06993pt x 779.1836pt.
[453

 <./Exhibits/Articles/InnovationInvestment/InnovationInvestment.pdf>]
<Exhibits/Articles/InnovationInvestment/InnovationInvestment.pdf, id=7192, page=6, 596.83578pt x 825.41142pt>
File: Exhibits/Articles/InnovationInvestment/InnovationInvestment.pdf Graphic file (type pdf)
<use Exhibits/Articles/InnovationInvestment/InnovationInvestment.pdf, page 6>
Package pdftex.def Info: Exhibits/Articles/InnovationInvestment/InnovationInvestment.pdf , page6 used on input line 4.
(pdftex.def)             Requested size: 561.49017pt x 776.52919pt.
File: Exhibits/Articles/InnovationInvestment/InnovationInvestment.pdf Graphic file (type pdf)
<use Exhibits/Articles/InnovationInvestment/InnovationInvestment.pdf, page 6>
Package pdftex.def Info: Exhibits/Articles/InnovationInvestment/InnovationInvestment.pdf , page6 used on input line 4.
(pdftex.def)             Requested size: 561.49017pt x 776.52919pt.


File: Exhibits/Articles/InnovationInvestment/InnovationInvestment.pdf Graphic file (type pdf)
<use Exhibits/Articles/InnovationInvestment/InnovationInvestment.pdf, page 6>
Package pdftex.def Info: Exhibits/Articles/InnovationInvestment/InnovationInvestment.pdf , page6 used on input line 4.
(pdftex.def)             Requested size: 561.49017pt x 776.52919pt.
[454

 <./Exhibits/Articles/InnovationInvestment/InnovationInvestment.pdf>]
<Exhibits/Articles/InnovationInvestment/InnovationInvestment.pdf, id=7215, page=7, 596.83578pt x 825.41142pt>
File: Exhibits/Articles/InnovationInvestment/InnovationInvestment.pdf Graphic file (type pdf)
<use Exhibits/Articles/InnovationInvestment/InnovationInvestment.pdf, page 7>
Package pdftex.def Info: Exhibits/Articles/InnovationInvestment/InnovationInvestment.pdf , page7 used on input line 4.
(pdftex.def)             Requested size: 561.49017pt x 776.52919pt.
File: Exhibits/Articles/InnovationInvestment/InnovationInvestment.pdf Graphic file (type pdf)
<use Exhibits/Articles/InnovationInvestment/InnovationInvestment.pdf, page 7>
Package pdftex.def Info: Exhibits/Articles/InnovationInvestment/InnovationInvestment.pdf , page7 used on input line 4.
(pdftex.def)             Requested size: 561.49017pt x 776.52919pt.


File: Exhibits/Articles/InnovationInvestment/InnovationInvestment.pdf Graphic file (type pdf)
<use Exhibits/Articles/InnovationInvestment/InnovationInvestment.pdf, page 7>
Package pdftex.def Info: Exhibits/Articles/InnovationInvestment/InnovationInvestment.pdf , page7 used on input line 4.
(pdftex.def)             Requested size: 561.49017pt x 776.52919pt.
[455

 <./Exhibits/Articles/InnovationInvestment/InnovationInvestment.pdf>]
<Exhibits/Articles/InnovationInvestment/InnovationInvestment.pdf, id=7220, page=8, 596.83578pt x 825.41142pt>
File: Exhibits/Articles/InnovationInvestment/InnovationInvestment.pdf Graphic file (type pdf)
<use Exhibits/Articles/InnovationInvestment/InnovationInvestment.pdf, page 8>
Package pdftex.def Info: Exhibits/Articles/InnovationInvestment/InnovationInvestment.pdf , page8 used on input line 4.
(pdftex.def)             Requested size: 561.49017pt x 776.52919pt.
File: Exhibits/Articles/InnovationInvestment/InnovationInvestment.pdf Graphic file (type pdf)
<use Exhibits/Articles/InnovationInvestment/InnovationInvestment.pdf, page 8>
Package pdftex.def Info: Exhibits/Articles/InnovationInvestment/InnovationInvestment.pdf , page8 used on input line 4.
(pdftex.def)             Requested size: 561.49017pt x 776.52919pt.


File: Exhibits/Articles/InnovationInvestment/InnovationInvestment.pdf Graphic file (type pdf)
<use Exhibits/Articles/InnovationInvestment/InnovationInvestment.pdf, page 8>
Package pdftex.def Info: Exhibits/Articles/InnovationInvestment/InnovationInvestment.pdf , page8 used on input line 4.
(pdftex.def)             Requested size: 561.49017pt x 776.52919pt.
[456

 <./Exhibits/Articles/InnovationInvestment/InnovationInvestment.pdf>]
<Exhibits/Articles/InnovationInvestment/InnovationInvestment.pdf, id=7234, page=9, 596.83578pt x 825.41142pt>
File: Exhibits/Articles/InnovationInvestment/InnovationInvestment.pdf Graphic file (type pdf)
<use Exhibits/Articles/InnovationInvestment/InnovationInvestment.pdf, page 9>
Package pdftex.def Info: Exhibits/Articles/InnovationInvestment/InnovationInvestment.pdf , page9 used on input line 4.
(pdftex.def)             Requested size: 561.49017pt x 776.52919pt.
File: Exhibits/Articles/InnovationInvestment/InnovationInvestment.pdf Graphic file (type pdf)
<use Exhibits/Articles/InnovationInvestment/InnovationInvestment.pdf, page 9>
Package pdftex.def Info: Exhibits/Articles/InnovationInvestment/InnovationInvestment.pdf , page9 used on input line 4.
(pdftex.def)             Requested size: 561.49017pt x 776.52919pt.


File: Exhibits/Articles/InnovationInvestment/InnovationInvestment.pdf Graphic file (type pdf)
<use Exhibits/Articles/InnovationInvestment/InnovationInvestment.pdf, page 9>
Package pdftex.def Info: Exhibits/Articles/InnovationInvestment/InnovationInvestment.pdf , page9 used on input line 4.
(pdftex.def)             Requested size: 561.49017pt x 776.52919pt.
[457

 <./Exhibits/Articles/InnovationInvestment/InnovationInvestment.pdf>]
<Exhibits/Articles/InnovationInvestment/InnovationInvestment.pdf, id=7246, page=10, 596.83578pt x 825.41142pt>
File: Exhibits/Articles/InnovationInvestment/InnovationInvestment.pdf Graphic file (type pdf)
<use Exhibits/Articles/InnovationInvestment/InnovationInvestment.pdf, page 10>
Package pdftex.def Info: Exhibits/Articles/InnovationInvestment/InnovationInvestment.pdf , page10 used on input line 4.
(pdftex.def)             Requested size: 561.49017pt x 776.52919pt.
File: Exhibits/Articles/InnovationInvestment/InnovationInvestment.pdf Graphic file (type pdf)
<use Exhibits/Articles/InnovationInvestment/InnovationInvestment.pdf, page 10>
Package pdftex.def Info: Exhibits/Articles/InnovationInvestment/InnovationInvestment.pdf , page10 used on input line 4.
(pdftex.def)             Requested size: 561.49017pt x 776.52919pt.


File: Exhibits/Articles/InnovationInvestment/InnovationInvestment.pdf Graphic file (type pdf)
<use Exhibits/Articles/InnovationInvestment/InnovationInvestment.pdf, page 10>
Package pdftex.def Info: Exhibits/Articles/InnovationInvestment/InnovationInvestment.pdf , page10 used on input line 4.
(pdftex.def)             Requested size: 561.49017pt x 776.52919pt.
[458

 <./Exhibits/Articles/InnovationInvestment/InnovationInvestment.pdf>]
<Exhibits/Articles/InnovationInvestment/InnovationInvestment.pdf, id=7251, page=11, 596.83578pt x 825.41142pt>
File: Exhibits/Articles/InnovationInvestment/InnovationInvestment.pdf Graphic file (type pdf)
<use Exhibits/Articles/InnovationInvestment/InnovationInvestment.pdf, page 11>
Package pdftex.def Info: Exhibits/Articles/InnovationInvestment/InnovationInvestment.pdf , page11 used on input line 4.
(pdftex.def)             Requested size: 561.49017pt x 776.52919pt.
File: Exhibits/Articles/InnovationInvestment/InnovationInvestment.pdf Graphic file (type pdf)
<use Exhibits/Articles/InnovationInvestment/InnovationInvestment.pdf, page 11>
Package pdftex.def Info: Exhibits/Articles/InnovationInvestment/InnovationInvestment.pdf , page11 used on input line 4.
(pdftex.def)             Requested size: 561.49017pt x 776.52919pt.


File: Exhibits/Articles/InnovationInvestment/InnovationInvestment.pdf Graphic file (type pdf)
<use Exhibits/Articles/InnovationInvestment/InnovationInvestment.pdf, page 11>
Package pdftex.def Info: Exhibits/Articles/InnovationInvestment/InnovationInvestment.pdf , page11 used on input line 4.
(pdftex.def)             Requested size: 561.49017pt x 776.52919pt.
[459

 <./Exhibits/Articles/InnovationInvestment/InnovationInvestment.pdf>]
<Exhibits/Articles/InnovationInvestment/InnovationInvestment.pdf, id=7257, page=12, 596.83578pt x 825.41142pt>
File: Exhibits/Articles/InnovationInvestment/InnovationInvestment.pdf Graphic file (type pdf)
<use Exhibits/Articles/InnovationInvestment/InnovationInvestment.pdf, page 12>
Package pdftex.def Info: Exhibits/Articles/InnovationInvestment/InnovationInvestment.pdf , page12 used on input line 4.
(pdftex.def)             Requested size: 561.49017pt x 776.52919pt.
File: Exhibits/Articles/InnovationInvestment/InnovationInvestment.pdf Graphic file (type pdf)
<use Exhibits/Articles/InnovationInvestment/InnovationInvestment.pdf, page 12>
Package pdftex.def Info: Exhibits/Articles/InnovationInvestment/InnovationInvestment.pdf , page12 used on input line 4.
(pdftex.def)             Requested size: 561.49017pt x 776.52919pt.


File: Exhibits/Articles/InnovationInvestment/InnovationInvestment.pdf Graphic file (type pdf)
<use Exhibits/Articles/InnovationInvestment/InnovationInvestment.pdf, page 12>
Package pdftex.def Info: Exhibits/Articles/InnovationInvestment/InnovationInvestment.pdf , page12 used on input line 4.
(pdftex.def)             Requested size: 561.49017pt x 776.52919pt.
[460

 <./Exhibits/Articles/InnovationInvestment/InnovationInvestment.pdf>]
<Exhibits/Articles/InnovationInvestment/InnovationInvestment.pdf, id=7262, page=13, 596.83578pt x 825.41142pt>
File: Exhibits/Articles/InnovationInvestment/InnovationInvestment.pdf Graphic file (type pdf)
<use Exhibits/Articles/InnovationInvestment/InnovationInvestment.pdf, page 13>
Package pdftex.def Info: Exhibits/Articles/InnovationInvestment/InnovationInvestment.pdf , page13 used on input line 4.
(pdftex.def)             Requested size: 561.49017pt x 776.52919pt.
File: Exhibits/Articles/InnovationInvestment/InnovationInvestment.pdf Graphic file (type pdf)
<use Exhibits/Articles/InnovationInvestment/InnovationInvestment.pdf, page 13>
Package pdftex.def Info: Exhibits/Articles/InnovationInvestment/InnovationInvestment.pdf , page13 used on input line 4.
(pdftex.def)             Requested size: 561.49017pt x 776.52919pt.


File: Exhibits/Articles/InnovationInvestment/InnovationInvestment.pdf Graphic file (type pdf)
<use Exhibits/Articles/InnovationInvestment/InnovationInvestment.pdf, page 13>
Package pdftex.def Info: Exhibits/Articles/InnovationInvestment/InnovationInvestment.pdf , page13 used on input line 4.
(pdftex.def)             Requested size: 561.49017pt x 776.52919pt.
[461

 <./Exhibits/Articles/InnovationInvestment/InnovationInvestment.pdf>]) (./Exhibits/Articles/InnovationInvestmentSite/InnovationInvestmentSite.tex

[462


]
<Exhibits/Articles/InnovationInvestmentSite/InnovationInvestment.png, id=7272, 852.18375pt x 878.28125pt>
File: Exhibits/Articles/InnovationInvestmentSite/InnovationInvestment.png Graphic file (type png)
<use Exhibits/Articles/InnovationInvestmentSite/InnovationInvestment.png>
Package pdftex.def Info: Exhibits/Articles/InnovationInvestmentSite/InnovationInvestment.png  used on input line 5.
(pdftex.def)             Requested size: 446.39099pt x 460.07265pt.


[463

 <./Exhibits/Articles/InnovationInvestmentSite/InnovationInvestment.png>]
<Exhibits/Articles/InnovationInvestmentSite/InnovationInvestment2.png, id=7279, 1061.9675pt x 880.28876pt>
File: Exhibits/Articles/InnovationInvestmentSite/InnovationInvestment2.png Graphic file (type png)
<use Exhibits/Articles/InnovationInvestmentSite/InnovationInvestment2.png>
Package pdftex.def Info: Exhibits/Articles/InnovationInvestmentSite/InnovationInvestment2.png  used on input line 10.
(pdftex.def)             Requested size: 446.39099pt x 370.0277pt.
)

[464 <./Exhibits/Articles/InnovationInvestmentSite/InnovationInvestment2.png>] (./Exhibits/Articles/ScienceBusiness/ScienceBusiness.tex

[465

]
<Exhibits/Articles/ScienceBusiness/ScienceBusiness.pdf, id=7290, 597.50829pt x 845.0471pt>
File: Exhibits/Articles/ScienceBusiness/ScienceBusiness.pdf Graphic file (type pdf)
<use Exhibits/Articles/ScienceBusiness/ScienceBusiness.pdf>
Package pdftex.def Info: Exhibits/Articles/ScienceBusiness/ScienceBusiness.pdf  used on input line 4.
(pdftex.def)             Requested size: 597.50682pt x 845.04504pt.
<Exhibits/Articles/ScienceBusiness/ScienceBusiness.pdf, id=7292, page=1, 597.50829pt x 845.0471pt>
File: Exhibits/Articles/ScienceBusiness/ScienceBusiness.pdf Graphic file (type pdf)
<use Exhibits/Articles/ScienceBusiness/ScienceBusiness.pdf, page 1>
Package pdftex.def Info: Exhibits/Articles/ScienceBusiness/ScienceBusiness.pdf , page1 used on input line 4.
(pdftex.def)             Requested size: 597.50682pt x 845.04504pt.
File: Exhibits/Articles/ScienceBusiness/ScienceBusiness.pdf Graphic file (type pdf)
<use Exhibits/Articles/ScienceBusiness/ScienceBusiness.pdf, page 1>
Package pdftex.def Info: Exhibits/Articles/ScienceBusiness/ScienceBusiness.pdf , page1 used on input line 4.
(pdftex.def)             Requested size: 562.12285pt x 795.00201pt.
File: Exhibits/Articles/ScienceBusiness/ScienceBusiness.pdf Graphic file (type pdf)
<use Exhibits/Articles/ScienceBusiness/ScienceBusiness.pdf, page 1>
Package pdftex.def Info: Exhibits/Articles/ScienceBusiness/ScienceBusiness.pdf , page1 used on input line 4.
(pdftex.def)             Requested size: 562.12285pt x 795.00201pt.
File: Exhibits/Articles/ScienceBusiness/ScienceBusiness.pdf Graphic file (type pdf)
<use Exhibits/Articles/ScienceBusiness/ScienceBusiness.pdf, page 1>
Package pdftex.def Info: Exhibits/Articles/ScienceBusiness/ScienceBusiness.pdf , page1 used on input line 4.
(pdftex.def)             Requested size: 562.12285pt x 795.00201pt.


File: Exhibits/Articles/ScienceBusiness/ScienceBusiness.pdf Graphic file (type pdf)
<use Exhibits/Articles/ScienceBusiness/ScienceBusiness.pdf, page 1>
Package pdftex.def Info: Exhibits/Articles/ScienceBusiness/ScienceBusiness.pdf , page1 used on input line 4.
(pdftex.def)             Requested size: 562.12285pt x 795.00201pt.
[466


 <./Exhibits/Articles/ScienceBusiness/ScienceBusiness.pdf>]
<Exhibits/Articles/ScienceBusiness/ScienceBusiness.pdf, id=7350, page=2, 597.50829pt x 845.0471pt>
File: Exhibits/Articles/ScienceBusiness/ScienceBusiness.pdf Graphic file (type pdf)
<use Exhibits/Articles/ScienceBusiness/ScienceBusiness.pdf, page 2>
Package pdftex.def Info: Exhibits/Articles/ScienceBusiness/ScienceBusiness.pdf , page2 used on input line 4.
(pdftex.def)             Requested size: 562.12285pt x 795.00201pt.
File: Exhibits/Articles/ScienceBusiness/ScienceBusiness.pdf Graphic file (type pdf)
<use Exhibits/Articles/ScienceBusiness/ScienceBusiness.pdf, page 2>
Package pdftex.def Info: Exhibits/Articles/ScienceBusiness/ScienceBusiness.pdf , page2 used on input line 4.
(pdftex.def)             Requested size: 562.12285pt x 795.00201pt.


File: Exhibits/Articles/ScienceBusiness/ScienceBusiness.pdf Graphic file (type pdf)
<use Exhibits/Articles/ScienceBusiness/ScienceBusiness.pdf, page 2>
Package pdftex.def Info: Exhibits/Articles/ScienceBusiness/ScienceBusiness.pdf , page2 used on input line 4.
(pdftex.def)             Requested size: 562.12285pt x 795.00201pt.
[467

 <./Exhibits/Articles/ScienceBusiness/ScienceBusiness.pdf>]
<Exhibits/Articles/ScienceBusiness/ScienceBusiness.pdf, id=7365, page=3, 597.50829pt x 845.0471pt>
File: Exhibits/Articles/ScienceBusiness/ScienceBusiness.pdf Graphic file (type pdf)
<use Exhibits/Articles/ScienceBusiness/ScienceBusiness.pdf, page 3>
Package pdftex.def Info: Exhibits/Articles/ScienceBusiness/ScienceBusiness.pdf , page3 used on input line 4.
(pdftex.def)             Requested size: 562.12285pt x 795.00201pt.
File: Exhibits/Articles/ScienceBusiness/ScienceBusiness.pdf Graphic file (type pdf)
<use Exhibits/Articles/ScienceBusiness/ScienceBusiness.pdf, page 3>
Package pdftex.def Info: Exhibits/Articles/ScienceBusiness/ScienceBusiness.pdf , page3 used on input line 4.
(pdftex.def)             Requested size: 562.12285pt x 795.00201pt.


File: Exhibits/Articles/ScienceBusiness/ScienceBusiness.pdf Graphic file (type pdf)
<use Exhibits/Articles/ScienceBusiness/ScienceBusiness.pdf, page 3>
Package pdftex.def Info: Exhibits/Articles/ScienceBusiness/ScienceBusiness.pdf , page3 used on input line 4.
(pdftex.def)             Requested size: 562.12285pt x 795.00201pt.
[468

 <./Exhibits/Articles/ScienceBusiness/ScienceBusiness.pdf>]
<Exhibits/Articles/ScienceBusiness/ScienceBusiness.pdf, id=7370, page=4, 597.50829pt x 845.0471pt>
File: Exhibits/Articles/ScienceBusiness/ScienceBusiness.pdf Graphic file (type pdf)
<use Exhibits/Articles/ScienceBusiness/ScienceBusiness.pdf, page 4>
Package pdftex.def Info: Exhibits/Articles/ScienceBusiness/ScienceBusiness.pdf , page4 used on input line 4.
(pdftex.def)             Requested size: 562.12285pt x 795.00201pt.
File: Exhibits/Articles/ScienceBusiness/ScienceBusiness.pdf Graphic file (type pdf)
<use Exhibits/Articles/ScienceBusiness/ScienceBusiness.pdf, page 4>
Package pdftex.def Info: Exhibits/Articles/ScienceBusiness/ScienceBusiness.pdf , page4 used on input line 4.
(pdftex.def)             Requested size: 562.12285pt x 795.00201pt.


File: Exhibits/Articles/ScienceBusiness/ScienceBusiness.pdf Graphic file (type pdf)
<use Exhibits/Articles/ScienceBusiness/ScienceBusiness.pdf, page 4>
Package pdftex.def Info: Exhibits/Articles/ScienceBusiness/ScienceBusiness.pdf , page4 used on input line 4.
(pdftex.def)             Requested size: 562.12285pt x 795.00201pt.
[469

 <./Exhibits/Articles/ScienceBusiness/ScienceBusiness.pdf>]
<Exhibits/Articles/ScienceBusiness/ScienceBusiness.pdf, id=7388, page=5, 597.50829pt x 845.0471pt>
File: Exhibits/Articles/ScienceBusiness/ScienceBusiness.pdf Graphic file (type pdf)
<use Exhibits/Articles/ScienceBusiness/ScienceBusiness.pdf, page 5>
Package pdftex.def Info: Exhibits/Articles/ScienceBusiness/ScienceBusiness.pdf , page5 used on input line 4.
(pdftex.def)             Requested size: 562.12285pt x 795.00201pt.
File: Exhibits/Articles/ScienceBusiness/ScienceBusiness.pdf Graphic file (type pdf)
<use Exhibits/Articles/ScienceBusiness/ScienceBusiness.pdf, page 5>
Package pdftex.def Info: Exhibits/Articles/ScienceBusiness/ScienceBusiness.pdf , page5 used on input line 4.
(pdftex.def)             Requested size: 562.12285pt x 795.00201pt.


File: Exhibits/Articles/ScienceBusiness/ScienceBusiness.pdf Graphic file (type pdf)
<use Exhibits/Articles/ScienceBusiness/ScienceBusiness.pdf, page 5>
Package pdftex.def Info: Exhibits/Articles/ScienceBusiness/ScienceBusiness.pdf , page5 used on input line 4.
(pdftex.def)             Requested size: 562.12285pt x 795.00201pt.
[470

 <./Exhibits/Articles/ScienceBusiness/ScienceBusiness.pdf>]
<Exhibits/Articles/ScienceBusiness/ScienceBusiness.pdf, id=7393, page=6, 597.50829pt x 845.0471pt>
File: Exhibits/Articles/ScienceBusiness/ScienceBusiness.pdf Graphic file (type pdf)
<use Exhibits/Articles/ScienceBusiness/ScienceBusiness.pdf, page 6>
Package pdftex.def Info: Exhibits/Articles/ScienceBusiness/ScienceBusiness.pdf , page6 used on input line 4.
(pdftex.def)             Requested size: 562.12285pt x 795.00201pt.
File: Exhibits/Articles/ScienceBusiness/ScienceBusiness.pdf Graphic file (type pdf)
<use Exhibits/Articles/ScienceBusiness/ScienceBusiness.pdf, page 6>
Package pdftex.def Info: Exhibits/Articles/ScienceBusiness/ScienceBusiness.pdf , page6 used on input line 4.
(pdftex.def)             Requested size: 562.12285pt x 795.00201pt.


File: Exhibits/Articles/ScienceBusiness/ScienceBusiness.pdf Graphic file (type pdf)
<use Exhibits/Articles/ScienceBusiness/ScienceBusiness.pdf, page 6>
Package pdftex.def Info: Exhibits/Articles/ScienceBusiness/ScienceBusiness.pdf , page6 used on input line 4.
(pdftex.def)             Requested size: 562.12285pt x 795.00201pt.
[471

 <./Exhibits/Articles/ScienceBusiness/ScienceBusiness.pdf>]
<Exhibits/Articles/ScienceBusiness/ScienceBusiness.pdf, id=7398, page=7, 597.50829pt x 845.0471pt>
File: Exhibits/Articles/ScienceBusiness/ScienceBusiness.pdf Graphic file (type pdf)
<use Exhibits/Articles/ScienceBusiness/ScienceBusiness.pdf, page 7>
Package pdftex.def Info: Exhibits/Articles/ScienceBusiness/ScienceBusiness.pdf , page7 used on input line 4.
(pdftex.def)             Requested size: 562.12285pt x 795.00201pt.
File: Exhibits/Articles/ScienceBusiness/ScienceBusiness.pdf Graphic file (type pdf)
<use Exhibits/Articles/ScienceBusiness/ScienceBusiness.pdf, page 7>
Package pdftex.def Info: Exhibits/Articles/ScienceBusiness/ScienceBusiness.pdf , page7 used on input line 4.
(pdftex.def)             Requested size: 562.12285pt x 795.00201pt.


File: Exhibits/Articles/ScienceBusiness/ScienceBusiness.pdf Graphic file (type pdf)
<use Exhibits/Articles/ScienceBusiness/ScienceBusiness.pdf, page 7>
Package pdftex.def Info: Exhibits/Articles/ScienceBusiness/ScienceBusiness.pdf , page7 used on input line 4.
(pdftex.def)             Requested size: 562.12285pt x 795.00201pt.
[472

 <./Exhibits/Articles/ScienceBusiness/ScienceBusiness.pdf>]
<Exhibits/Articles/ScienceBusiness/ScienceBusiness.pdf, id=7412, page=8, 597.50829pt x 845.0471pt>
File: Exhibits/Articles/ScienceBusiness/ScienceBusiness.pdf Graphic file (type pdf)
<use Exhibits/Articles/ScienceBusiness/ScienceBusiness.pdf, page 8>
Package pdftex.def Info: Exhibits/Articles/ScienceBusiness/ScienceBusiness.pdf , page8 used on input line 4.
(pdftex.def)             Requested size: 562.12285pt x 795.00201pt.
File: Exhibits/Articles/ScienceBusiness/ScienceBusiness.pdf Graphic file (type pdf)
<use Exhibits/Articles/ScienceBusiness/ScienceBusiness.pdf, page 8>
Package pdftex.def Info: Exhibits/Articles/ScienceBusiness/ScienceBusiness.pdf , page8 used on input line 4.
(pdftex.def)             Requested size: 562.12285pt x 795.00201pt.


File: Exhibits/Articles/ScienceBusiness/ScienceBusiness.pdf Graphic file (type pdf)
<use Exhibits/Articles/ScienceBusiness/ScienceBusiness.pdf, page 8>
Package pdftex.def Info: Exhibits/Articles/ScienceBusiness/ScienceBusiness.pdf , page8 used on input line 4.
(pdftex.def)             Requested size: 562.12285pt x 795.00201pt.
[473

 <./Exhibits/Articles/ScienceBusiness/ScienceBusiness.pdf>]
<Exhibits/Articles/ScienceBusiness/ScienceBusiness.pdf, id=7423, page=9, 597.50829pt x 845.0471pt>
File: Exhibits/Articles/ScienceBusiness/ScienceBusiness.pdf Graphic file (type pdf)
<use Exhibits/Articles/ScienceBusiness/ScienceBusiness.pdf, page 9>
Package pdftex.def Info: Exhibits/Articles/ScienceBusiness/ScienceBusiness.pdf , page9 used on input line 4.
(pdftex.def)             Requested size: 562.12285pt x 795.00201pt.
File: Exhibits/Articles/ScienceBusiness/ScienceBusiness.pdf Graphic file (type pdf)
<use Exhibits/Articles/ScienceBusiness/ScienceBusiness.pdf, page 9>
Package pdftex.def Info: Exhibits/Articles/ScienceBusiness/ScienceBusiness.pdf , page9 used on input line 4.
(pdftex.def)             Requested size: 562.12285pt x 795.00201pt.


File: Exhibits/Articles/ScienceBusiness/ScienceBusiness.pdf Graphic file (type pdf)
<use Exhibits/Articles/ScienceBusiness/ScienceBusiness.pdf, page 9>
Package pdftex.def Info: Exhibits/Articles/ScienceBusiness/ScienceBusiness.pdf , page9 used on input line 4.
(pdftex.def)             Requested size: 562.12285pt x 795.00201pt.
[474

 <./Exhibits/Articles/ScienceBusiness/ScienceBusiness.pdf>]
<Exhibits/Articles/ScienceBusiness/ScienceBusiness.pdf, id=7428, page=10, 597.50829pt x 845.0471pt>
File: Exhibits/Articles/ScienceBusiness/ScienceBusiness.pdf Graphic file (type pdf)
<use Exhibits/Articles/ScienceBusiness/ScienceBusiness.pdf, page 10>
Package pdftex.def Info: Exhibits/Articles/ScienceBusiness/ScienceBusiness.pdf , page10 used on input line 4.
(pdftex.def)             Requested size: 562.12285pt x 795.00201pt.
File: Exhibits/Articles/ScienceBusiness/ScienceBusiness.pdf Graphic file (type pdf)
<use Exhibits/Articles/ScienceBusiness/ScienceBusiness.pdf, page 10>
Package pdftex.def Info: Exhibits/Articles/ScienceBusiness/ScienceBusiness.pdf , page10 used on input line 4.
(pdftex.def)             Requested size: 562.12285pt x 795.00201pt.


File: Exhibits/Articles/ScienceBusiness/ScienceBusiness.pdf Graphic file (type pdf)
<use Exhibits/Articles/ScienceBusiness/ScienceBusiness.pdf, page 10>
Package pdftex.def Info: Exhibits/Articles/ScienceBusiness/ScienceBusiness.pdf , page10 used on input line 4.
(pdftex.def)             Requested size: 562.12285pt x 795.00201pt.
[475

 <./Exhibits/Articles/ScienceBusiness/ScienceBusiness.pdf>]
<Exhibits/Articles/ScienceBusiness/ScienceBusiness.pdf, id=7455, page=11, 597.50829pt x 845.0471pt>
File: Exhibits/Articles/ScienceBusiness/ScienceBusiness.pdf Graphic file (type pdf)
<use Exhibits/Articles/ScienceBusiness/ScienceBusiness.pdf, page 11>
Package pdftex.def Info: Exhibits/Articles/ScienceBusiness/ScienceBusiness.pdf , page11 used on input line 4.
(pdftex.def)             Requested size: 562.12285pt x 795.00201pt.
File: Exhibits/Articles/ScienceBusiness/ScienceBusiness.pdf Graphic file (type pdf)
<use Exhibits/Articles/ScienceBusiness/ScienceBusiness.pdf, page 11>
Package pdftex.def Info: Exhibits/Articles/ScienceBusiness/ScienceBusiness.pdf , page11 used on input line 4.
(pdftex.def)             Requested size: 562.12285pt x 795.00201pt.


File: Exhibits/Articles/ScienceBusiness/ScienceBusiness.pdf Graphic file (type pdf)
<use Exhibits/Articles/ScienceBusiness/ScienceBusiness.pdf, page 11>
Package pdftex.def Info: Exhibits/Articles/ScienceBusiness/ScienceBusiness.pdf , page11 used on input line 4.
(pdftex.def)             Requested size: 562.12285pt x 795.00201pt.
[476

 <./Exhibits/Articles/ScienceBusiness/ScienceBusiness.pdf>]
<Exhibits/Articles/ScienceBusiness/ScienceBusiness.pdf, id=7474, page=12, 597.50829pt x 845.0471pt>
File: Exhibits/Articles/ScienceBusiness/ScienceBusiness.pdf Graphic file (type pdf)
<use Exhibits/Articles/ScienceBusiness/ScienceBusiness.pdf, page 12>
Package pdftex.def Info: Exhibits/Articles/ScienceBusiness/ScienceBusiness.pdf , page12 used on input line 4.
(pdftex.def)             Requested size: 562.12285pt x 795.00201pt.
File: Exhibits/Articles/ScienceBusiness/ScienceBusiness.pdf Graphic file (type pdf)
<use Exhibits/Articles/ScienceBusiness/ScienceBusiness.pdf, page 12>
Package pdftex.def Info: Exhibits/Articles/ScienceBusiness/ScienceBusiness.pdf , page12 used on input line 4.
(pdftex.def)             Requested size: 562.12285pt x 795.00201pt.


File: Exhibits/Articles/ScienceBusiness/ScienceBusiness.pdf Graphic file (type pdf)
<use Exhibits/Articles/ScienceBusiness/ScienceBusiness.pdf, page 12>
Package pdftex.def Info: Exhibits/Articles/ScienceBusiness/ScienceBusiness.pdf , page12 used on input line 4.
(pdftex.def)             Requested size: 562.12285pt x 795.00201pt.
[477

 <./Exhibits/Articles/ScienceBusiness/ScienceBusiness.pdf>]
<Exhibits/Articles/ScienceBusiness/ScienceBusiness.pdf, id=7482, page=13, 597.50829pt x 845.0471pt>
File: Exhibits/Articles/ScienceBusiness/ScienceBusiness.pdf Graphic file (type pdf)
<use Exhibits/Articles/ScienceBusiness/ScienceBusiness.pdf, page 13>
Package pdftex.def Info: Exhibits/Articles/ScienceBusiness/ScienceBusiness.pdf , page13 used on input line 4.
(pdftex.def)             Requested size: 562.12285pt x 795.00201pt.
File: Exhibits/Articles/ScienceBusiness/ScienceBusiness.pdf Graphic file (type pdf)
<use Exhibits/Articles/ScienceBusiness/ScienceBusiness.pdf, page 13>
Package pdftex.def Info: Exhibits/Articles/ScienceBusiness/ScienceBusiness.pdf , page13 used on input line 4.
(pdftex.def)             Requested size: 562.12285pt x 795.00201pt.


File: Exhibits/Articles/ScienceBusiness/ScienceBusiness.pdf Graphic file (type pdf)
<use Exhibits/Articles/ScienceBusiness/ScienceBusiness.pdf, page 13>
Package pdftex.def Info: Exhibits/Articles/ScienceBusiness/ScienceBusiness.pdf , page13 used on input line 4.
(pdftex.def)             Requested size: 562.12285pt x 795.00201pt.
[478

 <./Exhibits/Articles/ScienceBusiness/ScienceBusiness.pdf>]
<Exhibits/Articles/ScienceBusiness/ScienceBusiness.pdf, id=7495, page=14, 597.50829pt x 845.0471pt>
File: Exhibits/Articles/ScienceBusiness/ScienceBusiness.pdf Graphic file (type pdf)
<use Exhibits/Articles/ScienceBusiness/ScienceBusiness.pdf, page 14>
Package pdftex.def Info: Exhibits/Articles/ScienceBusiness/ScienceBusiness.pdf , page14 used on input line 4.
(pdftex.def)             Requested size: 562.12285pt x 795.00201pt.
File: Exhibits/Articles/ScienceBusiness/ScienceBusiness.pdf Graphic file (type pdf)
<use Exhibits/Articles/ScienceBusiness/ScienceBusiness.pdf, page 14>
Package pdftex.def Info: Exhibits/Articles/ScienceBusiness/ScienceBusiness.pdf , page14 used on input line 4.
(pdftex.def)             Requested size: 562.12285pt x 795.00201pt.


File: Exhibits/Articles/ScienceBusiness/ScienceBusiness.pdf Graphic file (type pdf)
<use Exhibits/Articles/ScienceBusiness/ScienceBusiness.pdf, page 14>
Package pdftex.def Info: Exhibits/Articles/ScienceBusiness/ScienceBusiness.pdf , page14 used on input line 4.
(pdftex.def)             Requested size: 562.12285pt x 795.00201pt.
[479

 <./Exhibits/Articles/ScienceBusiness/ScienceBusiness.pdf>]
<Exhibits/Articles/ScienceBusiness/ScienceBusiness.pdf, id=7500, page=15, 597.50829pt x 845.0471pt>
File: Exhibits/Articles/ScienceBusiness/ScienceBusiness.pdf Graphic file (type pdf)
<use Exhibits/Articles/ScienceBusiness/ScienceBusiness.pdf, page 15>
Package pdftex.def Info: Exhibits/Articles/ScienceBusiness/ScienceBusiness.pdf , page15 used on input line 4.
(pdftex.def)             Requested size: 562.12285pt x 795.00201pt.
File: Exhibits/Articles/ScienceBusiness/ScienceBusiness.pdf Graphic file (type pdf)
<use Exhibits/Articles/ScienceBusiness/ScienceBusiness.pdf, page 15>
Package pdftex.def Info: Exhibits/Articles/ScienceBusiness/ScienceBusiness.pdf , page15 used on input line 4.
(pdftex.def)             Requested size: 562.12285pt x 795.00201pt.


File: Exhibits/Articles/ScienceBusiness/ScienceBusiness.pdf Graphic file (type pdf)
<use Exhibits/Articles/ScienceBusiness/ScienceBusiness.pdf, page 15>
Package pdftex.def Info: Exhibits/Articles/ScienceBusiness/ScienceBusiness.pdf , page15 used on input line 4.
(pdftex.def)             Requested size: 562.12285pt x 795.00201pt.
[480

 <./Exhibits/Articles/ScienceBusiness/ScienceBusiness.pdf>]
<Exhibits/Articles/ScienceBusiness/ScienceBusiness.pdf, id=7505, page=16, 597.50829pt x 845.0471pt>
File: Exhibits/Articles/ScienceBusiness/ScienceBusiness.pdf Graphic file (type pdf)
<use Exhibits/Articles/ScienceBusiness/ScienceBusiness.pdf, page 16>
Package pdftex.def Info: Exhibits/Articles/ScienceBusiness/ScienceBusiness.pdf , page16 used on input line 4.
(pdftex.def)             Requested size: 562.12285pt x 795.00201pt.
File: Exhibits/Articles/ScienceBusiness/ScienceBusiness.pdf Graphic file (type pdf)
<use Exhibits/Articles/ScienceBusiness/ScienceBusiness.pdf, page 16>
Package pdftex.def Info: Exhibits/Articles/ScienceBusiness/ScienceBusiness.pdf , page16 used on input line 4.
(pdftex.def)             Requested size: 562.12285pt x 795.00201pt.


File: Exhibits/Articles/ScienceBusiness/ScienceBusiness.pdf Graphic file (type pdf)
<use Exhibits/Articles/ScienceBusiness/ScienceBusiness.pdf, page 16>
Package pdftex.def Info: Exhibits/Articles/ScienceBusiness/ScienceBusiness.pdf , page16 used on input line 4.
(pdftex.def)             Requested size: 562.12285pt x 795.00201pt.
[481

 <./Exhibits/Articles/ScienceBusiness/ScienceBusiness.pdf>]
<Exhibits/Articles/ScienceBusiness/ScienceBusiness.pdf, id=7511, page=17, 597.50829pt x 845.0471pt>
File: Exhibits/Articles/ScienceBusiness/ScienceBusiness.pdf Graphic file (type pdf)
<use Exhibits/Articles/ScienceBusiness/ScienceBusiness.pdf, page 17>
Package pdftex.def Info: Exhibits/Articles/ScienceBusiness/ScienceBusiness.pdf , page17 used on input line 4.
(pdftex.def)             Requested size: 562.12285pt x 795.00201pt.
File: Exhibits/Articles/ScienceBusiness/ScienceBusiness.pdf Graphic file (type pdf)
<use Exhibits/Articles/ScienceBusiness/ScienceBusiness.pdf, page 17>
Package pdftex.def Info: Exhibits/Articles/ScienceBusiness/ScienceBusiness.pdf , page17 used on input line 4.
(pdftex.def)             Requested size: 562.12285pt x 795.00201pt.


File: Exhibits/Articles/ScienceBusiness/ScienceBusiness.pdf Graphic file (type pdf)
<use Exhibits/Articles/ScienceBusiness/ScienceBusiness.pdf, page 17>
Package pdftex.def Info: Exhibits/Articles/ScienceBusiness/ScienceBusiness.pdf , page17 used on input line 4.
(pdftex.def)             Requested size: 562.12285pt x 795.00201pt.
[482

 <./Exhibits/Articles/ScienceBusiness/ScienceBusiness.pdf>]
<Exhibits/Articles/ScienceBusiness/ScienceBusiness.pdf, id=7516, page=18, 597.50829pt x 845.0471pt>
File: Exhibits/Articles/ScienceBusiness/ScienceBusiness.pdf Graphic file (type pdf)
<use Exhibits/Articles/ScienceBusiness/ScienceBusiness.pdf, page 18>
Package pdftex.def Info: Exhibits/Articles/ScienceBusiness/ScienceBusiness.pdf , page18 used on input line 4.
(pdftex.def)             Requested size: 562.12285pt x 795.00201pt.
File: Exhibits/Articles/ScienceBusiness/ScienceBusiness.pdf Graphic file (type pdf)
<use Exhibits/Articles/ScienceBusiness/ScienceBusiness.pdf, page 18>
Package pdftex.def Info: Exhibits/Articles/ScienceBusiness/ScienceBusiness.pdf , page18 used on input line 4.
(pdftex.def)             Requested size: 562.12285pt x 795.00201pt.


File: Exhibits/Articles/ScienceBusiness/ScienceBusiness.pdf Graphic file (type pdf)
<use Exhibits/Articles/ScienceBusiness/ScienceBusiness.pdf, page 18>
Package pdftex.def Info: Exhibits/Articles/ScienceBusiness/ScienceBusiness.pdf , page18 used on input line 4.
(pdftex.def)             Requested size: 562.12285pt x 795.00201pt.
[483

 <./Exhibits/Articles/ScienceBusiness/ScienceBusiness.pdf>]) (./Exhibits/Articles/ScienceBusinessSite/ScienceBusinessSite.tex

[484


]
<Exhibits/Articles/ScienceBusinessSite/ScienceBusinessSite.png, id=7527, 883.3pt x 859.21pt>
File: Exhibits/Articles/ScienceBusinessSite/ScienceBusinessSite.png Graphic file (type png)
<use Exhibits/Articles/ScienceBusinessSite/ScienceBusinessSite.png>
Package pdftex.def Info: Exhibits/Articles/ScienceBusinessSite/ScienceBusinessSite.png  used on input line 5.
(pdftex.def)             Requested size: 446.39099pt x 434.21884pt.
)

[485

 <./Exhibits/Articles/ScienceBusinessSite/ScienceBusinessSite.png>] (./Exhibits/Articles/HeraldOfCIT/HeraldOfCIT.tex

[486

]
<Exhibits/Articles/HeraldOfCIT/HeraldOfCIT.pdf, id=7538, 598.235pt x 845.1575pt>
File: Exhibits/Articles/HeraldOfCIT/HeraldOfCIT.pdf Graphic file (type pdf)
<use Exhibits/Articles/HeraldOfCIT/HeraldOfCIT.pdf>
Package pdftex.def Info: Exhibits/Articles/HeraldOfCIT/HeraldOfCIT.pdf  used on input line 4.
(pdftex.def)             Requested size: 598.23354pt x 845.15544pt.
<Exhibits/Articles/HeraldOfCIT/HeraldOfCIT.pdf, id=7540, page=1, 598.235pt x 845.1575pt>
File: Exhibits/Articles/HeraldOfCIT/HeraldOfCIT.pdf Graphic file (type pdf)
<use Exhibits/Articles/HeraldOfCIT/HeraldOfCIT.pdf, page 1>
Package pdftex.def Info: Exhibits/Articles/HeraldOfCIT/HeraldOfCIT.pdf , page1 used on input line 4.
(pdftex.def)             Requested size: 598.23354pt x 845.15544pt.
File: Exhibits/Articles/HeraldOfCIT/HeraldOfCIT.pdf Graphic file (type pdf)
<use Exhibits/Articles/HeraldOfCIT/HeraldOfCIT.pdf, page 1>
Package pdftex.def Info: Exhibits/Articles/HeraldOfCIT/HeraldOfCIT.pdf , page1 used on input line 4.
(pdftex.def)             Requested size: 562.80652pt x 795.10587pt.
File: Exhibits/Articles/HeraldOfCIT/HeraldOfCIT.pdf Graphic file (type pdf)
<use Exhibits/Articles/HeraldOfCIT/HeraldOfCIT.pdf, page 1>
Package pdftex.def Info: Exhibits/Articles/HeraldOfCIT/HeraldOfCIT.pdf , page1 used on input line 4.
(pdftex.def)             Requested size: 562.80652pt x 795.10587pt.
File: Exhibits/Articles/HeraldOfCIT/HeraldOfCIT.pdf Graphic file (type pdf)
<use Exhibits/Articles/HeraldOfCIT/HeraldOfCIT.pdf, page 1>
Package pdftex.def Info: Exhibits/Articles/HeraldOfCIT/HeraldOfCIT.pdf , page1 used on input line 4.
(pdftex.def)             Requested size: 562.80652pt x 795.10587pt.


File: Exhibits/Articles/HeraldOfCIT/HeraldOfCIT.pdf Graphic file (type pdf)
<use Exhibits/Articles/HeraldOfCIT/HeraldOfCIT.pdf, page 1>
Package pdftex.def Info: Exhibits/Articles/HeraldOfCIT/HeraldOfCIT.pdf , page1 used on input line 4.
(pdftex.def)             Requested size: 562.80652pt x 795.10587pt.
[487


 <./Exhibits/Articles/HeraldOfCIT/HeraldOfCIT.pdf>]
<Exhibits/Articles/HeraldOfCIT/HeraldOfCIT.pdf, id=7569, page=2, 598.235pt x 845.1575pt>
File: Exhibits/Articles/HeraldOfCIT/HeraldOfCIT.pdf Graphic file (type pdf)
<use Exhibits/Articles/HeraldOfCIT/HeraldOfCIT.pdf, page 2>
Package pdftex.def Info: Exhibits/Articles/HeraldOfCIT/HeraldOfCIT.pdf , page2 used on input line 4.
(pdftex.def)             Requested size: 562.80652pt x 795.10587pt.
File: Exhibits/Articles/HeraldOfCIT/HeraldOfCIT.pdf Graphic file (type pdf)
<use Exhibits/Articles/HeraldOfCIT/HeraldOfCIT.pdf, page 2>
Package pdftex.def Info: Exhibits/Articles/HeraldOfCIT/HeraldOfCIT.pdf , page2 used on input line 4.
(pdftex.def)             Requested size: 562.80652pt x 795.10587pt.


File: Exhibits/Articles/HeraldOfCIT/HeraldOfCIT.pdf Graphic file (type pdf)
<use Exhibits/Articles/HeraldOfCIT/HeraldOfCIT.pdf, page 2>
Package pdftex.def Info: Exhibits/Articles/HeraldOfCIT/HeraldOfCIT.pdf , page2 used on input line 4.
(pdftex.def)             Requested size: 562.80652pt x 795.10587pt.
[488

 <./Exhibits/Articles/HeraldOfCIT/HeraldOfCIT.pdf>]
<Exhibits/Articles/HeraldOfCIT/HeraldOfCIT.pdf, id=7574, page=3, 598.235pt x 845.1575pt>
File: Exhibits/Articles/HeraldOfCIT/HeraldOfCIT.pdf Graphic file (type pdf)
<use Exhibits/Articles/HeraldOfCIT/HeraldOfCIT.pdf, page 3>
Package pdftex.def Info: Exhibits/Articles/HeraldOfCIT/HeraldOfCIT.pdf , page3 used on input line 4.
(pdftex.def)             Requested size: 562.80652pt x 795.10587pt.
File: Exhibits/Articles/HeraldOfCIT/HeraldOfCIT.pdf Graphic file (type pdf)
<use Exhibits/Articles/HeraldOfCIT/HeraldOfCIT.pdf, page 3>
Package pdftex.def Info: Exhibits/Articles/HeraldOfCIT/HeraldOfCIT.pdf , page3 used on input line 4.
(pdftex.def)             Requested size: 562.80652pt x 795.10587pt.


File: Exhibits/Articles/HeraldOfCIT/HeraldOfCIT.pdf Graphic file (type pdf)
<use Exhibits/Articles/HeraldOfCIT/HeraldOfCIT.pdf, page 3>
Package pdftex.def Info: Exhibits/Articles/HeraldOfCIT/HeraldOfCIT.pdf , page3 used on input line 4.
(pdftex.def)             Requested size: 562.80652pt x 795.10587pt.
[489

 <./Exhibits/Articles/HeraldOfCIT/HeraldOfCIT.pdf>]
<Exhibits/Articles/HeraldOfCIT/HeraldOfCIT.pdf, id=7579, page=4, 598.235pt x 845.1575pt>
File: Exhibits/Articles/HeraldOfCIT/HeraldOfCIT.pdf Graphic file (type pdf)
<use Exhibits/Articles/HeraldOfCIT/HeraldOfCIT.pdf, page 4>
Package pdftex.def Info: Exhibits/Articles/HeraldOfCIT/HeraldOfCIT.pdf , page4 used on input line 4.
(pdftex.def)             Requested size: 562.80652pt x 795.10587pt.
File: Exhibits/Articles/HeraldOfCIT/HeraldOfCIT.pdf Graphic file (type pdf)
<use Exhibits/Articles/HeraldOfCIT/HeraldOfCIT.pdf, page 4>
Package pdftex.def Info: Exhibits/Articles/HeraldOfCIT/HeraldOfCIT.pdf , page4 used on input line 4.
(pdftex.def)             Requested size: 562.80652pt x 795.10587pt.


File: Exhibits/Articles/HeraldOfCIT/HeraldOfCIT.pdf Graphic file (type pdf)
<use Exhibits/Articles/HeraldOfCIT/HeraldOfCIT.pdf, page 4>
Package pdftex.def Info: Exhibits/Articles/HeraldOfCIT/HeraldOfCIT.pdf , page4 used on input line 4.
(pdftex.def)             Requested size: 562.80652pt x 795.10587pt.
[490

 <./Exhibits/Articles/HeraldOfCIT/HeraldOfCIT.pdf>]
<Exhibits/Articles/HeraldOfCIT/HeraldOfCIT.pdf, id=7589, page=5, 598.235pt x 845.1575pt>
File: Exhibits/Articles/HeraldOfCIT/HeraldOfCIT.pdf Graphic file (type pdf)
<use Exhibits/Articles/HeraldOfCIT/HeraldOfCIT.pdf, page 5>
Package pdftex.def Info: Exhibits/Articles/HeraldOfCIT/HeraldOfCIT.pdf , page5 used on input line 4.
(pdftex.def)             Requested size: 562.80652pt x 795.10587pt.
File: Exhibits/Articles/HeraldOfCIT/HeraldOfCIT.pdf Graphic file (type pdf)
<use Exhibits/Articles/HeraldOfCIT/HeraldOfCIT.pdf, page 5>
Package pdftex.def Info: Exhibits/Articles/HeraldOfCIT/HeraldOfCIT.pdf , page5 used on input line 4.
(pdftex.def)             Requested size: 562.80652pt x 795.10587pt.


File: Exhibits/Articles/HeraldOfCIT/HeraldOfCIT.pdf Graphic file (type pdf)
<use Exhibits/Articles/HeraldOfCIT/HeraldOfCIT.pdf, page 5>
Package pdftex.def Info: Exhibits/Articles/HeraldOfCIT/HeraldOfCIT.pdf , page5 used on input line 4.
(pdftex.def)             Requested size: 562.80652pt x 795.10587pt.
[491

 <./Exhibits/Articles/HeraldOfCIT/HeraldOfCIT.pdf>]
<Exhibits/Articles/HeraldOfCIT/HeraldOfCIT.pdf, id=7594, page=6, 598.235pt x 845.1575pt>
File: Exhibits/Articles/HeraldOfCIT/HeraldOfCIT.pdf Graphic file (type pdf)
<use Exhibits/Articles/HeraldOfCIT/HeraldOfCIT.pdf, page 6>
Package pdftex.def Info: Exhibits/Articles/HeraldOfCIT/HeraldOfCIT.pdf , page6 used on input line 4.
(pdftex.def)             Requested size: 562.80652pt x 795.10587pt.
File: Exhibits/Articles/HeraldOfCIT/HeraldOfCIT.pdf Graphic file (type pdf)
<use Exhibits/Articles/HeraldOfCIT/HeraldOfCIT.pdf, page 6>
Package pdftex.def Info: Exhibits/Articles/HeraldOfCIT/HeraldOfCIT.pdf , page6 used on input line 4.
(pdftex.def)             Requested size: 562.80652pt x 795.10587pt.


File: Exhibits/Articles/HeraldOfCIT/HeraldOfCIT.pdf Graphic file (type pdf)
<use Exhibits/Articles/HeraldOfCIT/HeraldOfCIT.pdf, page 6>
Package pdftex.def Info: Exhibits/Articles/HeraldOfCIT/HeraldOfCIT.pdf , page6 used on input line 4.
(pdftex.def)             Requested size: 562.80652pt x 795.10587pt.
[492

 <./Exhibits/Articles/HeraldOfCIT/HeraldOfCIT.pdf>]
<Exhibits/Articles/HeraldOfCIT/HeraldOfCIT.pdf, id=7604, page=7, 598.235pt x 845.1575pt>
File: Exhibits/Articles/HeraldOfCIT/HeraldOfCIT.pdf Graphic file (type pdf)
<use Exhibits/Articles/HeraldOfCIT/HeraldOfCIT.pdf, page 7>
Package pdftex.def Info: Exhibits/Articles/HeraldOfCIT/HeraldOfCIT.pdf , page7 used on input line 4.
(pdftex.def)             Requested size: 562.80652pt x 795.10587pt.
File: Exhibits/Articles/HeraldOfCIT/HeraldOfCIT.pdf Graphic file (type pdf)
<use Exhibits/Articles/HeraldOfCIT/HeraldOfCIT.pdf, page 7>
Package pdftex.def Info: Exhibits/Articles/HeraldOfCIT/HeraldOfCIT.pdf , page7 used on input line 4.
(pdftex.def)             Requested size: 562.80652pt x 795.10587pt.


File: Exhibits/Articles/HeraldOfCIT/HeraldOfCIT.pdf Graphic file (type pdf)
<use Exhibits/Articles/HeraldOfCIT/HeraldOfCIT.pdf, page 7>
Package pdftex.def Info: Exhibits/Articles/HeraldOfCIT/HeraldOfCIT.pdf , page7 used on input line 4.
(pdftex.def)             Requested size: 562.80652pt x 795.10587pt.
[493

 <./Exhibits/Articles/HeraldOfCIT/HeraldOfCIT.pdf>]
<Exhibits/Articles/HeraldOfCIT/HeraldOfCIT.pdf, id=7615, page=8, 598.235pt x 845.1575pt>
File: Exhibits/Articles/HeraldOfCIT/HeraldOfCIT.pdf Graphic file (type pdf)
<use Exhibits/Articles/HeraldOfCIT/HeraldOfCIT.pdf, page 8>
Package pdftex.def Info: Exhibits/Articles/HeraldOfCIT/HeraldOfCIT.pdf , page8 used on input line 4.
(pdftex.def)             Requested size: 562.80652pt x 795.10587pt.
File: Exhibits/Articles/HeraldOfCIT/HeraldOfCIT.pdf Graphic file (type pdf)
<use Exhibits/Articles/HeraldOfCIT/HeraldOfCIT.pdf, page 8>
Package pdftex.def Info: Exhibits/Articles/HeraldOfCIT/HeraldOfCIT.pdf , page8 used on input line 4.
(pdftex.def)             Requested size: 562.80652pt x 795.10587pt.


File: Exhibits/Articles/HeraldOfCIT/HeraldOfCIT.pdf Graphic file (type pdf)
<use Exhibits/Articles/HeraldOfCIT/HeraldOfCIT.pdf, page 8>
Package pdftex.def Info: Exhibits/Articles/HeraldOfCIT/HeraldOfCIT.pdf , page8 used on input line 4.
(pdftex.def)             Requested size: 562.80652pt x 795.10587pt.
[494

 <./Exhibits/Articles/HeraldOfCIT/HeraldOfCIT.pdf>]
<Exhibits/Articles/HeraldOfCIT/HeraldOfCIT.pdf, id=7620, page=9, 598.235pt x 845.1575pt>
File: Exhibits/Articles/HeraldOfCIT/HeraldOfCIT.pdf Graphic file (type pdf)
<use Exhibits/Articles/HeraldOfCIT/HeraldOfCIT.pdf, page 9>
Package pdftex.def Info: Exhibits/Articles/HeraldOfCIT/HeraldOfCIT.pdf , page9 used on input line 4.
(pdftex.def)             Requested size: 562.80652pt x 795.10587pt.
File: Exhibits/Articles/HeraldOfCIT/HeraldOfCIT.pdf Graphic file (type pdf)
<use Exhibits/Articles/HeraldOfCIT/HeraldOfCIT.pdf, page 9>
Package pdftex.def Info: Exhibits/Articles/HeraldOfCIT/HeraldOfCIT.pdf , page9 used on input line 4.
(pdftex.def)             Requested size: 562.80652pt x 795.10587pt.


File: Exhibits/Articles/HeraldOfCIT/HeraldOfCIT.pdf Graphic file (type pdf)
<use Exhibits/Articles/HeraldOfCIT/HeraldOfCIT.pdf, page 9>
Package pdftex.def Info: Exhibits/Articles/HeraldOfCIT/HeraldOfCIT.pdf , page9 used on input line 4.
(pdftex.def)             Requested size: 562.80652pt x 795.10587pt.
[495

 <./Exhibits/Articles/HeraldOfCIT/HeraldOfCIT.pdf>]
<Exhibits/Articles/HeraldOfCIT/HeraldOfCIT.pdf, id=7627, page=10, 598.235pt x 845.1575pt>
File: Exhibits/Articles/HeraldOfCIT/HeraldOfCIT.pdf Graphic file (type pdf)
<use Exhibits/Articles/HeraldOfCIT/HeraldOfCIT.pdf, page 10>
Package pdftex.def Info: Exhibits/Articles/HeraldOfCIT/HeraldOfCIT.pdf , page10 used on input line 4.
(pdftex.def)             Requested size: 562.80652pt x 795.10587pt.
File: Exhibits/Articles/HeraldOfCIT/HeraldOfCIT.pdf Graphic file (type pdf)
<use Exhibits/Articles/HeraldOfCIT/HeraldOfCIT.pdf, page 10>
Package pdftex.def Info: Exhibits/Articles/HeraldOfCIT/HeraldOfCIT.pdf , page10 used on input line 4.
(pdftex.def)             Requested size: 562.80652pt x 795.10587pt.


File: Exhibits/Articles/HeraldOfCIT/HeraldOfCIT.pdf Graphic file (type pdf)
<use Exhibits/Articles/HeraldOfCIT/HeraldOfCIT.pdf, page 10>
Package pdftex.def Info: Exhibits/Articles/HeraldOfCIT/HeraldOfCIT.pdf , page10 used on input line 4.
(pdftex.def)             Requested size: 562.80652pt x 795.10587pt.
[496

 <./Exhibits/Articles/HeraldOfCIT/HeraldOfCIT.pdf>]
<Exhibits/Articles/HeraldOfCIT/HeraldOfCIT.pdf, id=7642, page=11, 598.235pt x 845.1575pt>
File: Exhibits/Articles/HeraldOfCIT/HeraldOfCIT.pdf Graphic file (type pdf)
<use Exhibits/Articles/HeraldOfCIT/HeraldOfCIT.pdf, page 11>
Package pdftex.def Info: Exhibits/Articles/HeraldOfCIT/HeraldOfCIT.pdf , page11 used on input line 4.
(pdftex.def)             Requested size: 562.80652pt x 795.10587pt.
File: Exhibits/Articles/HeraldOfCIT/HeraldOfCIT.pdf Graphic file (type pdf)
<use Exhibits/Articles/HeraldOfCIT/HeraldOfCIT.pdf, page 11>
Package pdftex.def Info: Exhibits/Articles/HeraldOfCIT/HeraldOfCIT.pdf , page11 used on input line 4.
(pdftex.def)             Requested size: 562.80652pt x 795.10587pt.


File: Exhibits/Articles/HeraldOfCIT/HeraldOfCIT.pdf Graphic file (type pdf)
<use Exhibits/Articles/HeraldOfCIT/HeraldOfCIT.pdf, page 11>
Package pdftex.def Info: Exhibits/Articles/HeraldOfCIT/HeraldOfCIT.pdf , page11 used on input line 4.
(pdftex.def)             Requested size: 562.80652pt x 795.10587pt.
[497

 <./Exhibits/Articles/HeraldOfCIT/HeraldOfCIT.pdf>]
<Exhibits/Articles/HeraldOfCIT/HeraldOfCIT.pdf, id=7647, page=12, 598.235pt x 845.1575pt>
File: Exhibits/Articles/HeraldOfCIT/HeraldOfCIT.pdf Graphic file (type pdf)
<use Exhibits/Articles/HeraldOfCIT/HeraldOfCIT.pdf, page 12>
Package pdftex.def Info: Exhibits/Articles/HeraldOfCIT/HeraldOfCIT.pdf , page12 used on input line 4.
(pdftex.def)             Requested size: 562.80652pt x 795.10587pt.
File: Exhibits/Articles/HeraldOfCIT/HeraldOfCIT.pdf Graphic file (type pdf)
<use Exhibits/Articles/HeraldOfCIT/HeraldOfCIT.pdf, page 12>
Package pdftex.def Info: Exhibits/Articles/HeraldOfCIT/HeraldOfCIT.pdf , page12 used on input line 4.
(pdftex.def)             Requested size: 562.80652pt x 795.10587pt.


File: Exhibits/Articles/HeraldOfCIT/HeraldOfCIT.pdf Graphic file (type pdf)
<use Exhibits/Articles/HeraldOfCIT/HeraldOfCIT.pdf, page 12>
Package pdftex.def Info: Exhibits/Articles/HeraldOfCIT/HeraldOfCIT.pdf , page12 used on input line 4.
(pdftex.def)             Requested size: 562.80652pt x 795.10587pt.
[498

 <./Exhibits/Articles/HeraldOfCIT/HeraldOfCIT.pdf>]
<Exhibits/Articles/HeraldOfCIT/HeraldOfCIT.pdf, id=7652, page=13, 598.235pt x 845.1575pt>
File: Exhibits/Articles/HeraldOfCIT/HeraldOfCIT.pdf Graphic file (type pdf)
<use Exhibits/Articles/HeraldOfCIT/HeraldOfCIT.pdf, page 13>
Package pdftex.def Info: Exhibits/Articles/HeraldOfCIT/HeraldOfCIT.pdf , page13 used on input line 4.
(pdftex.def)             Requested size: 562.80652pt x 795.10587pt.
File: Exhibits/Articles/HeraldOfCIT/HeraldOfCIT.pdf Graphic file (type pdf)
<use Exhibits/Articles/HeraldOfCIT/HeraldOfCIT.pdf, page 13>
Package pdftex.def Info: Exhibits/Articles/HeraldOfCIT/HeraldOfCIT.pdf , page13 used on input line 4.
(pdftex.def)             Requested size: 562.80652pt x 795.10587pt.


File: Exhibits/Articles/HeraldOfCIT/HeraldOfCIT.pdf Graphic file (type pdf)
<use Exhibits/Articles/HeraldOfCIT/HeraldOfCIT.pdf, page 13>
Package pdftex.def Info: Exhibits/Articles/HeraldOfCIT/HeraldOfCIT.pdf , page13 used on input line 4.
(pdftex.def)             Requested size: 562.80652pt x 795.10587pt.
[499

 <./Exhibits/Articles/HeraldOfCIT/HeraldOfCIT.pdf>]
<Exhibits/Articles/HeraldOfCIT/HeraldOfCIT.pdf, id=7660, page=14, 598.235pt x 845.1575pt>
File: Exhibits/Articles/HeraldOfCIT/HeraldOfCIT.pdf Graphic file (type pdf)
<use Exhibits/Articles/HeraldOfCIT/HeraldOfCIT.pdf, page 14>
Package pdftex.def Info: Exhibits/Articles/HeraldOfCIT/HeraldOfCIT.pdf , page14 used on input line 4.
(pdftex.def)             Requested size: 562.80652pt x 795.10587pt.
File: Exhibits/Articles/HeraldOfCIT/HeraldOfCIT.pdf Graphic file (type pdf)
<use Exhibits/Articles/HeraldOfCIT/HeraldOfCIT.pdf, page 14>
Package pdftex.def Info: Exhibits/Articles/HeraldOfCIT/HeraldOfCIT.pdf , page14 used on input line 4.
(pdftex.def)             Requested size: 562.80652pt x 795.10587pt.


File: Exhibits/Articles/HeraldOfCIT/HeraldOfCIT.pdf Graphic file (type pdf)
<use Exhibits/Articles/HeraldOfCIT/HeraldOfCIT.pdf, page 14>
Package pdftex.def Info: Exhibits/Articles/HeraldOfCIT/HeraldOfCIT.pdf , page14 used on input line 4.
(pdftex.def)             Requested size: 562.80652pt x 795.10587pt.
[500

 <./Exhibits/Articles/HeraldOfCIT/HeraldOfCIT.pdf>]
<Exhibits/Articles/HeraldOfCIT/HeraldOfCIT.pdf, id=7665, page=15, 598.235pt x 845.1575pt>
File: Exhibits/Articles/HeraldOfCIT/HeraldOfCIT.pdf Graphic file (type pdf)
<use Exhibits/Articles/HeraldOfCIT/HeraldOfCIT.pdf, page 15>
Package pdftex.def Info: Exhibits/Articles/HeraldOfCIT/HeraldOfCIT.pdf , page15 used on input line 4.
(pdftex.def)             Requested size: 562.80652pt x 795.10587pt.
File: Exhibits/Articles/HeraldOfCIT/HeraldOfCIT.pdf Graphic file (type pdf)
<use Exhibits/Articles/HeraldOfCIT/HeraldOfCIT.pdf, page 15>
Package pdftex.def Info: Exhibits/Articles/HeraldOfCIT/HeraldOfCIT.pdf , page15 used on input line 4.
(pdftex.def)             Requested size: 562.80652pt x 795.10587pt.


File: Exhibits/Articles/HeraldOfCIT/HeraldOfCIT.pdf Graphic file (type pdf)
<use Exhibits/Articles/HeraldOfCIT/HeraldOfCIT.pdf, page 15>
Package pdftex.def Info: Exhibits/Articles/HeraldOfCIT/HeraldOfCIT.pdf , page15 used on input line 4.
(pdftex.def)             Requested size: 562.80652pt x 795.10587pt.
[501

 <./Exhibits/Articles/HeraldOfCIT/HeraldOfCIT.pdf>]
<Exhibits/Articles/HeraldOfCIT/HeraldOfCIT.pdf, id=7670, page=16, 598.235pt x 845.1575pt>
File: Exhibits/Articles/HeraldOfCIT/HeraldOfCIT.pdf Graphic file (type pdf)
<use Exhibits/Articles/HeraldOfCIT/HeraldOfCIT.pdf, page 16>
Package pdftex.def Info: Exhibits/Articles/HeraldOfCIT/HeraldOfCIT.pdf , page16 used on input line 4.
(pdftex.def)             Requested size: 562.80652pt x 795.10587pt.
File: Exhibits/Articles/HeraldOfCIT/HeraldOfCIT.pdf Graphic file (type pdf)
<use Exhibits/Articles/HeraldOfCIT/HeraldOfCIT.pdf, page 16>
Package pdftex.def Info: Exhibits/Articles/HeraldOfCIT/HeraldOfCIT.pdf , page16 used on input line 4.
(pdftex.def)             Requested size: 562.80652pt x 795.10587pt.


File: Exhibits/Articles/HeraldOfCIT/HeraldOfCIT.pdf Graphic file (type pdf)
<use Exhibits/Articles/HeraldOfCIT/HeraldOfCIT.pdf, page 16>
Package pdftex.def Info: Exhibits/Articles/HeraldOfCIT/HeraldOfCIT.pdf , page16 used on input line 4.
(pdftex.def)             Requested size: 562.80652pt x 795.10587pt.
[502

 <./Exhibits/Articles/HeraldOfCIT/HeraldOfCIT.pdf>]
<Exhibits/Articles/HeraldOfCIT/HeraldOfCIT.pdf, id=7675, page=17, 598.235pt x 845.1575pt>
File: Exhibits/Articles/HeraldOfCIT/HeraldOfCIT.pdf Graphic file (type pdf)
<use Exhibits/Articles/HeraldOfCIT/HeraldOfCIT.pdf, page 17>
Package pdftex.def Info: Exhibits/Articles/HeraldOfCIT/HeraldOfCIT.pdf , page17 used on input line 4.
(pdftex.def)             Requested size: 562.80652pt x 795.10587pt.
File: Exhibits/Articles/HeraldOfCIT/HeraldOfCIT.pdf Graphic file (type pdf)
<use Exhibits/Articles/HeraldOfCIT/HeraldOfCIT.pdf, page 17>
Package pdftex.def Info: Exhibits/Articles/HeraldOfCIT/HeraldOfCIT.pdf , page17 used on input line 4.
(pdftex.def)             Requested size: 562.80652pt x 795.10587pt.


File: Exhibits/Articles/HeraldOfCIT/HeraldOfCIT.pdf Graphic file (type pdf)
<use Exhibits/Articles/HeraldOfCIT/HeraldOfCIT.pdf, page 17>
Package pdftex.def Info: Exhibits/Articles/HeraldOfCIT/HeraldOfCIT.pdf , page17 used on input line 4.
(pdftex.def)             Requested size: 562.80652pt x 795.10587pt.
[503

 <./Exhibits/Articles/HeraldOfCIT/HeraldOfCIT.pdf>]
<Exhibits/Articles/HeraldOfCIT/HeraldOfCIT.pdf, id=7680, page=18, 598.235pt x 845.1575pt>
File: Exhibits/Articles/HeraldOfCIT/HeraldOfCIT.pdf Graphic file (type pdf)
<use Exhibits/Articles/HeraldOfCIT/HeraldOfCIT.pdf, page 18>
Package pdftex.def Info: Exhibits/Articles/HeraldOfCIT/HeraldOfCIT.pdf , page18 used on input line 4.
(pdftex.def)             Requested size: 562.80652pt x 795.10587pt.
File: Exhibits/Articles/HeraldOfCIT/HeraldOfCIT.pdf Graphic file (type pdf)
<use Exhibits/Articles/HeraldOfCIT/HeraldOfCIT.pdf, page 18>
Package pdftex.def Info: Exhibits/Articles/HeraldOfCIT/HeraldOfCIT.pdf , page18 used on input line 4.
(pdftex.def)             Requested size: 562.80652pt x 795.10587pt.


File: Exhibits/Articles/HeraldOfCIT/HeraldOfCIT.pdf Graphic file (type pdf)
<use Exhibits/Articles/HeraldOfCIT/HeraldOfCIT.pdf, page 18>
Package pdftex.def Info: Exhibits/Articles/HeraldOfCIT/HeraldOfCIT.pdf , page18 used on input line 4.
(pdftex.def)             Requested size: 562.80652pt x 795.10587pt.
[504

 <./Exhibits/Articles/HeraldOfCIT/HeraldOfCIT.pdf>]
<Exhibits/Articles/HeraldOfCIT/HeraldOfCIT.pdf, id=7686, page=19, 598.235pt x 845.1575pt>
File: Exhibits/Articles/HeraldOfCIT/HeraldOfCIT.pdf Graphic file (type pdf)
<use Exhibits/Articles/HeraldOfCIT/HeraldOfCIT.pdf, page 19>
Package pdftex.def Info: Exhibits/Articles/HeraldOfCIT/HeraldOfCIT.pdf , page19 used on input line 4.
(pdftex.def)             Requested size: 562.80652pt x 795.10587pt.
File: Exhibits/Articles/HeraldOfCIT/HeraldOfCIT.pdf Graphic file (type pdf)
<use Exhibits/Articles/HeraldOfCIT/HeraldOfCIT.pdf, page 19>
Package pdftex.def Info: Exhibits/Articles/HeraldOfCIT/HeraldOfCIT.pdf , page19 used on input line 4.
(pdftex.def)             Requested size: 562.80652pt x 795.10587pt.


File: Exhibits/Articles/HeraldOfCIT/HeraldOfCIT.pdf Graphic file (type pdf)
<use Exhibits/Articles/HeraldOfCIT/HeraldOfCIT.pdf, page 19>
Package pdftex.def Info: Exhibits/Articles/HeraldOfCIT/HeraldOfCIT.pdf , page19 used on input line 4.
(pdftex.def)             Requested size: 562.80652pt x 795.10587pt.
[505

 <./Exhibits/Articles/HeraldOfCIT/HeraldOfCIT.pdf>]) (./Exhibits/Articles/HeraldOfCITSite/HeraldOfCITSite.tex

[506


]
<Exhibits/Articles/HeraldOfCITSite/HeraldOfCITSite.png, id=7697, 790.955pt x 883.3pt>
File: Exhibits/Articles/HeraldOfCITSite/HeraldOfCITSite.png Graphic file (type png)
<use Exhibits/Articles/HeraldOfCITSite/HeraldOfCITSite.png>
Package pdftex.def Info: Exhibits/Articles/HeraldOfCITSite/HeraldOfCITSite.png  used on input line 5.
(pdftex.def)             Requested size: 446.39099pt x 498.51283pt.


[507

 <./Exhibits/Articles/HeraldOfCITSite/HeraldOfCITSite.png>]
<Exhibits/Articles/HeraldOfCITSite/HeraldOfCITSite1.png, id=7703, 985.6825pt x 871.255pt>
File: Exhibits/Articles/HeraldOfCITSite/HeraldOfCITSite1.png Graphic file (type png)
<use Exhibits/Articles/HeraldOfCITSite/HeraldOfCITSite1.png>
Package pdftex.def Info: Exhibits/Articles/HeraldOfCITSite/HeraldOfCITSite1.png  used on input line 10.
(pdftex.def)             Requested size: 446.39099pt x 394.57375pt.
)

[508 <./Exhibits/Articles/HeraldOfCITSite/HeraldOfCITSite1.png>]) (./Exhibits/Role/Role.tex (./Exhibits/Role/IKomekDeputyAkimLetter/IKomekDeputyAkimLetter.tex

[509

]
<Exhibits/Role/IKomekDeputyAkimLetter/IKomekDeputyAkimLetter.pdf, id=7714, 597.31157pt x 844.83629pt>
File: Exhibits/Role/IKomekDeputyAkimLetter/IKomekDeputyAkimLetter.pdf Graphic file (type pdf)
<use Exhibits/Role/IKomekDeputyAkimLetter/IKomekDeputyAkimLetter.pdf>
Package pdftex.def Info: Exhibits/Role/IKomekDeputyAkimLetter/IKomekDeputyAkimLetter.pdf  used on input line 4.
(pdftex.def)             Requested size: 597.3101pt x 844.83423pt.
<Exhibits/Role/IKomekDeputyAkimLetter/IKomekDeputyAkimLetter.pdf, id=7716, page=1, 597.31157pt x 844.83629pt>
File: Exhibits/Role/IKomekDeputyAkimLetter/IKomekDeputyAkimLetter.pdf Graphic file (type pdf)
<use Exhibits/Role/IKomekDeputyAkimLetter/IKomekDeputyAkimLetter.pdf, page 1>
Package pdftex.def Info: Exhibits/Role/IKomekDeputyAkimLetter/IKomekDeputyAkimLetter.pdf , page1 used on input line 4.
(pdftex.def)             Requested size: 597.3101pt x 844.83423pt.
File: Exhibits/Role/IKomekDeputyAkimLetter/IKomekDeputyAkimLetter.pdf Graphic file (type pdf)
<use Exhibits/Role/IKomekDeputyAkimLetter/IKomekDeputyAkimLetter.pdf, page 1>
Package pdftex.def Info: Exhibits/Role/IKomekDeputyAkimLetter/IKomekDeputyAkimLetter.pdf , page1 used on input line 4.
(pdftex.def)             Requested size: 562.60312pt x 795.74474pt.
File: Exhibits/Role/IKomekDeputyAkimLetter/IKomekDeputyAkimLetter.pdf Graphic file (type pdf)
<use Exhibits/Role/IKomekDeputyAkimLetter/IKomekDeputyAkimLetter.pdf, page 1>
Package pdftex.def Info: Exhibits/Role/IKomekDeputyAkimLetter/IKomekDeputyAkimLetter.pdf , page1 used on input line 4.
(pdftex.def)             Requested size: 562.60312pt x 795.74474pt.
File: Exhibits/Role/IKomekDeputyAkimLetter/IKomekDeputyAkimLetter.pdf Graphic file (type pdf)
<use Exhibits/Role/IKomekDeputyAkimLetter/IKomekDeputyAkimLetter.pdf, page 1>
Package pdftex.def Info: Exhibits/Role/IKomekDeputyAkimLetter/IKomekDeputyAkimLetter.pdf , page1 used on input line 4.
(pdftex.def)             Requested size: 562.60312pt x 795.74474pt.


File: Exhibits/Role/IKomekDeputyAkimLetter/IKomekDeputyAkimLetter.pdf Graphic file (type pdf)
<use Exhibits/Role/IKomekDeputyAkimLetter/IKomekDeputyAkimLetter.pdf, page 1>
Package pdftex.def Info: Exhibits/Role/IKomekDeputyAkimLetter/IKomekDeputyAkimLetter.pdf , page1 used on input line 4.
(pdftex.def)             Requested size: 562.60312pt x 795.74474pt.
[510


 <./Exhibits/Role/IKomekDeputyAkimLetter/IKomekDeputyAkimLetter.pdf, page is rotated 90 degrees>]
<Exhibits/Role/IKomekDeputyAkimLetter/IKomekDeputyAkimLetter.pdf, id=7723, page=2, 597.31157pt x 844.83629pt>
File: Exhibits/Role/IKomekDeputyAkimLetter/IKomekDeputyAkimLetter.pdf Graphic file (type pdf)
<use Exhibits/Role/IKomekDeputyAkimLetter/IKomekDeputyAkimLetter.pdf, page 2>
Package pdftex.def Info: Exhibits/Role/IKomekDeputyAkimLetter/IKomekDeputyAkimLetter.pdf , page2 used on input line 4.
(pdftex.def)             Requested size: 562.60312pt x 795.74474pt.
File: Exhibits/Role/IKomekDeputyAkimLetter/IKomekDeputyAkimLetter.pdf Graphic file (type pdf)
<use Exhibits/Role/IKomekDeputyAkimLetter/IKomekDeputyAkimLetter.pdf, page 2>
Package pdftex.def Info: Exhibits/Role/IKomekDeputyAkimLetter/IKomekDeputyAkimLetter.pdf , page2 used on input line 4.
(pdftex.def)             Requested size: 562.60312pt x 795.74474pt.


File: Exhibits/Role/IKomekDeputyAkimLetter/IKomekDeputyAkimLetter.pdf Graphic file (type pdf)
<use Exhibits/Role/IKomekDeputyAkimLetter/IKomekDeputyAkimLetter.pdf, page 2>
Package pdftex.def Info: Exhibits/Role/IKomekDeputyAkimLetter/IKomekDeputyAkimLetter.pdf , page2 used on input line 4.
(pdftex.def)             Requested size: 562.60312pt x 795.74474pt.
[511

 <./Exhibits/Role/IKomekDeputyAkimLetter/IKomekDeputyAkimLetter.pdf, page is rotated 90 degrees>]
<Exhibits/Role/IKomekDeputyAkimLetter/IKomekDeputyAkimLetter.pdf, id=7730, page=3, 597.31157pt x 844.83629pt>
File: Exhibits/Role/IKomekDeputyAkimLetter/IKomekDeputyAkimLetter.pdf Graphic file (type pdf)
<use Exhibits/Role/IKomekDeputyAkimLetter/IKomekDeputyAkimLetter.pdf, page 3>
Package pdftex.def Info: Exhibits/Role/IKomekDeputyAkimLetter/IKomekDeputyAkimLetter.pdf , page3 used on input line 4.
(pdftex.def)             Requested size: 562.60312pt x 795.74474pt.
File: Exhibits/Role/IKomekDeputyAkimLetter/IKomekDeputyAkimLetter.pdf Graphic file (type pdf)
<use Exhibits/Role/IKomekDeputyAkimLetter/IKomekDeputyAkimLetter.pdf, page 3>
Package pdftex.def Info: Exhibits/Role/IKomekDeputyAkimLetter/IKomekDeputyAkimLetter.pdf , page3 used on input line 4.
(pdftex.def)             Requested size: 562.60312pt x 795.74474pt.


File: Exhibits/Role/IKomekDeputyAkimLetter/IKomekDeputyAkimLetter.pdf Graphic file (type pdf)
<use Exhibits/Role/IKomekDeputyAkimLetter/IKomekDeputyAkimLetter.pdf, page 3>
Package pdftex.def Info: Exhibits/Role/IKomekDeputyAkimLetter/IKomekDeputyAkimLetter.pdf , page3 used on input line 4.
(pdftex.def)             Requested size: 562.60312pt x 795.74474pt.
[512

 <./Exhibits/Role/IKomekDeputyAkimLetter/IKomekDeputyAkimLetter.pdf, page is rotated 90 degrees>]
<Exhibits/Role/IKomekDeputyAkimLetter/IKomekDeputyAkimLetter.pdf, id=7736, page=4, 597.31157pt x 844.83629pt>
File: Exhibits/Role/IKomekDeputyAkimLetter/IKomekDeputyAkimLetter.pdf Graphic file (type pdf)
<use Exhibits/Role/IKomekDeputyAkimLetter/IKomekDeputyAkimLetter.pdf, page 4>
Package pdftex.def Info: Exhibits/Role/IKomekDeputyAkimLetter/IKomekDeputyAkimLetter.pdf , page4 used on input line 4.
(pdftex.def)             Requested size: 562.60312pt x 795.74474pt.
File: Exhibits/Role/IKomekDeputyAkimLetter/IKomekDeputyAkimLetter.pdf Graphic file (type pdf)
<use Exhibits/Role/IKomekDeputyAkimLetter/IKomekDeputyAkimLetter.pdf, page 4>
Package pdftex.def Info: Exhibits/Role/IKomekDeputyAkimLetter/IKomekDeputyAkimLetter.pdf , page4 used on input line 4.
(pdftex.def)             Requested size: 562.60312pt x 795.74474pt.


File: Exhibits/Role/IKomekDeputyAkimLetter/IKomekDeputyAkimLetter.pdf Graphic file (type pdf)
<use Exhibits/Role/IKomekDeputyAkimLetter/IKomekDeputyAkimLetter.pdf, page 4>
Package pdftex.def Info: Exhibits/Role/IKomekDeputyAkimLetter/IKomekDeputyAkimLetter.pdf , page4 used on input line 4.
(pdftex.def)             Requested size: 562.60312pt x 795.74474pt.
[513

 <./Exhibits/Role/IKomekDeputyAkimLetter/IKomekDeputyAkimLetter.pdf, page is rotated 90 degrees>]
<Exhibits/Role/IKomekDeputyAkimLetter/IKomekDeputyAkimLetter.pdf, id=7742, page=5, 597.31157pt x 844.83629pt>
File: Exhibits/Role/IKomekDeputyAkimLetter/IKomekDeputyAkimLetter.pdf Graphic file (type pdf)
<use Exhibits/Role/IKomekDeputyAkimLetter/IKomekDeputyAkimLetter.pdf, page 5>
Package pdftex.def Info: Exhibits/Role/IKomekDeputyAkimLetter/IKomekDeputyAkimLetter.pdf , page5 used on input line 4.
(pdftex.def)             Requested size: 562.60312pt x 795.74474pt.
File: Exhibits/Role/IKomekDeputyAkimLetter/IKomekDeputyAkimLetter.pdf Graphic file (type pdf)
<use Exhibits/Role/IKomekDeputyAkimLetter/IKomekDeputyAkimLetter.pdf, page 5>
Package pdftex.def Info: Exhibits/Role/IKomekDeputyAkimLetter/IKomekDeputyAkimLetter.pdf , page5 used on input line 4.
(pdftex.def)             Requested size: 562.60312pt x 795.74474pt.


File: Exhibits/Role/IKomekDeputyAkimLetter/IKomekDeputyAkimLetter.pdf Graphic file (type pdf)
<use Exhibits/Role/IKomekDeputyAkimLetter/IKomekDeputyAkimLetter.pdf, page 5>
Package pdftex.def Info: Exhibits/Role/IKomekDeputyAkimLetter/IKomekDeputyAkimLetter.pdf , page5 used on input line 4.
(pdftex.def)             Requested size: 562.60312pt x 795.74474pt.
[514

 <./Exhibits/Role/IKomekDeputyAkimLetter/IKomekDeputyAkimLetter.pdf, page is rotated 90 degrees>]
<Exhibits/Role/IKomekDeputyAkimLetter/IKomekDeputyAkimLetter.pdf, id=7748, page=6, 597.31157pt x 844.83629pt>
File: Exhibits/Role/IKomekDeputyAkimLetter/IKomekDeputyAkimLetter.pdf Graphic file (type pdf)
<use Exhibits/Role/IKomekDeputyAkimLetter/IKomekDeputyAkimLetter.pdf, page 6>
Package pdftex.def Info: Exhibits/Role/IKomekDeputyAkimLetter/IKomekDeputyAkimLetter.pdf , page6 used on input line 4.
(pdftex.def)             Requested size: 562.60312pt x 795.74474pt.
File: Exhibits/Role/IKomekDeputyAkimLetter/IKomekDeputyAkimLetter.pdf Graphic file (type pdf)
<use Exhibits/Role/IKomekDeputyAkimLetter/IKomekDeputyAkimLetter.pdf, page 6>
Package pdftex.def Info: Exhibits/Role/IKomekDeputyAkimLetter/IKomekDeputyAkimLetter.pdf , page6 used on input line 4.
(pdftex.def)             Requested size: 562.60312pt x 795.74474pt.


File: Exhibits/Role/IKomekDeputyAkimLetter/IKomekDeputyAkimLetter.pdf Graphic file (type pdf)
<use Exhibits/Role/IKomekDeputyAkimLetter/IKomekDeputyAkimLetter.pdf, page 6>
Package pdftex.def Info: Exhibits/Role/IKomekDeputyAkimLetter/IKomekDeputyAkimLetter.pdf , page6 used on input line 4.
(pdftex.def)             Requested size: 562.60312pt x 795.74474pt.
[515

 <./Exhibits/Role/IKomekDeputyAkimLetter/IKomekDeputyAkimLetter.pdf, page is rotated 90 degrees>]
<Exhibits/Role/IKomekDeputyAkimLetter/IKomekDeputyAkimLetter.pdf, id=7754, page=7, 597.31157pt x 844.83629pt>
File: Exhibits/Role/IKomekDeputyAkimLetter/IKomekDeputyAkimLetter.pdf Graphic file (type pdf)
<use Exhibits/Role/IKomekDeputyAkimLetter/IKomekDeputyAkimLetter.pdf, page 7>
Package pdftex.def Info: Exhibits/Role/IKomekDeputyAkimLetter/IKomekDeputyAkimLetter.pdf , page7 used on input line 4.
(pdftex.def)             Requested size: 562.60312pt x 795.74474pt.
File: Exhibits/Role/IKomekDeputyAkimLetter/IKomekDeputyAkimLetter.pdf Graphic file (type pdf)
<use Exhibits/Role/IKomekDeputyAkimLetter/IKomekDeputyAkimLetter.pdf, page 7>
Package pdftex.def Info: Exhibits/Role/IKomekDeputyAkimLetter/IKomekDeputyAkimLetter.pdf , page7 used on input line 4.
(pdftex.def)             Requested size: 562.60312pt x 795.74474pt.


File: Exhibits/Role/IKomekDeputyAkimLetter/IKomekDeputyAkimLetter.pdf Graphic file (type pdf)
<use Exhibits/Role/IKomekDeputyAkimLetter/IKomekDeputyAkimLetter.pdf, page 7>
Package pdftex.def Info: Exhibits/Role/IKomekDeputyAkimLetter/IKomekDeputyAkimLetter.pdf , page7 used on input line 4.
(pdftex.def)             Requested size: 562.60312pt x 795.74474pt.
[516

 <./Exhibits/Role/IKomekDeputyAkimLetter/IKomekDeputyAkimLetter.pdf, page is rotated 90 degrees>]
<Exhibits/Role/IKomekDeputyAkimLetter/IKomekDeputyAkimLetter.pdf, id=7760, page=8, 597.31157pt x 844.83629pt>
File: Exhibits/Role/IKomekDeputyAkimLetter/IKomekDeputyAkimLetter.pdf Graphic file (type pdf)
<use Exhibits/Role/IKomekDeputyAkimLetter/IKomekDeputyAkimLetter.pdf, page 8>
Package pdftex.def Info: Exhibits/Role/IKomekDeputyAkimLetter/IKomekDeputyAkimLetter.pdf , page8 used on input line 4.
(pdftex.def)             Requested size: 562.60312pt x 795.74474pt.
File: Exhibits/Role/IKomekDeputyAkimLetter/IKomekDeputyAkimLetter.pdf Graphic file (type pdf)
<use Exhibits/Role/IKomekDeputyAkimLetter/IKomekDeputyAkimLetter.pdf, page 8>
Package pdftex.def Info: Exhibits/Role/IKomekDeputyAkimLetter/IKomekDeputyAkimLetter.pdf , page8 used on input line 4.
(pdftex.def)             Requested size: 562.60312pt x 795.74474pt.


File: Exhibits/Role/IKomekDeputyAkimLetter/IKomekDeputyAkimLetter.pdf Graphic file (type pdf)
<use Exhibits/Role/IKomekDeputyAkimLetter/IKomekDeputyAkimLetter.pdf, page 8>
Package pdftex.def Info: Exhibits/Role/IKomekDeputyAkimLetter/IKomekDeputyAkimLetter.pdf , page8 used on input line 4.
(pdftex.def)             Requested size: 562.60312pt x 795.74474pt.
[517

 <./Exhibits/Role/IKomekDeputyAkimLetter/IKomekDeputyAkimLetter.pdf, page is rotated 90 degrees>]
<Exhibits/Role/IKomekDeputyAkimLetter/IKomekDeputyAkimLetter.pdf, id=7767, page=9, 597.31157pt x 844.83629pt>
File: Exhibits/Role/IKomekDeputyAkimLetter/IKomekDeputyAkimLetter.pdf Graphic file (type pdf)
<use Exhibits/Role/IKomekDeputyAkimLetter/IKomekDeputyAkimLetter.pdf, page 9>
Package pdftex.def Info: Exhibits/Role/IKomekDeputyAkimLetter/IKomekDeputyAkimLetter.pdf , page9 used on input line 4.
(pdftex.def)             Requested size: 562.60312pt x 795.74474pt.
File: Exhibits/Role/IKomekDeputyAkimLetter/IKomekDeputyAkimLetter.pdf Graphic file (type pdf)
<use Exhibits/Role/IKomekDeputyAkimLetter/IKomekDeputyAkimLetter.pdf, page 9>
Package pdftex.def Info: Exhibits/Role/IKomekDeputyAkimLetter/IKomekDeputyAkimLetter.pdf , page9 used on input line 4.
(pdftex.def)             Requested size: 562.60312pt x 795.74474pt.


File: Exhibits/Role/IKomekDeputyAkimLetter/IKomekDeputyAkimLetter.pdf Graphic file (type pdf)
<use Exhibits/Role/IKomekDeputyAkimLetter/IKomekDeputyAkimLetter.pdf, page 9>
Package pdftex.def Info: Exhibits/Role/IKomekDeputyAkimLetter/IKomekDeputyAkimLetter.pdf , page9 used on input line 4.
(pdftex.def)             Requested size: 562.60312pt x 795.74474pt.
[518

 <./Exhibits/Role/IKomekDeputyAkimLetter/IKomekDeputyAkimLetter.pdf, page is rotated 90 degrees>]
<Exhibits/Role/IKomekDeputyAkimLetter/IKomekDeputyAkimLetter.pdf, id=7773, page=10, 597.31157pt x 844.83629pt>
File: Exhibits/Role/IKomekDeputyAkimLetter/IKomekDeputyAkimLetter.pdf Graphic file (type pdf)
<use Exhibits/Role/IKomekDeputyAkimLetter/IKomekDeputyAkimLetter.pdf, page 10>
Package pdftex.def Info: Exhibits/Role/IKomekDeputyAkimLetter/IKomekDeputyAkimLetter.pdf , page10 used on input line 4.
(pdftex.def)             Requested size: 562.60312pt x 795.74474pt.
File: Exhibits/Role/IKomekDeputyAkimLetter/IKomekDeputyAkimLetter.pdf Graphic file (type pdf)
<use Exhibits/Role/IKomekDeputyAkimLetter/IKomekDeputyAkimLetter.pdf, page 10>
Package pdftex.def Info: Exhibits/Role/IKomekDeputyAkimLetter/IKomekDeputyAkimLetter.pdf , page10 used on input line 4.
(pdftex.def)             Requested size: 562.60312pt x 795.74474pt.


File: Exhibits/Role/IKomekDeputyAkimLetter/IKomekDeputyAkimLetter.pdf Graphic file (type pdf)
<use Exhibits/Role/IKomekDeputyAkimLetter/IKomekDeputyAkimLetter.pdf, page 10>
Package pdftex.def Info: Exhibits/Role/IKomekDeputyAkimLetter/IKomekDeputyAkimLetter.pdf , page10 used on input line 4.
(pdftex.def)             Requested size: 562.60312pt x 795.74474pt.
[519

 <./Exhibits/Role/IKomekDeputyAkimLetter/IKomekDeputyAkimLetter.pdf, page is rotated 90 degrees>]) (./Exhibits/Role/IKomekPresentationScript/IKomekPresentationScript.tex

[520


]
<Exhibits/Role/IKomekPresentationScript/IkomekPresentationScript.pdf, id=7785, 598.235pt x 845.1575pt>
File: Exhibits/Role/IKomekPresentationScript/IkomekPresentationScript.pdf Graphic file (type pdf)
<use Exhibits/Role/IKomekPresentationScript/IkomekPresentationScript.pdf>
Package pdftex.def Info: Exhibits/Role/IKomekPresentationScript/IkomekPresentationScript.pdf  used on input line 4.
(pdftex.def)             Requested size: 598.23354pt x 845.15544pt.
<Exhibits/Role/IKomekPresentationScript/IkomekPresentationScript.pdf, id=7787, page=1, 598.235pt x 845.1575pt>
File: Exhibits/Role/IKomekPresentationScript/IkomekPresentationScript.pdf Graphic file (type pdf)
<use Exhibits/Role/IKomekPresentationScript/IkomekPresentationScript.pdf, page 1>
Package pdftex.def Info: Exhibits/Role/IKomekPresentationScript/IkomekPresentationScript.pdf , page1 used on input line 4.
(pdftex.def)             Requested size: 598.23354pt x 845.15544pt.
File: Exhibits/Role/IKomekPresentationScript/IkomekPresentationScript.pdf Graphic file (type pdf)
<use Exhibits/Role/IKomekPresentationScript/IkomekPresentationScript.pdf, page 1>
Package pdftex.def Info: Exhibits/Role/IKomekPresentationScript/IkomekPresentationScript.pdf , page1 used on input line 4.
(pdftex.def)             Requested size: 562.80652pt x 795.10587pt.
File: Exhibits/Role/IKomekPresentationScript/IkomekPresentationScript.pdf Graphic file (type pdf)
<use Exhibits/Role/IKomekPresentationScript/IkomekPresentationScript.pdf, page 1>
Package pdftex.def Info: Exhibits/Role/IKomekPresentationScript/IkomekPresentationScript.pdf , page1 used on input line 4.
(pdftex.def)             Requested size: 562.80652pt x 795.10587pt.
File: Exhibits/Role/IKomekPresentationScript/IkomekPresentationScript.pdf Graphic file (type pdf)
<use Exhibits/Role/IKomekPresentationScript/IkomekPresentationScript.pdf, page 1>
Package pdftex.def Info: Exhibits/Role/IKomekPresentationScript/IkomekPresentationScript.pdf , page1 used on input line 4.
(pdftex.def)             Requested size: 562.80652pt x 795.10587pt.


File: Exhibits/Role/IKomekPresentationScript/IkomekPresentationScript.pdf Graphic file (type pdf)
<use Exhibits/Role/IKomekPresentationScript/IkomekPresentationScript.pdf, page 1>
Package pdftex.def Info: Exhibits/Role/IKomekPresentationScript/IkomekPresentationScript.pdf , page1 used on input line 4.
(pdftex.def)             Requested size: 562.80652pt x 795.10587pt.
[521


 <./Exhibits/Role/IKomekPresentationScript/IkomekPresentationScript.pdf>]
<Exhibits/Role/IKomekPresentationScript/IkomekPresentationScript.pdf, id=7809, page=2, 598.235pt x 845.1575pt>
File: Exhibits/Role/IKomekPresentationScript/IkomekPresentationScript.pdf Graphic file (type pdf)
<use Exhibits/Role/IKomekPresentationScript/IkomekPresentationScript.pdf, page 2>
Package pdftex.def Info: Exhibits/Role/IKomekPresentationScript/IkomekPresentationScript.pdf , page2 used on input line 4.
(pdftex.def)             Requested size: 562.80652pt x 795.10587pt.
File: Exhibits/Role/IKomekPresentationScript/IkomekPresentationScript.pdf Graphic file (type pdf)
<use Exhibits/Role/IKomekPresentationScript/IkomekPresentationScript.pdf, page 2>
Package pdftex.def Info: Exhibits/Role/IKomekPresentationScript/IkomekPresentationScript.pdf , page2 used on input line 4.
(pdftex.def)             Requested size: 562.80652pt x 795.10587pt.


File: Exhibits/Role/IKomekPresentationScript/IkomekPresentationScript.pdf Graphic file (type pdf)
<use Exhibits/Role/IKomekPresentationScript/IkomekPresentationScript.pdf, page 2>
Package pdftex.def Info: Exhibits/Role/IKomekPresentationScript/IkomekPresentationScript.pdf , page2 used on input line 4.
(pdftex.def)             Requested size: 562.80652pt x 795.10587pt.
[522

 <./Exhibits/Role/IKomekPresentationScript/IkomekPresentationScript.pdf>]
<Exhibits/Role/IKomekPresentationScript/IkomekPresentationScript.pdf, id=7814, page=3, 598.235pt x 845.1575pt>
File: Exhibits/Role/IKomekPresentationScript/IkomekPresentationScript.pdf Graphic file (type pdf)
<use Exhibits/Role/IKomekPresentationScript/IkomekPresentationScript.pdf, page 3>
Package pdftex.def Info: Exhibits/Role/IKomekPresentationScript/IkomekPresentationScript.pdf , page3 used on input line 4.
(pdftex.def)             Requested size: 562.80652pt x 795.10587pt.
File: Exhibits/Role/IKomekPresentationScript/IkomekPresentationScript.pdf Graphic file (type pdf)
<use Exhibits/Role/IKomekPresentationScript/IkomekPresentationScript.pdf, page 3>
Package pdftex.def Info: Exhibits/Role/IKomekPresentationScript/IkomekPresentationScript.pdf , page3 used on input line 4.
(pdftex.def)             Requested size: 562.80652pt x 795.10587pt.


File: Exhibits/Role/IKomekPresentationScript/IkomekPresentationScript.pdf Graphic file (type pdf)
<use Exhibits/Role/IKomekPresentationScript/IkomekPresentationScript.pdf, page 3>
Package pdftex.def Info: Exhibits/Role/IKomekPresentationScript/IkomekPresentationScript.pdf , page3 used on input line 4.
(pdftex.def)             Requested size: 562.80652pt x 795.10587pt.
[523

 <./Exhibits/Role/IKomekPresentationScript/IkomekPresentationScript.pdf>]) (./Exhibits/Role/STSRoleLetter/STSRoleLetter.tex

[524


]
<Exhibits/Role/STSRoleLetter/STSRoleLetter.pdf, id=7825, 598.235pt x 845.1575pt>
File: Exhibits/Role/STSRoleLetter/STSRoleLetter.pdf Graphic file (type pdf)
<use Exhibits/Role/STSRoleLetter/STSRoleLetter.pdf>
Package pdftex.def Info: Exhibits/Role/STSRoleLetter/STSRoleLetter.pdf  used on input line 4.
(pdftex.def)             Requested size: 598.23354pt x 845.15544pt.
<Exhibits/Role/STSRoleLetter/STSRoleLetter.pdf, id=7827, page=1, 598.235pt x 845.1575pt>
File: Exhibits/Role/STSRoleLetter/STSRoleLetter.pdf Graphic file (type pdf)
<use Exhibits/Role/STSRoleLetter/STSRoleLetter.pdf, page 1>
Package pdftex.def Info: Exhibits/Role/STSRoleLetter/STSRoleLetter.pdf , page1 used on input line 4.
(pdftex.def)             Requested size: 598.23354pt x 845.15544pt.
File: Exhibits/Role/STSRoleLetter/STSRoleLetter.pdf Graphic file (type pdf)
<use Exhibits/Role/STSRoleLetter/STSRoleLetter.pdf, page 1>
Package pdftex.def Info: Exhibits/Role/STSRoleLetter/STSRoleLetter.pdf , page1 used on input line 4.
(pdftex.def)             Requested size: 562.80652pt x 795.10587pt.
File: Exhibits/Role/STSRoleLetter/STSRoleLetter.pdf Graphic file (type pdf)
<use Exhibits/Role/STSRoleLetter/STSRoleLetter.pdf, page 1>
Package pdftex.def Info: Exhibits/Role/STSRoleLetter/STSRoleLetter.pdf , page1 used on input line 4.
(pdftex.def)             Requested size: 562.80652pt x 795.10587pt.
File: Exhibits/Role/STSRoleLetter/STSRoleLetter.pdf Graphic file (type pdf)
<use Exhibits/Role/STSRoleLetter/STSRoleLetter.pdf, page 1>
Package pdftex.def Info: Exhibits/Role/STSRoleLetter/STSRoleLetter.pdf , page1 used on input line 4.
(pdftex.def)             Requested size: 562.80652pt x 795.10587pt.


File: Exhibits/Role/STSRoleLetter/STSRoleLetter.pdf Graphic file (type pdf)
<use Exhibits/Role/STSRoleLetter/STSRoleLetter.pdf, page 1>
Package pdftex.def Info: Exhibits/Role/STSRoleLetter/STSRoleLetter.pdf , page1 used on input line 4.
(pdftex.def)             Requested size: 562.80652pt x 795.10587pt.
[525


 <./Exhibits/Role/STSRoleLetter/STSRoleLetter.pdf>]
<Exhibits/Role/STSRoleLetter/STSRoleLetter.pdf, id=7834, page=2, 598.235pt x 845.1575pt>
File: Exhibits/Role/STSRoleLetter/STSRoleLetter.pdf Graphic file (type pdf)
<use Exhibits/Role/STSRoleLetter/STSRoleLetter.pdf, page 2>
Package pdftex.def Info: Exhibits/Role/STSRoleLetter/STSRoleLetter.pdf , page2 used on input line 4.
(pdftex.def)             Requested size: 562.80652pt x 795.10587pt.
File: Exhibits/Role/STSRoleLetter/STSRoleLetter.pdf Graphic file (type pdf)
<use Exhibits/Role/STSRoleLetter/STSRoleLetter.pdf, page 2>
Package pdftex.def Info: Exhibits/Role/STSRoleLetter/STSRoleLetter.pdf , page2 used on input line 4.
(pdftex.def)             Requested size: 562.80652pt x 795.10587pt.


File: Exhibits/Role/STSRoleLetter/STSRoleLetter.pdf Graphic file (type pdf)
<use Exhibits/Role/STSRoleLetter/STSRoleLetter.pdf, page 2>
Package pdftex.def Info: Exhibits/Role/STSRoleLetter/STSRoleLetter.pdf , page2 used on input line 4.
(pdftex.def)             Requested size: 562.80652pt x 795.10587pt.
[526

 <./Exhibits/Role/STSRoleLetter/STSRoleLetter.pdf>]
<Exhibits/Role/STSRoleLetter/STSRoleLetter.pdf, id=7840, page=3, 598.235pt x 845.1575pt>
File: Exhibits/Role/STSRoleLetter/STSRoleLetter.pdf Graphic file (type pdf)
<use Exhibits/Role/STSRoleLetter/STSRoleLetter.pdf, page 3>
Package pdftex.def Info: Exhibits/Role/STSRoleLetter/STSRoleLetter.pdf , page3 used on input line 4.
(pdftex.def)             Requested size: 562.80652pt x 795.10587pt.
File: Exhibits/Role/STSRoleLetter/STSRoleLetter.pdf Graphic file (type pdf)
<use Exhibits/Role/STSRoleLetter/STSRoleLetter.pdf, page 3>
Package pdftex.def Info: Exhibits/Role/STSRoleLetter/STSRoleLetter.pdf , page3 used on input line 4.
(pdftex.def)             Requested size: 562.80652pt x 795.10587pt.


File: Exhibits/Role/STSRoleLetter/STSRoleLetter.pdf Graphic file (type pdf)
<use Exhibits/Role/STSRoleLetter/STSRoleLetter.pdf, page 3>
Package pdftex.def Info: Exhibits/Role/STSRoleLetter/STSRoleLetter.pdf , page3 used on input line 4.
(pdftex.def)             Requested size: 562.80652pt x 795.10587pt.
[527

 <./Exhibits/Role/STSRoleLetter/STSRoleLetter.pdf>]) (./Exhibits/Role/EQKRoleLetter/EQKRoleLetter.tex

[528


]
<Exhibits/Role/EQKRoleLetter/EQKRoleLetter.pdf, id=7852, 597.31157pt x 844.83629pt>
File: Exhibits/Role/EQKRoleLetter/EQKRoleLetter.pdf Graphic file (type pdf)
<use Exhibits/Role/EQKRoleLetter/EQKRoleLetter.pdf>
Package pdftex.def Info: Exhibits/Role/EQKRoleLetter/EQKRoleLetter.pdf  used on input line 4.
(pdftex.def)             Requested size: 597.3101pt x 844.83423pt.
<Exhibits/Role/EQKRoleLetter/EQKRoleLetter.pdf, id=7854, page=1, 597.31157pt x 844.83629pt>
File: Exhibits/Role/EQKRoleLetter/EQKRoleLetter.pdf Graphic file (type pdf)
<use Exhibits/Role/EQKRoleLetter/EQKRoleLetter.pdf, page 1>
Package pdftex.def Info: Exhibits/Role/EQKRoleLetter/EQKRoleLetter.pdf , page1 used on input line 4.
(pdftex.def)             Requested size: 597.3101pt x 844.83423pt.
File: Exhibits/Role/EQKRoleLetter/EQKRoleLetter.pdf Graphic file (type pdf)
<use Exhibits/Role/EQKRoleLetter/EQKRoleLetter.pdf, page 1>
Package pdftex.def Info: Exhibits/Role/EQKRoleLetter/EQKRoleLetter.pdf , page1 used on input line 4.
(pdftex.def)             Requested size: 562.60312pt x 795.74474pt.
File: Exhibits/Role/EQKRoleLetter/EQKRoleLetter.pdf Graphic file (type pdf)
<use Exhibits/Role/EQKRoleLetter/EQKRoleLetter.pdf, page 1>
Package pdftex.def Info: Exhibits/Role/EQKRoleLetter/EQKRoleLetter.pdf , page1 used on input line 4.
(pdftex.def)             Requested size: 562.60312pt x 795.74474pt.
File: Exhibits/Role/EQKRoleLetter/EQKRoleLetter.pdf Graphic file (type pdf)
<use Exhibits/Role/EQKRoleLetter/EQKRoleLetter.pdf, page 1>
Package pdftex.def Info: Exhibits/Role/EQKRoleLetter/EQKRoleLetter.pdf , page1 used on input line 4.
(pdftex.def)             Requested size: 562.60312pt x 795.74474pt.


File: Exhibits/Role/EQKRoleLetter/EQKRoleLetter.pdf Graphic file (type pdf)
<use Exhibits/Role/EQKRoleLetter/EQKRoleLetter.pdf, page 1>
Package pdftex.def Info: Exhibits/Role/EQKRoleLetter/EQKRoleLetter.pdf , page1 used on input line 4.
(pdftex.def)             Requested size: 562.60312pt x 795.74474pt.
[529


 <./Exhibits/Role/EQKRoleLetter/EQKRoleLetter.pdf, page is rotated 90 degrees>]
<Exhibits/Role/EQKRoleLetter/EQKRoleLetter.pdf, id=7862, page=2, 597.31157pt x 844.83629pt>
File: Exhibits/Role/EQKRoleLetter/EQKRoleLetter.pdf Graphic file (type pdf)
<use Exhibits/Role/EQKRoleLetter/EQKRoleLetter.pdf, page 2>
Package pdftex.def Info: Exhibits/Role/EQKRoleLetter/EQKRoleLetter.pdf , page2 used on input line 4.
(pdftex.def)             Requested size: 562.60312pt x 795.74474pt.
File: Exhibits/Role/EQKRoleLetter/EQKRoleLetter.pdf Graphic file (type pdf)
<use Exhibits/Role/EQKRoleLetter/EQKRoleLetter.pdf, page 2>
Package pdftex.def Info: Exhibits/Role/EQKRoleLetter/EQKRoleLetter.pdf , page2 used on input line 4.
(pdftex.def)             Requested size: 562.60312pt x 795.74474pt.


File: Exhibits/Role/EQKRoleLetter/EQKRoleLetter.pdf Graphic file (type pdf)
<use Exhibits/Role/EQKRoleLetter/EQKRoleLetter.pdf, page 2>
Package pdftex.def Info: Exhibits/Role/EQKRoleLetter/EQKRoleLetter.pdf , page2 used on input line 4.
(pdftex.def)             Requested size: 562.60312pt x 795.74474pt.
[530

 <./Exhibits/Role/EQKRoleLetter/EQKRoleLetter.pdf, page is rotated 90 degrees>]
<Exhibits/Role/EQKRoleLetter/EQKRoleLetter.pdf, id=7868, page=3, 597.31157pt x 844.83629pt>
File: Exhibits/Role/EQKRoleLetter/EQKRoleLetter.pdf Graphic file (type pdf)
<use Exhibits/Role/EQKRoleLetter/EQKRoleLetter.pdf, page 3>
Package pdftex.def Info: Exhibits/Role/EQKRoleLetter/EQKRoleLetter.pdf , page3 used on input line 4.
(pdftex.def)             Requested size: 562.60312pt x 795.74474pt.
File: Exhibits/Role/EQKRoleLetter/EQKRoleLetter.pdf Graphic file (type pdf)
<use Exhibits/Role/EQKRoleLetter/EQKRoleLetter.pdf, page 3>
Package pdftex.def Info: Exhibits/Role/EQKRoleLetter/EQKRoleLetter.pdf , page3 used on input line 4.
(pdftex.def)             Requested size: 562.60312pt x 795.74474pt.


File: Exhibits/Role/EQKRoleLetter/EQKRoleLetter.pdf Graphic file (type pdf)
<use Exhibits/Role/EQKRoleLetter/EQKRoleLetter.pdf, page 3>
Package pdftex.def Info: Exhibits/Role/EQKRoleLetter/EQKRoleLetter.pdf , page3 used on input line 4.
(pdftex.def)             Requested size: 562.60312pt x 795.74474pt.
[531

 <./Exhibits/Role/EQKRoleLetter/EQKRoleLetter.pdf, page is rotated 90 degrees>]
<Exhibits/Role/EQKRoleLetter/EQKRoleLetter.pdf, id=7874, page=4, 597.31157pt x 844.83629pt>
File: Exhibits/Role/EQKRoleLetter/EQKRoleLetter.pdf Graphic file (type pdf)
<use Exhibits/Role/EQKRoleLetter/EQKRoleLetter.pdf, page 4>
Package pdftex.def Info: Exhibits/Role/EQKRoleLetter/EQKRoleLetter.pdf , page4 used on input line 4.
(pdftex.def)             Requested size: 562.60312pt x 795.74474pt.
File: Exhibits/Role/EQKRoleLetter/EQKRoleLetter.pdf Graphic file (type pdf)
<use Exhibits/Role/EQKRoleLetter/EQKRoleLetter.pdf, page 4>
Package pdftex.def Info: Exhibits/Role/EQKRoleLetter/EQKRoleLetter.pdf , page4 used on input line 4.
(pdftex.def)             Requested size: 562.60312pt x 795.74474pt.


File: Exhibits/Role/EQKRoleLetter/EQKRoleLetter.pdf Graphic file (type pdf)
<use Exhibits/Role/EQKRoleLetter/EQKRoleLetter.pdf, page 4>
Package pdftex.def Info: Exhibits/Role/EQKRoleLetter/EQKRoleLetter.pdf , page4 used on input line 4.
(pdftex.def)             Requested size: 562.60312pt x 795.74474pt.
[532

 <./Exhibits/Role/EQKRoleLetter/EQKRoleLetter.pdf, page is rotated 90 degrees>]) (./Exhibits/Role/AINRoleLetter/AINRoleLetter.tex

[533


]
<Exhibits/Role/AINRoleLetter/AINRoleLetterpdf.pdf, id=7885, 597.432pt x 845.07718pt>
File: Exhibits/Role/AINRoleLetter/AINRoleLetterpdf.pdf Graphic file (type pdf)
<use Exhibits/Role/AINRoleLetter/AINRoleLetterpdf.pdf>
Package pdftex.def Info: Exhibits/Role/AINRoleLetter/AINRoleLetterpdf.pdf  used on input line 4.
(pdftex.def)             Requested size: 597.43054pt x 845.07512pt.
<Exhibits/Role/AINRoleLetter/AINRoleLetterpdf.pdf, id=7887, page=1, 597.432pt x 845.07718pt>
File: Exhibits/Role/AINRoleLetter/AINRoleLetterpdf.pdf Graphic file (type pdf)
<use Exhibits/Role/AINRoleLetter/AINRoleLetterpdf.pdf, page 1>
Package pdftex.def Info: Exhibits/Role/AINRoleLetter/AINRoleLetterpdf.pdf , page1 used on input line 4.
(pdftex.def)             Requested size: 597.43054pt x 845.07512pt.
File: Exhibits/Role/AINRoleLetter/AINRoleLetterpdf.pdf Graphic file (type pdf)
<use Exhibits/Role/AINRoleLetter/AINRoleLetterpdf.pdf, page 1>
Package pdftex.def Info: Exhibits/Role/AINRoleLetter/AINRoleLetterpdf.pdf , page1 used on input line 4.
(pdftex.def)             Requested size: 562.05109pt x 795.0303pt.
File: Exhibits/Role/AINRoleLetter/AINRoleLetterpdf.pdf Graphic file (type pdf)
<use Exhibits/Role/AINRoleLetter/AINRoleLetterpdf.pdf, page 1>
Package pdftex.def Info: Exhibits/Role/AINRoleLetter/AINRoleLetterpdf.pdf , page1 used on input line 4.
(pdftex.def)             Requested size: 562.05109pt x 795.0303pt.
File: Exhibits/Role/AINRoleLetter/AINRoleLetterpdf.pdf Graphic file (type pdf)
<use Exhibits/Role/AINRoleLetter/AINRoleLetterpdf.pdf, page 1>
Package pdftex.def Info: Exhibits/Role/AINRoleLetter/AINRoleLetterpdf.pdf , page1 used on input line 4.
(pdftex.def)             Requested size: 562.05109pt x 795.0303pt.


File: Exhibits/Role/AINRoleLetter/AINRoleLetterpdf.pdf Graphic file (type pdf)
<use Exhibits/Role/AINRoleLetter/AINRoleLetterpdf.pdf, page 1>
Package pdftex.def Info: Exhibits/Role/AINRoleLetter/AINRoleLetterpdf.pdf , page1 used on input line 4.
(pdftex.def)             Requested size: 562.05109pt x 795.0303pt.
[534


 <./Exhibits/Role/AINRoleLetter/AINRoleLetterpdf.pdf

pdfTeX warning: pdflatex (file ./Exhibits/Role/AINRoleLetter/AINRoleLetterpdf.pdf): PDF inclusion: Subtype in Resources dict is not a name (key 'Subtype', type <stream>); ignored.
>]
<Exhibits/Role/AINRoleLetter/AINRoleLetterpdf.pdf, id=7902, page=2, 597.432pt x 845.07718pt>
File: Exhibits/Role/AINRoleLetter/AINRoleLetterpdf.pdf Graphic file (type pdf)
<use Exhibits/Role/AINRoleLetter/AINRoleLetterpdf.pdf, page 2>
Package pdftex.def Info: Exhibits/Role/AINRoleLetter/AINRoleLetterpdf.pdf , page2 used on input line 4.
(pdftex.def)             Requested size: 562.05109pt x 795.0303pt.
File: Exhibits/Role/AINRoleLetter/AINRoleLetterpdf.pdf Graphic file (type pdf)
<use Exhibits/Role/AINRoleLetter/AINRoleLetterpdf.pdf, page 2>
Package pdftex.def Info: Exhibits/Role/AINRoleLetter/AINRoleLetterpdf.pdf , page2 used on input line 4.
(pdftex.def)             Requested size: 562.05109pt x 795.0303pt.


File: Exhibits/Role/AINRoleLetter/AINRoleLetterpdf.pdf Graphic file (type pdf)
<use Exhibits/Role/AINRoleLetter/AINRoleLetterpdf.pdf, page 2>
Package pdftex.def Info: Exhibits/Role/AINRoleLetter/AINRoleLetterpdf.pdf , page2 used on input line 4.
(pdftex.def)             Requested size: 562.05109pt x 795.0303pt.
[535

 <./Exhibits/Role/AINRoleLetter/AINRoleLetterpdf.pdf

pdfTeX warning: pdflatex (file ./Exhibits/Role/AINRoleLetter/AINRoleLetterpdf.pdf): PDF inclusion: Subtype in Resources dict is not a name (key 'Subtype', type <stream>); ignored.
>]
<Exhibits/Role/AINRoleLetter/AINRoleLetterpdf.pdf, id=7911, page=3, 597.432pt x 845.07718pt>
File: Exhibits/Role/AINRoleLetter/AINRoleLetterpdf.pdf Graphic file (type pdf)
<use Exhibits/Role/AINRoleLetter/AINRoleLetterpdf.pdf, page 3>
Package pdftex.def Info: Exhibits/Role/AINRoleLetter/AINRoleLetterpdf.pdf , page3 used on input line 4.
(pdftex.def)             Requested size: 562.05109pt x 795.0303pt.
File: Exhibits/Role/AINRoleLetter/AINRoleLetterpdf.pdf Graphic file (type pdf)
<use Exhibits/Role/AINRoleLetter/AINRoleLetterpdf.pdf, page 3>
Package pdftex.def Info: Exhibits/Role/AINRoleLetter/AINRoleLetterpdf.pdf , page3 used on input line 4.
(pdftex.def)             Requested size: 562.05109pt x 795.0303pt.


File: Exhibits/Role/AINRoleLetter/AINRoleLetterpdf.pdf Graphic file (type pdf)
<use Exhibits/Role/AINRoleLetter/AINRoleLetterpdf.pdf, page 3>
Package pdftex.def Info: Exhibits/Role/AINRoleLetter/AINRoleLetterpdf.pdf , page3 used on input line 4.
(pdftex.def)             Requested size: 562.05109pt x 795.0303pt.
[536

 <./Exhibits/Role/AINRoleLetter/AINRoleLetterpdf.pdf

pdfTeX warning: pdflatex (file ./Exhibits/Role/AINRoleLetter/AINRoleLetterpdf.pdf): PDF inclusion: Subtype in Resources dict is not a name (key 'Subtype', type <stream>); ignored.
>]
<Exhibits/Role/AINRoleLetter/AINRoleLetterpdf.pdf, id=7918, page=4, 597.432pt x 845.07718pt>
File: Exhibits/Role/AINRoleLetter/AINRoleLetterpdf.pdf Graphic file (type pdf)
<use Exhibits/Role/AINRoleLetter/AINRoleLetterpdf.pdf, page 4>
Package pdftex.def Info: Exhibits/Role/AINRoleLetter/AINRoleLetterpdf.pdf , page4 used on input line 4.
(pdftex.def)             Requested size: 562.05109pt x 795.0303pt.
File: Exhibits/Role/AINRoleLetter/AINRoleLetterpdf.pdf Graphic file (type pdf)
<use Exhibits/Role/AINRoleLetter/AINRoleLetterpdf.pdf, page 4>
Package pdftex.def Info: Exhibits/Role/AINRoleLetter/AINRoleLetterpdf.pdf , page4 used on input line 4.
(pdftex.def)             Requested size: 562.05109pt x 795.0303pt.


File: Exhibits/Role/AINRoleLetter/AINRoleLetterpdf.pdf Graphic file (type pdf)
<use Exhibits/Role/AINRoleLetter/AINRoleLetterpdf.pdf, page 4>
Package pdftex.def Info: Exhibits/Role/AINRoleLetter/AINRoleLetterpdf.pdf , page4 used on input line 4.
(pdftex.def)             Requested size: 562.05109pt x 795.0303pt.
[537

 <./Exhibits/Role/AINRoleLetter/AINRoleLetterpdf.pdf

pdfTeX warning: pdflatex (file ./Exhibits/Role/AINRoleLetter/AINRoleLetterpdf.pdf): PDF inclusion: Subtype in Resources dict is not a name (key 'Subtype', type <stream>); ignored.
>]
<Exhibits/Role/AINRoleLetter/AINRoleLetterpdf.pdf, id=7925, page=5, 597.432pt x 845.07718pt>
File: Exhibits/Role/AINRoleLetter/AINRoleLetterpdf.pdf Graphic file (type pdf)
<use Exhibits/Role/AINRoleLetter/AINRoleLetterpdf.pdf, page 5>
Package pdftex.def Info: Exhibits/Role/AINRoleLetter/AINRoleLetterpdf.pdf , page5 used on input line 4.
(pdftex.def)             Requested size: 562.05109pt x 795.0303pt.
File: Exhibits/Role/AINRoleLetter/AINRoleLetterpdf.pdf Graphic file (type pdf)
<use Exhibits/Role/AINRoleLetter/AINRoleLetterpdf.pdf, page 5>
Package pdftex.def Info: Exhibits/Role/AINRoleLetter/AINRoleLetterpdf.pdf , page5 used on input line 4.
(pdftex.def)             Requested size: 562.05109pt x 795.0303pt.


File: Exhibits/Role/AINRoleLetter/AINRoleLetterpdf.pdf Graphic file (type pdf)
<use Exhibits/Role/AINRoleLetter/AINRoleLetterpdf.pdf, page 5>
Package pdftex.def Info: Exhibits/Role/AINRoleLetter/AINRoleLetterpdf.pdf , page5 used on input line 4.
(pdftex.def)             Requested size: 562.05109pt x 795.0303pt.
[538

 <./Exhibits/Role/AINRoleLetter/AINRoleLetterpdf.pdf

pdfTeX warning: pdflatex (file ./Exhibits/Role/AINRoleLetter/AINRoleLetterpdf.pdf): PDF inclusion: Subtype in Resources dict is not a name (key 'Subtype', type <stream>); ignored.
>]
<Exhibits/Role/AINRoleLetter/AINRoleLetterpdf.pdf, id=7933, page=6, 597.432pt x 845.07718pt>
File: Exhibits/Role/AINRoleLetter/AINRoleLetterpdf.pdf Graphic file (type pdf)
<use Exhibits/Role/AINRoleLetter/AINRoleLetterpdf.pdf, page 6>
Package pdftex.def Info: Exhibits/Role/AINRoleLetter/AINRoleLetterpdf.pdf , page6 used on input line 4.
(pdftex.def)             Requested size: 562.05109pt x 795.0303pt.
File: Exhibits/Role/AINRoleLetter/AINRoleLetterpdf.pdf Graphic file (type pdf)
<use Exhibits/Role/AINRoleLetter/AINRoleLetterpdf.pdf, page 6>
Package pdftex.def Info: Exhibits/Role/AINRoleLetter/AINRoleLetterpdf.pdf , page6 used on input line 4.
(pdftex.def)             Requested size: 562.05109pt x 795.0303pt.


File: Exhibits/Role/AINRoleLetter/AINRoleLetterpdf.pdf Graphic file (type pdf)
<use Exhibits/Role/AINRoleLetter/AINRoleLetterpdf.pdf, page 6>
Package pdftex.def Info: Exhibits/Role/AINRoleLetter/AINRoleLetterpdf.pdf , page6 used on input line 4.
(pdftex.def)             Requested size: 562.05109pt x 795.0303pt.
[539

 <./Exhibits/Role/AINRoleLetter/AINRoleLetterpdf.pdf

pdfTeX warning: pdflatex (file ./Exhibits/Role/AINRoleLetter/AINRoleLetterpdf.pdf): PDF inclusion: Subtype in Resources dict is not a name (key 'Subtype', type <stream>); ignored.
>])) (./Exhibits/Display/Display.tex (./Exhibits/Display/program1/program1.tex

[540


]
<Exhibits/Display/program1/program1.pdf, id=7946, 597.61269pt x 845.1374pt>
File: Exhibits/Display/program1/program1.pdf Graphic file (type pdf)
<use Exhibits/Display/program1/program1.pdf>
Package pdftex.def Info: Exhibits/Display/program1/program1.pdf  used on input line 4.
(pdftex.def)             Requested size: 597.61122pt x 845.13535pt.
<Exhibits/Display/program1/program1.pdf, id=7948, page=1, 597.61269pt x 845.1374pt>
File: Exhibits/Display/program1/program1.pdf Graphic file (type pdf)
<use Exhibits/Display/program1/program1.pdf, page 1>
Package pdftex.def Info: Exhibits/Display/program1/program1.pdf , page1 used on input line 4.
(pdftex.def)             Requested size: 597.61122pt x 845.13535pt.
File: Exhibits/Display/program1/program1.pdf Graphic file (type pdf)
<use Exhibits/Display/program1/program1.pdf, page 1>
Package pdftex.def Info: Exhibits/Display/program1/program1.pdf , page1 used on input line 4.
(pdftex.def)             Requested size: 562.22105pt x 795.08696pt.
File: Exhibits/Display/program1/program1.pdf Graphic file (type pdf)
<use Exhibits/Display/program1/program1.pdf, page 1>
Package pdftex.def Info: Exhibits/Display/program1/program1.pdf , page1 used on input line 4.
(pdftex.def)             Requested size: 562.22105pt x 795.08696pt.
File: Exhibits/Display/program1/program1.pdf Graphic file (type pdf)
<use Exhibits/Display/program1/program1.pdf, page 1>
Package pdftex.def Info: Exhibits/Display/program1/program1.pdf , page1 used on input line 4.
(pdftex.def)             Requested size: 562.22105pt x 795.08696pt.


File: Exhibits/Display/program1/program1.pdf Graphic file (type pdf)
<use Exhibits/Display/program1/program1.pdf, page 1>
Package pdftex.def Info: Exhibits/Display/program1/program1.pdf , page1 used on input line 4.
(pdftex.def)             Requested size: 562.22105pt x 795.08696pt.
[541


 <./Exhibits/Display/program1/program1.pdf>]
<Exhibits/Display/program1/program1.pdf, id=7994, page=2, 597.61269pt x 845.1374pt>
File: Exhibits/Display/program1/program1.pdf Graphic file (type pdf)
<use Exhibits/Display/program1/program1.pdf, page 2>
Package pdftex.def Info: Exhibits/Display/program1/program1.pdf , page2 used on input line 4.
(pdftex.def)             Requested size: 562.22105pt x 795.08696pt.
File: Exhibits/Display/program1/program1.pdf Graphic file (type pdf)
<use Exhibits/Display/program1/program1.pdf, page 2>
Package pdftex.def Info: Exhibits/Display/program1/program1.pdf , page2 used on input line 4.
(pdftex.def)             Requested size: 562.22105pt x 795.08696pt.


File: Exhibits/Display/program1/program1.pdf Graphic file (type pdf)
<use Exhibits/Display/program1/program1.pdf, page 2>
Package pdftex.def Info: Exhibits/Display/program1/program1.pdf , page2 used on input line 4.
(pdftex.def)             Requested size: 562.22105pt x 795.08696pt.
[542

 <./Exhibits/Display/program1/program1.pdf>]
<Exhibits/Display/program1/program1.pdf, id=8001, page=3, 597.61269pt x 845.1374pt>
File: Exhibits/Display/program1/program1.pdf Graphic file (type pdf)
<use Exhibits/Display/program1/program1.pdf, page 3>
Package pdftex.def Info: Exhibits/Display/program1/program1.pdf , page3 used on input line 4.
(pdftex.def)             Requested size: 562.22105pt x 795.08696pt.
File: Exhibits/Display/program1/program1.pdf Graphic file (type pdf)
<use Exhibits/Display/program1/program1.pdf, page 3>
Package pdftex.def Info: Exhibits/Display/program1/program1.pdf , page3 used on input line 4.
(pdftex.def)             Requested size: 562.22105pt x 795.08696pt.


File: Exhibits/Display/program1/program1.pdf Graphic file (type pdf)
<use Exhibits/Display/program1/program1.pdf, page 3>
Package pdftex.def Info: Exhibits/Display/program1/program1.pdf , page3 used on input line 4.
(pdftex.def)             Requested size: 562.22105pt x 795.08696pt.
[543

 <./Exhibits/Display/program1/program1.pdf>]
<Exhibits/Display/program1/program1.pdf, id=8007, page=4, 597.61269pt x 845.1374pt>
File: Exhibits/Display/program1/program1.pdf Graphic file (type pdf)
<use Exhibits/Display/program1/program1.pdf, page 4>
Package pdftex.def Info: Exhibits/Display/program1/program1.pdf , page4 used on input line 4.
(pdftex.def)             Requested size: 562.22105pt x 795.08696pt.
File: Exhibits/Display/program1/program1.pdf Graphic file (type pdf)
<use Exhibits/Display/program1/program1.pdf, page 4>
Package pdftex.def Info: Exhibits/Display/program1/program1.pdf , page4 used on input line 4.
(pdftex.def)             Requested size: 562.22105pt x 795.08696pt.


File: Exhibits/Display/program1/program1.pdf Graphic file (type pdf)
<use Exhibits/Display/program1/program1.pdf, page 4>
Package pdftex.def Info: Exhibits/Display/program1/program1.pdf , page4 used on input line 4.
(pdftex.def)             Requested size: 562.22105pt x 795.08696pt.
[544

 <./Exhibits/Display/program1/program1.pdf>]
<Exhibits/Display/program1/program1.pdf, id=8013, page=5, 597.61269pt x 845.1374pt>
File: Exhibits/Display/program1/program1.pdf Graphic file (type pdf)
<use Exhibits/Display/program1/program1.pdf, page 5>
Package pdftex.def Info: Exhibits/Display/program1/program1.pdf , page5 used on input line 4.
(pdftex.def)             Requested size: 562.22105pt x 795.08696pt.
File: Exhibits/Display/program1/program1.pdf Graphic file (type pdf)
<use Exhibits/Display/program1/program1.pdf, page 5>
Package pdftex.def Info: Exhibits/Display/program1/program1.pdf , page5 used on input line 4.
(pdftex.def)             Requested size: 562.22105pt x 795.08696pt.


File: Exhibits/Display/program1/program1.pdf Graphic file (type pdf)
<use Exhibits/Display/program1/program1.pdf, page 5>
Package pdftex.def Info: Exhibits/Display/program1/program1.pdf , page5 used on input line 4.
(pdftex.def)             Requested size: 562.22105pt x 795.08696pt.
[545

 <./Exhibits/Display/program1/program1.pdf>]
<Exhibits/Display/program1/program1.pdf, id=8042, page=6, 597.61269pt x 845.1374pt>
File: Exhibits/Display/program1/program1.pdf Graphic file (type pdf)
<use Exhibits/Display/program1/program1.pdf, page 6>
Package pdftex.def Info: Exhibits/Display/program1/program1.pdf , page6 used on input line 4.
(pdftex.def)             Requested size: 562.22105pt x 795.08696pt.
File: Exhibits/Display/program1/program1.pdf Graphic file (type pdf)
<use Exhibits/Display/program1/program1.pdf, page 6>
Package pdftex.def Info: Exhibits/Display/program1/program1.pdf , page6 used on input line 4.
(pdftex.def)             Requested size: 562.22105pt x 795.08696pt.


File: Exhibits/Display/program1/program1.pdf Graphic file (type pdf)
<use Exhibits/Display/program1/program1.pdf, page 6>
Package pdftex.def Info: Exhibits/Display/program1/program1.pdf , page6 used on input line 4.
(pdftex.def)             Requested size: 562.22105pt x 795.08696pt.
[546

 <./Exhibits/Display/program1/program1.pdf>]
<Exhibits/Display/program1/program1.pdf, id=8048, page=7, 597.61269pt x 845.1374pt>
File: Exhibits/Display/program1/program1.pdf Graphic file (type pdf)
<use Exhibits/Display/program1/program1.pdf, page 7>
Package pdftex.def Info: Exhibits/Display/program1/program1.pdf , page7 used on input line 4.
(pdftex.def)             Requested size: 562.22105pt x 795.08696pt.
File: Exhibits/Display/program1/program1.pdf Graphic file (type pdf)
<use Exhibits/Display/program1/program1.pdf, page 7>
Package pdftex.def Info: Exhibits/Display/program1/program1.pdf , page7 used on input line 4.
(pdftex.def)             Requested size: 562.22105pt x 795.08696pt.


File: Exhibits/Display/program1/program1.pdf Graphic file (type pdf)
<use Exhibits/Display/program1/program1.pdf, page 7>
Package pdftex.def Info: Exhibits/Display/program1/program1.pdf , page7 used on input line 4.
(pdftex.def)             Requested size: 562.22105pt x 795.08696pt.
[547

 <./Exhibits/Display/program1/program1.pdf>]
<Exhibits/Display/program1/program1.pdf, id=8055, page=8, 597.61269pt x 845.1374pt>
File: Exhibits/Display/program1/program1.pdf Graphic file (type pdf)
<use Exhibits/Display/program1/program1.pdf, page 8>
Package pdftex.def Info: Exhibits/Display/program1/program1.pdf , page8 used on input line 4.
(pdftex.def)             Requested size: 562.22105pt x 795.08696pt.
File: Exhibits/Display/program1/program1.pdf Graphic file (type pdf)
<use Exhibits/Display/program1/program1.pdf, page 8>
Package pdftex.def Info: Exhibits/Display/program1/program1.pdf , page8 used on input line 4.
(pdftex.def)             Requested size: 562.22105pt x 795.08696pt.


File: Exhibits/Display/program1/program1.pdf Graphic file (type pdf)
<use Exhibits/Display/program1/program1.pdf, page 8>
Package pdftex.def Info: Exhibits/Display/program1/program1.pdf , page8 used on input line 4.
(pdftex.def)             Requested size: 562.22105pt x 795.08696pt.
[548

 <./Exhibits/Display/program1/program1.pdf>]
<Exhibits/Display/program1/program1.pdf, id=8061, page=9, 597.61269pt x 845.1374pt>
File: Exhibits/Display/program1/program1.pdf Graphic file (type pdf)
<use Exhibits/Display/program1/program1.pdf, page 9>
Package pdftex.def Info: Exhibits/Display/program1/program1.pdf , page9 used on input line 4.
(pdftex.def)             Requested size: 562.22105pt x 795.08696pt.
File: Exhibits/Display/program1/program1.pdf Graphic file (type pdf)
<use Exhibits/Display/program1/program1.pdf, page 9>
Package pdftex.def Info: Exhibits/Display/program1/program1.pdf , page9 used on input line 4.
(pdftex.def)             Requested size: 562.22105pt x 795.08696pt.


File: Exhibits/Display/program1/program1.pdf Graphic file (type pdf)
<use Exhibits/Display/program1/program1.pdf, page 9>
Package pdftex.def Info: Exhibits/Display/program1/program1.pdf , page9 used on input line 4.
(pdftex.def)             Requested size: 562.22105pt x 795.08696pt.
[549

 <./Exhibits/Display/program1/program1.pdf>]) (./Exhibits/Display/certificate1/certificate1.tex

[550


]
<Exhibits/Display/certificate1/certificate1.jpeg, id=8072, 680.5425pt x 963.6pt>
File: Exhibits/Display/certificate1/certificate1.jpeg Graphic file (type jpg)
<use Exhibits/Display/certificate1/certificate1.jpeg>
Package pdftex.def Info: Exhibits/Display/certificate1/certificate1.jpeg  used on input line 5.
(pdftex.def)             Requested size: 446.39099pt x 632.0669pt.
)

[551

 <./Exhibits/Display/certificate1/certificate1.jpeg>] (./Exhibits/Display/collection1/collection1.tex

[552

]
<Exhibits/Display/collection1/collection1.pdf, id=8082, 421.10124pt x 597.50829pt>
File: Exhibits/Display/collection1/collection1.pdf Graphic file (type pdf)
<use Exhibits/Display/collection1/collection1.pdf>
Package pdftex.def Info: Exhibits/Display/collection1/collection1.pdf  used on input line 4.
(pdftex.def)             Requested size: 421.1002pt x 597.50682pt.
<Exhibits/Display/collection1/collection1.pdf, id=8084, page=1, 421.10124pt x 597.50829pt>
File: Exhibits/Display/collection1/collection1.pdf Graphic file (type pdf)
<use Exhibits/Display/collection1/collection1.pdf, page 1>
Package pdftex.def Info: Exhibits/Display/collection1/collection1.pdf , page1 used on input line 4.
(pdftex.def)             Requested size: 421.1002pt x 597.50682pt.
File: Exhibits/Display/collection1/collection1.pdf Graphic file (type pdf)
<use Exhibits/Display/collection1/collection1.pdf, page 1>
Package pdftex.def Info: Exhibits/Display/collection1/collection1.pdf , page1 used on input line 4.
(pdftex.def)             Requested size: 560.73871pt x 795.64247pt.
File: Exhibits/Display/collection1/collection1.pdf Graphic file (type pdf)
<use Exhibits/Display/collection1/collection1.pdf, page 1>
Package pdftex.def Info: Exhibits/Display/collection1/collection1.pdf , page1 used on input line 4.
(pdftex.def)             Requested size: 560.73871pt x 795.64247pt.
File: Exhibits/Display/collection1/collection1.pdf Graphic file (type pdf)
<use Exhibits/Display/collection1/collection1.pdf, page 1>
Package pdftex.def Info: Exhibits/Display/collection1/collection1.pdf , page1 used on input line 4.
(pdftex.def)             Requested size: 560.73871pt x 795.64247pt.


File: Exhibits/Display/collection1/collection1.pdf Graphic file (type pdf)
<use Exhibits/Display/collection1/collection1.pdf, page 1>
Package pdftex.def Info: Exhibits/Display/collection1/collection1.pdf , page1 used on input line 4.
(pdftex.def)             Requested size: 560.73871pt x 795.64247pt.
[553


 <./Exhibits/Display/collection1/collection1.pdf>]
<Exhibits/Display/collection1/collection1.pdf, id=8120, page=2, 421.10124pt x 597.50829pt>
File: Exhibits/Display/collection1/collection1.pdf Graphic file (type pdf)
<use Exhibits/Display/collection1/collection1.pdf, page 2>
Package pdftex.def Info: Exhibits/Display/collection1/collection1.pdf , page2 used on input line 4.
(pdftex.def)             Requested size: 560.73871pt x 795.64247pt.
File: Exhibits/Display/collection1/collection1.pdf Graphic file (type pdf)
<use Exhibits/Display/collection1/collection1.pdf, page 2>
Package pdftex.def Info: Exhibits/Display/collection1/collection1.pdf , page2 used on input line 4.
(pdftex.def)             Requested size: 560.73871pt x 795.64247pt.


File: Exhibits/Display/collection1/collection1.pdf Graphic file (type pdf)
<use Exhibits/Display/collection1/collection1.pdf, page 2>
Package pdftex.def Info: Exhibits/Display/collection1/collection1.pdf , page2 used on input line 4.
(pdftex.def)             Requested size: 560.73871pt x 795.64247pt.
[554

 <./Exhibits/Display/collection1/collection1.pdf>]
<Exhibits/Display/collection1/collection1.pdf, id=8127, page=3, 421.10124pt x 597.50829pt>
File: Exhibits/Display/collection1/collection1.pdf Graphic file (type pdf)
<use Exhibits/Display/collection1/collection1.pdf, page 3>
Package pdftex.def Info: Exhibits/Display/collection1/collection1.pdf , page3 used on input line 4.
(pdftex.def)             Requested size: 560.73871pt x 795.64247pt.
File: Exhibits/Display/collection1/collection1.pdf Graphic file (type pdf)
<use Exhibits/Display/collection1/collection1.pdf, page 3>
Package pdftex.def Info: Exhibits/Display/collection1/collection1.pdf , page3 used on input line 4.
(pdftex.def)             Requested size: 560.73871pt x 795.64247pt.


File: Exhibits/Display/collection1/collection1.pdf Graphic file (type pdf)
<use Exhibits/Display/collection1/collection1.pdf, page 3>
Package pdftex.def Info: Exhibits/Display/collection1/collection1.pdf , page3 used on input line 4.
(pdftex.def)             Requested size: 560.73871pt x 795.64247pt.
[555

 <./Exhibits/Display/collection1/collection1.pdf>]
<Exhibits/Display/collection1/collection1.pdf, id=8144, page=4, 421.10124pt x 597.50829pt>
File: Exhibits/Display/collection1/collection1.pdf Graphic file (type pdf)
<use Exhibits/Display/collection1/collection1.pdf, page 4>
Package pdftex.def Info: Exhibits/Display/collection1/collection1.pdf , page4 used on input line 4.
(pdftex.def)             Requested size: 560.73871pt x 795.64247pt.
File: Exhibits/Display/collection1/collection1.pdf Graphic file (type pdf)
<use Exhibits/Display/collection1/collection1.pdf, page 4>
Package pdftex.def Info: Exhibits/Display/collection1/collection1.pdf , page4 used on input line 4.
(pdftex.def)             Requested size: 560.73871pt x 795.64247pt.


File: Exhibits/Display/collection1/collection1.pdf Graphic file (type pdf)
<use Exhibits/Display/collection1/collection1.pdf, page 4>
Package pdftex.def Info: Exhibits/Display/collection1/collection1.pdf , page4 used on input line 4.
(pdftex.def)             Requested size: 560.73871pt x 795.64247pt.
[556

 <./Exhibits/Display/collection1/collection1.pdf>]
<Exhibits/Display/collection1/collection1.pdf, id=8152, page=5, 421.10124pt x 597.50829pt>
File: Exhibits/Display/collection1/collection1.pdf Graphic file (type pdf)
<use Exhibits/Display/collection1/collection1.pdf, page 5>
Package pdftex.def Info: Exhibits/Display/collection1/collection1.pdf , page5 used on input line 4.
(pdftex.def)             Requested size: 560.73871pt x 795.64247pt.
File: Exhibits/Display/collection1/collection1.pdf Graphic file (type pdf)
<use Exhibits/Display/collection1/collection1.pdf, page 5>
Package pdftex.def Info: Exhibits/Display/collection1/collection1.pdf , page5 used on input line 4.
(pdftex.def)             Requested size: 560.73871pt x 795.64247pt.


File: Exhibits/Display/collection1/collection1.pdf Graphic file (type pdf)
<use Exhibits/Display/collection1/collection1.pdf, page 5>
Package pdftex.def Info: Exhibits/Display/collection1/collection1.pdf , page5 used on input line 4.
(pdftex.def)             Requested size: 560.73871pt x 795.64247pt.
[557

 <./Exhibits/Display/collection1/collection1.pdf>]
<Exhibits/Display/collection1/collection1.pdf, id=8159, page=6, 421.10124pt x 597.50829pt>
File: Exhibits/Display/collection1/collection1.pdf Graphic file (type pdf)
<use Exhibits/Display/collection1/collection1.pdf, page 6>
Package pdftex.def Info: Exhibits/Display/collection1/collection1.pdf , page6 used on input line 4.
(pdftex.def)             Requested size: 560.73871pt x 795.64247pt.
File: Exhibits/Display/collection1/collection1.pdf Graphic file (type pdf)
<use Exhibits/Display/collection1/collection1.pdf, page 6>
Package pdftex.def Info: Exhibits/Display/collection1/collection1.pdf , page6 used on input line 4.
(pdftex.def)             Requested size: 560.73871pt x 795.64247pt.


File: Exhibits/Display/collection1/collection1.pdf Graphic file (type pdf)
<use Exhibits/Display/collection1/collection1.pdf, page 6>
Package pdftex.def Info: Exhibits/Display/collection1/collection1.pdf , page6 used on input line 4.
(pdftex.def)             Requested size: 560.73871pt x 795.64247pt.
[558

 <./Exhibits/Display/collection1/collection1.pdf>]
<Exhibits/Display/collection1/collection1.pdf, id=8166, page=7, 421.10124pt x 597.50829pt>
File: Exhibits/Display/collection1/collection1.pdf Graphic file (type pdf)
<use Exhibits/Display/collection1/collection1.pdf, page 7>
Package pdftex.def Info: Exhibits/Display/collection1/collection1.pdf , page7 used on input line 4.
(pdftex.def)             Requested size: 560.73871pt x 795.64247pt.
File: Exhibits/Display/collection1/collection1.pdf Graphic file (type pdf)
<use Exhibits/Display/collection1/collection1.pdf, page 7>
Package pdftex.def Info: Exhibits/Display/collection1/collection1.pdf , page7 used on input line 4.
(pdftex.def)             Requested size: 560.73871pt x 795.64247pt.


File: Exhibits/Display/collection1/collection1.pdf Graphic file (type pdf)
<use Exhibits/Display/collection1/collection1.pdf, page 7>
Package pdftex.def Info: Exhibits/Display/collection1/collection1.pdf , page7 used on input line 4.
(pdftex.def)             Requested size: 560.73871pt x 795.64247pt.
[559

 <./Exhibits/Display/collection1/collection1.pdf>]
<Exhibits/Display/collection1/collection1.pdf, id=8174, page=8, 421.10124pt x 597.50829pt>
File: Exhibits/Display/collection1/collection1.pdf Graphic file (type pdf)
<use Exhibits/Display/collection1/collection1.pdf, page 8>
Package pdftex.def Info: Exhibits/Display/collection1/collection1.pdf , page8 used on input line 4.
(pdftex.def)             Requested size: 560.73871pt x 795.64247pt.
File: Exhibits/Display/collection1/collection1.pdf Graphic file (type pdf)
<use Exhibits/Display/collection1/collection1.pdf, page 8>
Package pdftex.def Info: Exhibits/Display/collection1/collection1.pdf , page8 used on input line 4.
(pdftex.def)             Requested size: 560.73871pt x 795.64247pt.


File: Exhibits/Display/collection1/collection1.pdf Graphic file (type pdf)
<use Exhibits/Display/collection1/collection1.pdf, page 8>
Package pdftex.def Info: Exhibits/Display/collection1/collection1.pdf , page8 used on input line 4.
(pdftex.def)             Requested size: 560.73871pt x 795.64247pt.
[560

 <./Exhibits/Display/collection1/collection1.pdf>]
<Exhibits/Display/collection1/collection1.pdf, id=8182, page=9, 421.10124pt x 597.50829pt>
File: Exhibits/Display/collection1/collection1.pdf Graphic file (type pdf)
<use Exhibits/Display/collection1/collection1.pdf, page 9>
Package pdftex.def Info: Exhibits/Display/collection1/collection1.pdf , page9 used on input line 4.
(pdftex.def)             Requested size: 560.73871pt x 795.64247pt.
File: Exhibits/Display/collection1/collection1.pdf Graphic file (type pdf)
<use Exhibits/Display/collection1/collection1.pdf, page 9>
Package pdftex.def Info: Exhibits/Display/collection1/collection1.pdf , page9 used on input line 4.
(pdftex.def)             Requested size: 560.73871pt x 795.64247pt.


File: Exhibits/Display/collection1/collection1.pdf Graphic file (type pdf)
<use Exhibits/Display/collection1/collection1.pdf, page 9>
Package pdftex.def Info: Exhibits/Display/collection1/collection1.pdf , page9 used on input line 4.
(pdftex.def)             Requested size: 560.73871pt x 795.64247pt.
[561

 <./Exhibits/Display/collection1/collection1.pdf>]
<Exhibits/Display/collection1/collection1.pdf, id=8189, page=10, 421.10124pt x 597.50829pt>
File: Exhibits/Display/collection1/collection1.pdf Graphic file (type pdf)
<use Exhibits/Display/collection1/collection1.pdf, page 10>
Package pdftex.def Info: Exhibits/Display/collection1/collection1.pdf , page10 used on input line 4.
(pdftex.def)             Requested size: 560.73871pt x 795.64247pt.
File: Exhibits/Display/collection1/collection1.pdf Graphic file (type pdf)
<use Exhibits/Display/collection1/collection1.pdf, page 10>
Package pdftex.def Info: Exhibits/Display/collection1/collection1.pdf , page10 used on input line 4.
(pdftex.def)             Requested size: 560.73871pt x 795.64247pt.


File: Exhibits/Display/collection1/collection1.pdf Graphic file (type pdf)
<use Exhibits/Display/collection1/collection1.pdf, page 10>
Package pdftex.def Info: Exhibits/Display/collection1/collection1.pdf , page10 used on input line 4.
(pdftex.def)             Requested size: 560.73871pt x 795.64247pt.
[562

 <./Exhibits/Display/collection1/collection1.pdf>]
<Exhibits/Display/collection1/collection1.pdf, id=8207, page=11, 421.10124pt x 597.50829pt>
File: Exhibits/Display/collection1/collection1.pdf Graphic file (type pdf)
<use Exhibits/Display/collection1/collection1.pdf, page 11>
Package pdftex.def Info: Exhibits/Display/collection1/collection1.pdf , page11 used on input line 4.
(pdftex.def)             Requested size: 560.73871pt x 795.64247pt.
File: Exhibits/Display/collection1/collection1.pdf Graphic file (type pdf)
<use Exhibits/Display/collection1/collection1.pdf, page 11>
Package pdftex.def Info: Exhibits/Display/collection1/collection1.pdf , page11 used on input line 4.
(pdftex.def)             Requested size: 560.73871pt x 795.64247pt.


File: Exhibits/Display/collection1/collection1.pdf Graphic file (type pdf)
<use Exhibits/Display/collection1/collection1.pdf, page 11>
Package pdftex.def Info: Exhibits/Display/collection1/collection1.pdf , page11 used on input line 4.
(pdftex.def)             Requested size: 560.73871pt x 795.64247pt.
[563

 <./Exhibits/Display/collection1/collection1.pdf>]
<Exhibits/Display/collection1/collection1.pdf, id=8218, page=12, 421.10124pt x 597.50829pt>
File: Exhibits/Display/collection1/collection1.pdf Graphic file (type pdf)
<use Exhibits/Display/collection1/collection1.pdf, page 12>
Package pdftex.def Info: Exhibits/Display/collection1/collection1.pdf , page12 used on input line 4.
(pdftex.def)             Requested size: 560.73871pt x 795.64247pt.
File: Exhibits/Display/collection1/collection1.pdf Graphic file (type pdf)
<use Exhibits/Display/collection1/collection1.pdf, page 12>
Package pdftex.def Info: Exhibits/Display/collection1/collection1.pdf , page12 used on input line 4.
(pdftex.def)             Requested size: 560.73871pt x 795.64247pt.


File: Exhibits/Display/collection1/collection1.pdf Graphic file (type pdf)
<use Exhibits/Display/collection1/collection1.pdf, page 12>
Package pdftex.def Info: Exhibits/Display/collection1/collection1.pdf , page12 used on input line 4.
(pdftex.def)             Requested size: 560.73871pt x 795.64247pt.
[564

 <./Exhibits/Display/collection1/collection1.pdf>]
<Exhibits/Display/collection1/collection1.pdf, id=8235, page=13, 421.10124pt x 597.50829pt>
File: Exhibits/Display/collection1/collection1.pdf Graphic file (type pdf)
<use Exhibits/Display/collection1/collection1.pdf, page 13>
Package pdftex.def Info: Exhibits/Display/collection1/collection1.pdf , page13 used on input line 4.
(pdftex.def)             Requested size: 560.73871pt x 795.64247pt.
File: Exhibits/Display/collection1/collection1.pdf Graphic file (type pdf)
<use Exhibits/Display/collection1/collection1.pdf, page 13>
Package pdftex.def Info: Exhibits/Display/collection1/collection1.pdf , page13 used on input line 4.
(pdftex.def)             Requested size: 560.73871pt x 795.64247pt.


File: Exhibits/Display/collection1/collection1.pdf Graphic file (type pdf)
<use Exhibits/Display/collection1/collection1.pdf, page 13>
Package pdftex.def Info: Exhibits/Display/collection1/collection1.pdf , page13 used on input line 4.
(pdftex.def)             Requested size: 560.73871pt x 795.64247pt.
[565

 <./Exhibits/Display/collection1/collection1.pdf>]
<Exhibits/Display/collection1/collection1.pdf, id=8245, page=14, 421.10124pt x 597.50829pt>
File: Exhibits/Display/collection1/collection1.pdf Graphic file (type pdf)
<use Exhibits/Display/collection1/collection1.pdf, page 14>
Package pdftex.def Info: Exhibits/Display/collection1/collection1.pdf , page14 used on input line 4.
(pdftex.def)             Requested size: 560.73871pt x 795.64247pt.
File: Exhibits/Display/collection1/collection1.pdf Graphic file (type pdf)
<use Exhibits/Display/collection1/collection1.pdf, page 14>
Package pdftex.def Info: Exhibits/Display/collection1/collection1.pdf , page14 used on input line 4.
(pdftex.def)             Requested size: 560.73871pt x 795.64247pt.


File: Exhibits/Display/collection1/collection1.pdf Graphic file (type pdf)
<use Exhibits/Display/collection1/collection1.pdf, page 14>
Package pdftex.def Info: Exhibits/Display/collection1/collection1.pdf , page14 used on input line 4.
(pdftex.def)             Requested size: 560.73871pt x 795.64247pt.
[566

 <./Exhibits/Display/collection1/collection1.pdf>]
<Exhibits/Display/collection1/collection1.pdf, id=8250, page=15, 421.10124pt x 597.50829pt>
File: Exhibits/Display/collection1/collection1.pdf Graphic file (type pdf)
<use Exhibits/Display/collection1/collection1.pdf, page 15>
Package pdftex.def Info: Exhibits/Display/collection1/collection1.pdf , page15 used on input line 4.
(pdftex.def)             Requested size: 560.73871pt x 795.64247pt.
File: Exhibits/Display/collection1/collection1.pdf Graphic file (type pdf)
<use Exhibits/Display/collection1/collection1.pdf, page 15>
Package pdftex.def Info: Exhibits/Display/collection1/collection1.pdf , page15 used on input line 4.
(pdftex.def)             Requested size: 560.73871pt x 795.64247pt.


File: Exhibits/Display/collection1/collection1.pdf Graphic file (type pdf)
<use Exhibits/Display/collection1/collection1.pdf, page 15>
Package pdftex.def Info: Exhibits/Display/collection1/collection1.pdf , page15 used on input line 4.
(pdftex.def)             Requested size: 560.73871pt x 795.64247pt.
[567

 <./Exhibits/Display/collection1/collection1.pdf>]
<Exhibits/Display/collection1/collection1.pdf, id=8255, page=16, 421.10124pt x 597.50829pt>
File: Exhibits/Display/collection1/collection1.pdf Graphic file (type pdf)
<use Exhibits/Display/collection1/collection1.pdf, page 16>
Package pdftex.def Info: Exhibits/Display/collection1/collection1.pdf , page16 used on input line 4.
(pdftex.def)             Requested size: 560.73871pt x 795.64247pt.
File: Exhibits/Display/collection1/collection1.pdf Graphic file (type pdf)
<use Exhibits/Display/collection1/collection1.pdf, page 16>
Package pdftex.def Info: Exhibits/Display/collection1/collection1.pdf , page16 used on input line 4.
(pdftex.def)             Requested size: 560.73871pt x 795.64247pt.


File: Exhibits/Display/collection1/collection1.pdf Graphic file (type pdf)
<use Exhibits/Display/collection1/collection1.pdf, page 16>
Package pdftex.def Info: Exhibits/Display/collection1/collection1.pdf , page16 used on input line 4.
(pdftex.def)             Requested size: 560.73871pt x 795.64247pt.
[568

 <./Exhibits/Display/collection1/collection1.pdf>]
<Exhibits/Display/collection1/collection1.pdf, id=8260, page=17, 421.10124pt x 597.50829pt>
File: Exhibits/Display/collection1/collection1.pdf Graphic file (type pdf)
<use Exhibits/Display/collection1/collection1.pdf, page 17>
Package pdftex.def Info: Exhibits/Display/collection1/collection1.pdf , page17 used on input line 4.
(pdftex.def)             Requested size: 560.73871pt x 795.64247pt.
File: Exhibits/Display/collection1/collection1.pdf Graphic file (type pdf)
<use Exhibits/Display/collection1/collection1.pdf, page 17>
Package pdftex.def Info: Exhibits/Display/collection1/collection1.pdf , page17 used on input line 4.
(pdftex.def)             Requested size: 560.73871pt x 795.64247pt.


File: Exhibits/Display/collection1/collection1.pdf Graphic file (type pdf)
<use Exhibits/Display/collection1/collection1.pdf, page 17>
Package pdftex.def Info: Exhibits/Display/collection1/collection1.pdf , page17 used on input line 4.
(pdftex.def)             Requested size: 560.73871pt x 795.64247pt.
[569

 <./Exhibits/Display/collection1/collection1.pdf>]
<Exhibits/Display/collection1/collection1.pdf, id=8265, page=18, 421.09319pt x 597.6729pt>
File: Exhibits/Display/collection1/collection1.pdf Graphic file (type pdf)
<use Exhibits/Display/collection1/collection1.pdf, page 18>
Package pdftex.def Info: Exhibits/Display/collection1/collection1.pdf , page18 used on input line 4.
(pdftex.def)             Requested size: 560.72798pt x 795.86166pt.
File: Exhibits/Display/collection1/collection1.pdf Graphic file (type pdf)
<use Exhibits/Display/collection1/collection1.pdf, page 18>
Package pdftex.def Info: Exhibits/Display/collection1/collection1.pdf , page18 used on input line 4.
(pdftex.def)             Requested size: 560.72798pt x 795.86166pt.


File: Exhibits/Display/collection1/collection1.pdf Graphic file (type pdf)
<use Exhibits/Display/collection1/collection1.pdf, page 18>
Package pdftex.def Info: Exhibits/Display/collection1/collection1.pdf , page18 used on input line 4.
(pdftex.def)             Requested size: 560.72798pt x 795.86166pt.
[570

 <./Exhibits/Display/collection1/collection1.pdf>]
<Exhibits/Display/collection1/collection1.pdf, id=8278, page=19, 421.09319pt x 597.6729pt>
File: Exhibits/Display/collection1/collection1.pdf Graphic file (type pdf)
<use Exhibits/Display/collection1/collection1.pdf, page 19>
Package pdftex.def Info: Exhibits/Display/collection1/collection1.pdf , page19 used on input line 4.
(pdftex.def)             Requested size: 560.72798pt x 795.86166pt.
File: Exhibits/Display/collection1/collection1.pdf Graphic file (type pdf)
<use Exhibits/Display/collection1/collection1.pdf, page 19>
Package pdftex.def Info: Exhibits/Display/collection1/collection1.pdf , page19 used on input line 4.
(pdftex.def)             Requested size: 560.72798pt x 795.86166pt.


File: Exhibits/Display/collection1/collection1.pdf Graphic file (type pdf)
<use Exhibits/Display/collection1/collection1.pdf, page 19>
Package pdftex.def Info: Exhibits/Display/collection1/collection1.pdf , page19 used on input line 4.
(pdftex.def)             Requested size: 560.72798pt x 795.86166pt.
[571

 <./Exhibits/Display/collection1/collection1.pdf>]) (./Exhibits/Display/diploma1/diploma1.tex

[572


]
<Exhibits/Display/diploma1/diploma1.jpeg, id=8295, 680.5425pt x 963.6pt>
File: Exhibits/Display/diploma1/diploma1.jpeg Graphic file (type jpg)
<use Exhibits/Display/diploma1/diploma1.jpeg>
Package pdftex.def Info: Exhibits/Display/diploma1/diploma1.jpeg  used on input line 5.
(pdftex.def)             Requested size: 446.39099pt x 632.0669pt.
)

[573

 <./Exhibits/Display/diploma1/diploma1.jpeg>] (./Exhibits/Display/certificate2/certificate2.tex

[574

]
<Exhibits/Display/certificate2/certificate2.pdf, id=8305, 845.07718pt x 597.55246pt>
File: Exhibits/Display/certificate2/certificate2.pdf Graphic file (type pdf)
<use Exhibits/Display/certificate2/certificate2.pdf>
Package pdftex.def Info: Exhibits/Display/certificate2/certificate2.pdf  used on input line 4.
(pdftex.def)             Requested size: 845.07512pt x 597.551pt.
<Exhibits/Display/certificate2/certificate2.pdf, id=8307, page=1, 845.07718pt x 597.55246pt>
File: Exhibits/Display/certificate2/certificate2.pdf Graphic file (type pdf)
<use Exhibits/Display/certificate2/certificate2.pdf, page 1>
Package pdftex.def Info: Exhibits/Display/certificate2/certificate2.pdf , page1 used on input line 4.
(pdftex.def)             Requested size: 845.07512pt x 597.551pt.
File: Exhibits/Display/certificate2/certificate2.pdf Graphic file (type pdf)
<use Exhibits/Display/certificate2/certificate2.pdf, page 1>
Package pdftex.def Info: Exhibits/Display/certificate2/certificate2.pdf , page1 used on input line 4.
(pdftex.def)             Requested size: 614.34804pt x 434.40433pt.
File: Exhibits/Display/certificate2/certificate2.pdf Graphic file (type pdf)
<use Exhibits/Display/certificate2/certificate2.pdf, page 1>
Package pdftex.def Info: Exhibits/Display/certificate2/certificate2.pdf , page1 used on input line 4.
(pdftex.def)             Requested size: 614.34804pt x 434.40433pt.
File: Exhibits/Display/certificate2/certificate2.pdf Graphic file (type pdf)
<use Exhibits/Display/certificate2/certificate2.pdf, page 1>
Package pdftex.def Info: Exhibits/Display/certificate2/certificate2.pdf , page1 used on input line 4.
(pdftex.def)             Requested size: 614.34804pt x 434.40433pt.


File: Exhibits/Display/certificate2/certificate2.pdf Graphic file (type pdf)
<use Exhibits/Display/certificate2/certificate2.pdf, page 1>
Package pdftex.def Info: Exhibits/Display/certificate2/certificate2.pdf , page1 used on input line 4.
(pdftex.def)             Requested size: 614.34804pt x 434.40433pt.
[575


 <./Exhibits/Display/certificate2/certificate2.pdf>]) (./Exhibits/Display/collection2/collection2.tex

[576


]
<Exhibits/Display/collection2/collection2.pdf, id=8353, 597.61269pt x 845.1374pt>
File: Exhibits/Display/collection2/collection2.pdf Graphic file (type pdf)
<use Exhibits/Display/collection2/collection2.pdf>
Package pdftex.def Info: Exhibits/Display/collection2/collection2.pdf  used on input line 4.
(pdftex.def)             Requested size: 597.61122pt x 845.13535pt.
<Exhibits/Display/collection2/collection2.pdf, id=8355, page=1, 597.61269pt x 845.1374pt>
File: Exhibits/Display/collection2/collection2.pdf Graphic file (type pdf)
<use Exhibits/Display/collection2/collection2.pdf, page 1>
Package pdftex.def Info: Exhibits/Display/collection2/collection2.pdf , page1 used on input line 4.
(pdftex.def)             Requested size: 597.61122pt x 845.13535pt.
File: Exhibits/Display/collection2/collection2.pdf Graphic file (type pdf)
<use Exhibits/Display/collection2/collection2.pdf, page 1>
Package pdftex.def Info: Exhibits/Display/collection2/collection2.pdf , page1 used on input line 4.
(pdftex.def)             Requested size: 562.22105pt x 795.08696pt.
File: Exhibits/Display/collection2/collection2.pdf Graphic file (type pdf)
<use Exhibits/Display/collection2/collection2.pdf, page 1>
Package pdftex.def Info: Exhibits/Display/collection2/collection2.pdf , page1 used on input line 4.
(pdftex.def)             Requested size: 562.22105pt x 795.08696pt.
File: Exhibits/Display/collection2/collection2.pdf Graphic file (type pdf)
<use Exhibits/Display/collection2/collection2.pdf, page 1>
Package pdftex.def Info: Exhibits/Display/collection2/collection2.pdf , page1 used on input line 4.
(pdftex.def)             Requested size: 562.22105pt x 795.08696pt.


File: Exhibits/Display/collection2/collection2.pdf Graphic file (type pdf)
<use Exhibits/Display/collection2/collection2.pdf, page 1>
Package pdftex.def Info: Exhibits/Display/collection2/collection2.pdf , page1 used on input line 4.
(pdftex.def)             Requested size: 562.22105pt x 795.08696pt.
[577


 <./Exhibits/Display/collection2/collection2.pdf>]
<Exhibits/Display/collection2/collection2.pdf, id=8365, page=2, 597.61269pt x 845.1374pt>
File: Exhibits/Display/collection2/collection2.pdf Graphic file (type pdf)
<use Exhibits/Display/collection2/collection2.pdf, page 2>
Package pdftex.def Info: Exhibits/Display/collection2/collection2.pdf , page2 used on input line 4.
(pdftex.def)             Requested size: 562.22105pt x 795.08696pt.
File: Exhibits/Display/collection2/collection2.pdf Graphic file (type pdf)
<use Exhibits/Display/collection2/collection2.pdf, page 2>
Package pdftex.def Info: Exhibits/Display/collection2/collection2.pdf , page2 used on input line 4.
(pdftex.def)             Requested size: 562.22105pt x 795.08696pt.


File: Exhibits/Display/collection2/collection2.pdf Graphic file (type pdf)
<use Exhibits/Display/collection2/collection2.pdf, page 2>
Package pdftex.def Info: Exhibits/Display/collection2/collection2.pdf , page2 used on input line 4.
(pdftex.def)             Requested size: 562.22105pt x 795.08696pt.
[578

 <./Exhibits/Display/collection2/collection2.pdf>]
<Exhibits/Display/collection2/collection2.pdf, id=8409, page=3, 597.61269pt x 845.1374pt>
File: Exhibits/Display/collection2/collection2.pdf Graphic file (type pdf)
<use Exhibits/Display/collection2/collection2.pdf, page 3>
Package pdftex.def Info: Exhibits/Display/collection2/collection2.pdf , page3 used on input line 4.
(pdftex.def)             Requested size: 562.22105pt x 795.08696pt.
File: Exhibits/Display/collection2/collection2.pdf Graphic file (type pdf)
<use Exhibits/Display/collection2/collection2.pdf, page 3>
Package pdftex.def Info: Exhibits/Display/collection2/collection2.pdf , page3 used on input line 4.
(pdftex.def)             Requested size: 562.22105pt x 795.08696pt.


File: Exhibits/Display/collection2/collection2.pdf Graphic file (type pdf)
<use Exhibits/Display/collection2/collection2.pdf, page 3>
Package pdftex.def Info: Exhibits/Display/collection2/collection2.pdf , page3 used on input line 4.
(pdftex.def)             Requested size: 562.22105pt x 795.08696pt.
[579

 <./Exhibits/Display/collection2/collection2.pdf>]
<Exhibits/Display/collection2/collection2.pdf, id=8416, page=4, 597.61269pt x 845.1374pt>
File: Exhibits/Display/collection2/collection2.pdf Graphic file (type pdf)
<use Exhibits/Display/collection2/collection2.pdf, page 4>
Package pdftex.def Info: Exhibits/Display/collection2/collection2.pdf , page4 used on input line 4.
(pdftex.def)             Requested size: 562.22105pt x 795.08696pt.
File: Exhibits/Display/collection2/collection2.pdf Graphic file (type pdf)
<use Exhibits/Display/collection2/collection2.pdf, page 4>
Package pdftex.def Info: Exhibits/Display/collection2/collection2.pdf , page4 used on input line 4.
(pdftex.def)             Requested size: 562.22105pt x 795.08696pt.


File: Exhibits/Display/collection2/collection2.pdf Graphic file (type pdf)
<use Exhibits/Display/collection2/collection2.pdf, page 4>
Package pdftex.def Info: Exhibits/Display/collection2/collection2.pdf , page4 used on input line 4.
(pdftex.def)             Requested size: 562.22105pt x 795.08696pt.
[580

 <./Exhibits/Display/collection2/collection2.pdf>]
<Exhibits/Display/collection2/collection2.pdf, id=8433, page=5, 597.61269pt x 845.1374pt>
File: Exhibits/Display/collection2/collection2.pdf Graphic file (type pdf)
<use Exhibits/Display/collection2/collection2.pdf, page 5>
Package pdftex.def Info: Exhibits/Display/collection2/collection2.pdf , page5 used on input line 4.
(pdftex.def)             Requested size: 562.22105pt x 795.08696pt.
File: Exhibits/Display/collection2/collection2.pdf Graphic file (type pdf)
<use Exhibits/Display/collection2/collection2.pdf, page 5>
Package pdftex.def Info: Exhibits/Display/collection2/collection2.pdf , page5 used on input line 4.
(pdftex.def)             Requested size: 562.22105pt x 795.08696pt.


File: Exhibits/Display/collection2/collection2.pdf Graphic file (type pdf)
<use Exhibits/Display/collection2/collection2.pdf, page 5>
Package pdftex.def Info: Exhibits/Display/collection2/collection2.pdf , page5 used on input line 4.
(pdftex.def)             Requested size: 562.22105pt x 795.08696pt.
[581

 <./Exhibits/Display/collection2/collection2.pdf>]
<Exhibits/Display/collection2/collection2.pdf, id=8439, page=6, 597.61269pt x 845.1374pt>
File: Exhibits/Display/collection2/collection2.pdf Graphic file (type pdf)
<use Exhibits/Display/collection2/collection2.pdf, page 6>
Package pdftex.def Info: Exhibits/Display/collection2/collection2.pdf , page6 used on input line 4.
(pdftex.def)             Requested size: 562.22105pt x 795.08696pt.
File: Exhibits/Display/collection2/collection2.pdf Graphic file (type pdf)
<use Exhibits/Display/collection2/collection2.pdf, page 6>
Package pdftex.def Info: Exhibits/Display/collection2/collection2.pdf , page6 used on input line 4.
(pdftex.def)             Requested size: 562.22105pt x 795.08696pt.


File: Exhibits/Display/collection2/collection2.pdf Graphic file (type pdf)
<use Exhibits/Display/collection2/collection2.pdf, page 6>
Package pdftex.def Info: Exhibits/Display/collection2/collection2.pdf , page6 used on input line 4.
(pdftex.def)             Requested size: 562.22105pt x 795.08696pt.
[582

 <./Exhibits/Display/collection2/collection2.pdf>]
<Exhibits/Display/collection2/collection2.pdf, id=8453, page=7, 597.61269pt x 845.1374pt>
File: Exhibits/Display/collection2/collection2.pdf Graphic file (type pdf)
<use Exhibits/Display/collection2/collection2.pdf, page 7>
Package pdftex.def Info: Exhibits/Display/collection2/collection2.pdf , page7 used on input line 4.
(pdftex.def)             Requested size: 562.22105pt x 795.08696pt.
File: Exhibits/Display/collection2/collection2.pdf Graphic file (type pdf)
<use Exhibits/Display/collection2/collection2.pdf, page 7>
Package pdftex.def Info: Exhibits/Display/collection2/collection2.pdf , page7 used on input line 4.
(pdftex.def)             Requested size: 562.22105pt x 795.08696pt.


File: Exhibits/Display/collection2/collection2.pdf Graphic file (type pdf)
<use Exhibits/Display/collection2/collection2.pdf, page 7>
Package pdftex.def Info: Exhibits/Display/collection2/collection2.pdf , page7 used on input line 4.
(pdftex.def)             Requested size: 562.22105pt x 795.08696pt.
[583

 <./Exhibits/Display/collection2/collection2.pdf>]
<Exhibits/Display/collection2/collection2.pdf, id=8460, page=8, 597.61269pt x 845.1374pt>
File: Exhibits/Display/collection2/collection2.pdf Graphic file (type pdf)
<use Exhibits/Display/collection2/collection2.pdf, page 8>
Package pdftex.def Info: Exhibits/Display/collection2/collection2.pdf , page8 used on input line 4.
(pdftex.def)             Requested size: 562.22105pt x 795.08696pt.
File: Exhibits/Display/collection2/collection2.pdf Graphic file (type pdf)
<use Exhibits/Display/collection2/collection2.pdf, page 8>
Package pdftex.def Info: Exhibits/Display/collection2/collection2.pdf , page8 used on input line 4.
(pdftex.def)             Requested size: 562.22105pt x 795.08696pt.


File: Exhibits/Display/collection2/collection2.pdf Graphic file (type pdf)
<use Exhibits/Display/collection2/collection2.pdf, page 8>
Package pdftex.def Info: Exhibits/Display/collection2/collection2.pdf , page8 used on input line 4.
(pdftex.def)             Requested size: 562.22105pt x 795.08696pt.
[584

 <./Exhibits/Display/collection2/collection2.pdf>]
<Exhibits/Display/collection2/collection2.pdf, id=8466, page=9, 597.61269pt x 845.1374pt>
File: Exhibits/Display/collection2/collection2.pdf Graphic file (type pdf)
<use Exhibits/Display/collection2/collection2.pdf, page 9>
Package pdftex.def Info: Exhibits/Display/collection2/collection2.pdf , page9 used on input line 4.
(pdftex.def)             Requested size: 562.22105pt x 795.08696pt.
File: Exhibits/Display/collection2/collection2.pdf Graphic file (type pdf)
<use Exhibits/Display/collection2/collection2.pdf, page 9>
Package pdftex.def Info: Exhibits/Display/collection2/collection2.pdf , page9 used on input line 4.
(pdftex.def)             Requested size: 562.22105pt x 795.08696pt.


File: Exhibits/Display/collection2/collection2.pdf Graphic file (type pdf)
<use Exhibits/Display/collection2/collection2.pdf, page 9>
Package pdftex.def Info: Exhibits/Display/collection2/collection2.pdf , page9 used on input line 4.
(pdftex.def)             Requested size: 562.22105pt x 795.08696pt.
[585

 <./Exhibits/Display/collection2/collection2.pdf>]
<Exhibits/Display/collection2/collection2.pdf, id=8473, page=10, 597.61269pt x 845.1374pt>
File: Exhibits/Display/collection2/collection2.pdf Graphic file (type pdf)
<use Exhibits/Display/collection2/collection2.pdf, page 10>
Package pdftex.def Info: Exhibits/Display/collection2/collection2.pdf , page10 used on input line 4.
(pdftex.def)             Requested size: 562.22105pt x 795.08696pt.
File: Exhibits/Display/collection2/collection2.pdf Graphic file (type pdf)
<use Exhibits/Display/collection2/collection2.pdf, page 10>
Package pdftex.def Info: Exhibits/Display/collection2/collection2.pdf , page10 used on input line 4.
(pdftex.def)             Requested size: 562.22105pt x 795.08696pt.


File: Exhibits/Display/collection2/collection2.pdf Graphic file (type pdf)
<use Exhibits/Display/collection2/collection2.pdf, page 10>
Package pdftex.def Info: Exhibits/Display/collection2/collection2.pdf , page10 used on input line 4.
(pdftex.def)             Requested size: 562.22105pt x 795.08696pt.
[586

 <./Exhibits/Display/collection2/collection2.pdf>]
<Exhibits/Display/collection2/collection2.pdf, id=8479, page=11, 597.61269pt x 845.1374pt>
File: Exhibits/Display/collection2/collection2.pdf Graphic file (type pdf)
<use Exhibits/Display/collection2/collection2.pdf, page 11>
Package pdftex.def Info: Exhibits/Display/collection2/collection2.pdf , page11 used on input line 4.
(pdftex.def)             Requested size: 562.22105pt x 795.08696pt.
File: Exhibits/Display/collection2/collection2.pdf Graphic file (type pdf)
<use Exhibits/Display/collection2/collection2.pdf, page 11>
Package pdftex.def Info: Exhibits/Display/collection2/collection2.pdf , page11 used on input line 4.
(pdftex.def)             Requested size: 562.22105pt x 795.08696pt.


File: Exhibits/Display/collection2/collection2.pdf Graphic file (type pdf)
<use Exhibits/Display/collection2/collection2.pdf, page 11>
Package pdftex.def Info: Exhibits/Display/collection2/collection2.pdf , page11 used on input line 4.
(pdftex.def)             Requested size: 562.22105pt x 795.08696pt.
[587

 <./Exhibits/Display/collection2/collection2.pdf>]
<Exhibits/Display/collection2/collection2.pdf, id=8488, page=12, 597.61269pt x 845.1374pt>
File: Exhibits/Display/collection2/collection2.pdf Graphic file (type pdf)
<use Exhibits/Display/collection2/collection2.pdf, page 12>
Package pdftex.def Info: Exhibits/Display/collection2/collection2.pdf , page12 used on input line 4.
(pdftex.def)             Requested size: 562.22105pt x 795.08696pt.
File: Exhibits/Display/collection2/collection2.pdf Graphic file (type pdf)
<use Exhibits/Display/collection2/collection2.pdf, page 12>
Package pdftex.def Info: Exhibits/Display/collection2/collection2.pdf , page12 used on input line 4.
(pdftex.def)             Requested size: 562.22105pt x 795.08696pt.


File: Exhibits/Display/collection2/collection2.pdf Graphic file (type pdf)
<use Exhibits/Display/collection2/collection2.pdf, page 12>
Package pdftex.def Info: Exhibits/Display/collection2/collection2.pdf , page12 used on input line 4.
(pdftex.def)             Requested size: 562.22105pt x 795.08696pt.
[588

 <./Exhibits/Display/collection2/collection2.pdf>]
<Exhibits/Display/collection2/collection2.pdf, id=8494, page=13, 597.61269pt x 845.1374pt>
File: Exhibits/Display/collection2/collection2.pdf Graphic file (type pdf)
<use Exhibits/Display/collection2/collection2.pdf, page 13>
Package pdftex.def Info: Exhibits/Display/collection2/collection2.pdf , page13 used on input line 4.
(pdftex.def)             Requested size: 562.22105pt x 795.08696pt.
File: Exhibits/Display/collection2/collection2.pdf Graphic file (type pdf)
<use Exhibits/Display/collection2/collection2.pdf, page 13>
Package pdftex.def Info: Exhibits/Display/collection2/collection2.pdf , page13 used on input line 4.
(pdftex.def)             Requested size: 562.22105pt x 795.08696pt.


File: Exhibits/Display/collection2/collection2.pdf Graphic file (type pdf)
<use Exhibits/Display/collection2/collection2.pdf, page 13>
Package pdftex.def Info: Exhibits/Display/collection2/collection2.pdf , page13 used on input line 4.
(pdftex.def)             Requested size: 562.22105pt x 795.08696pt.
[589

 <./Exhibits/Display/collection2/collection2.pdf>]
<Exhibits/Display/collection2/collection2.pdf, id=8501, page=14, 597.61269pt x 845.1374pt>
File: Exhibits/Display/collection2/collection2.pdf Graphic file (type pdf)
<use Exhibits/Display/collection2/collection2.pdf, page 14>
Package pdftex.def Info: Exhibits/Display/collection2/collection2.pdf , page14 used on input line 4.
(pdftex.def)             Requested size: 562.22105pt x 795.08696pt.
File: Exhibits/Display/collection2/collection2.pdf Graphic file (type pdf)
<use Exhibits/Display/collection2/collection2.pdf, page 14>
Package pdftex.def Info: Exhibits/Display/collection2/collection2.pdf , page14 used on input line 4.
(pdftex.def)             Requested size: 562.22105pt x 795.08696pt.


File: Exhibits/Display/collection2/collection2.pdf Graphic file (type pdf)
<use Exhibits/Display/collection2/collection2.pdf, page 14>
Package pdftex.def Info: Exhibits/Display/collection2/collection2.pdf , page14 used on input line 4.
(pdftex.def)             Requested size: 562.22105pt x 795.08696pt.
[590

 <./Exhibits/Display/collection2/collection2.pdf>]
<Exhibits/Display/collection2/collection2.pdf, id=8508, page=15, 597.61269pt x 845.1374pt>
File: Exhibits/Display/collection2/collection2.pdf Graphic file (type pdf)
<use Exhibits/Display/collection2/collection2.pdf, page 15>
Package pdftex.def Info: Exhibits/Display/collection2/collection2.pdf , page15 used on input line 4.
(pdftex.def)             Requested size: 562.22105pt x 795.08696pt.
File: Exhibits/Display/collection2/collection2.pdf Graphic file (type pdf)
<use Exhibits/Display/collection2/collection2.pdf, page 15>
Package pdftex.def Info: Exhibits/Display/collection2/collection2.pdf , page15 used on input line 4.
(pdftex.def)             Requested size: 562.22105pt x 795.08696pt.


File: Exhibits/Display/collection2/collection2.pdf Graphic file (type pdf)
<use Exhibits/Display/collection2/collection2.pdf, page 15>
Package pdftex.def Info: Exhibits/Display/collection2/collection2.pdf , page15 used on input line 4.
(pdftex.def)             Requested size: 562.22105pt x 795.08696pt.
[591

 <./Exhibits/Display/collection2/collection2.pdf>]
<Exhibits/Display/collection2/collection2.pdf, id=8514, page=16, 597.61269pt x 845.1374pt>
File: Exhibits/Display/collection2/collection2.pdf Graphic file (type pdf)
<use Exhibits/Display/collection2/collection2.pdf, page 16>
Package pdftex.def Info: Exhibits/Display/collection2/collection2.pdf , page16 used on input line 4.
(pdftex.def)             Requested size: 562.22105pt x 795.08696pt.
File: Exhibits/Display/collection2/collection2.pdf Graphic file (type pdf)
<use Exhibits/Display/collection2/collection2.pdf, page 16>
Package pdftex.def Info: Exhibits/Display/collection2/collection2.pdf , page16 used on input line 4.
(pdftex.def)             Requested size: 562.22105pt x 795.08696pt.


File: Exhibits/Display/collection2/collection2.pdf Graphic file (type pdf)
<use Exhibits/Display/collection2/collection2.pdf, page 16>
Package pdftex.def Info: Exhibits/Display/collection2/collection2.pdf , page16 used on input line 4.
(pdftex.def)             Requested size: 562.22105pt x 795.08696pt.
[592

 <./Exhibits/Display/collection2/collection2.pdf>]) (./Exhibits/Display/diploma2/diploma2.tex

[593


]
<Exhibits/Display/diploma2/diploma2.pdf, id=8525, 597.55246pt x 845.07718pt>
File: Exhibits/Display/diploma2/diploma2.pdf Graphic file (type pdf)
<use Exhibits/Display/diploma2/diploma2.pdf>
Package pdftex.def Info: Exhibits/Display/diploma2/diploma2.pdf  used on input line 4.
(pdftex.def)             Requested size: 597.551pt x 845.07512pt.
<Exhibits/Display/diploma2/diploma2.pdf, id=8527, page=1, 597.55246pt x 845.07718pt>
File: Exhibits/Display/diploma2/diploma2.pdf Graphic file (type pdf)
<use Exhibits/Display/diploma2/diploma2.pdf, page 1>
Package pdftex.def Info: Exhibits/Display/diploma2/diploma2.pdf , page1 used on input line 4.
(pdftex.def)             Requested size: 597.551pt x 845.07512pt.
File: Exhibits/Display/diploma2/diploma2.pdf Graphic file (type pdf)
<use Exhibits/Display/diploma2/diploma2.pdf, page 1>
Package pdftex.def Info: Exhibits/Display/diploma2/diploma2.pdf , page1 used on input line 4.
(pdftex.def)             Requested size: 562.1644pt x 795.0303pt.
File: Exhibits/Display/diploma2/diploma2.pdf Graphic file (type pdf)
<use Exhibits/Display/diploma2/diploma2.pdf, page 1>
Package pdftex.def Info: Exhibits/Display/diploma2/diploma2.pdf , page1 used on input line 4.
(pdftex.def)             Requested size: 562.1644pt x 795.0303pt.
File: Exhibits/Display/diploma2/diploma2.pdf Graphic file (type pdf)
<use Exhibits/Display/diploma2/diploma2.pdf, page 1>
Package pdftex.def Info: Exhibits/Display/diploma2/diploma2.pdf , page1 used on input line 4.
(pdftex.def)             Requested size: 562.1644pt x 795.0303pt.


File: Exhibits/Display/diploma2/diploma2.pdf Graphic file (type pdf)
<use Exhibits/Display/diploma2/diploma2.pdf, page 1>
Package pdftex.def Info: Exhibits/Display/diploma2/diploma2.pdf , page1 used on input line 4.
(pdftex.def)             Requested size: 562.1644pt x 795.0303pt.
[594


 <./Exhibits/Display/diploma2/diploma2.pdf>]) (./Exhibits/Display/certificate3/certificate3.tex

[595


]
<Exhibits/Display/certificate3/certificate3.jpeg, id=8565, 963.6pt x 680.5425pt>
File: Exhibits/Display/certificate3/certificate3.jpeg Graphic file (type jpg)
<use Exhibits/Display/certificate3/certificate3.jpeg>
Package pdftex.def Info: Exhibits/Display/certificate3/certificate3.jpeg  used on input line 5.
(pdftex.def)             Requested size: 446.39099pt x 315.2548pt.
)

[596

 <./Exhibits/Display/certificate3/certificate3.jpeg>] (./Exhibits/Display/collection3/collection3.tex

[597

]
<Exhibits/Display/collection3/collection3.pdf, id=8575, 597.432pt x 845.07718pt>
File: Exhibits/Display/collection3/collection3.pdf Graphic file (type pdf)
<use Exhibits/Display/collection3/collection3.pdf>
Package pdftex.def Info: Exhibits/Display/collection3/collection3.pdf  used on input line 4.
(pdftex.def)             Requested size: 597.43054pt x 845.07512pt.
<Exhibits/Display/collection3/collection3.pdf, id=8577, page=1, 597.432pt x 845.07718pt>
File: Exhibits/Display/collection3/collection3.pdf Graphic file (type pdf)
<use Exhibits/Display/collection3/collection3.pdf, page 1>
Package pdftex.def Info: Exhibits/Display/collection3/collection3.pdf , page1 used on input line 4.
(pdftex.def)             Requested size: 597.43054pt x 845.07512pt.
File: Exhibits/Display/collection3/collection3.pdf Graphic file (type pdf)
<use Exhibits/Display/collection3/collection3.pdf, page 1>
Package pdftex.def Info: Exhibits/Display/collection3/collection3.pdf , page1 used on input line 4.
(pdftex.def)             Requested size: 562.05109pt x 795.0303pt.
File: Exhibits/Display/collection3/collection3.pdf Graphic file (type pdf)
<use Exhibits/Display/collection3/collection3.pdf, page 1>
Package pdftex.def Info: Exhibits/Display/collection3/collection3.pdf , page1 used on input line 4.
(pdftex.def)             Requested size: 562.05109pt x 795.0303pt.
File: Exhibits/Display/collection3/collection3.pdf Graphic file (type pdf)
<use Exhibits/Display/collection3/collection3.pdf, page 1>
Package pdftex.def Info: Exhibits/Display/collection3/collection3.pdf , page1 used on input line 4.
(pdftex.def)             Requested size: 562.05109pt x 795.0303pt.


File: Exhibits/Display/collection3/collection3.pdf Graphic file (type pdf)
<use Exhibits/Display/collection3/collection3.pdf, page 1>
Package pdftex.def Info: Exhibits/Display/collection3/collection3.pdf , page1 used on input line 4.
(pdftex.def)             Requested size: 562.05109pt x 795.0303pt.
[598


 <./Exhibits/Display/collection3/collection3.pdf>]
<Exhibits/Display/collection3/collection3.pdf, id=8600, page=2, 597.432pt x 845.07718pt>
File: Exhibits/Display/collection3/collection3.pdf Graphic file (type pdf)
<use Exhibits/Display/collection3/collection3.pdf, page 2>
Package pdftex.def Info: Exhibits/Display/collection3/collection3.pdf , page2 used on input line 4.
(pdftex.def)             Requested size: 562.05109pt x 795.0303pt.
File: Exhibits/Display/collection3/collection3.pdf Graphic file (type pdf)
<use Exhibits/Display/collection3/collection3.pdf, page 2>
Package pdftex.def Info: Exhibits/Display/collection3/collection3.pdf , page2 used on input line 4.
(pdftex.def)             Requested size: 562.05109pt x 795.0303pt.


File: Exhibits/Display/collection3/collection3.pdf Graphic file (type pdf)
<use Exhibits/Display/collection3/collection3.pdf, page 2>
Package pdftex.def Info: Exhibits/Display/collection3/collection3.pdf , page2 used on input line 4.
(pdftex.def)             Requested size: 562.05109pt x 795.0303pt.
[599

 <./Exhibits/Display/collection3/collection3.pdf>]
<Exhibits/Display/collection3/collection3.pdf, id=8630, page=3, 597.432pt x 845.07718pt>
File: Exhibits/Display/collection3/collection3.pdf Graphic file (type pdf)
<use Exhibits/Display/collection3/collection3.pdf, page 3>
Package pdftex.def Info: Exhibits/Display/collection3/collection3.pdf , page3 used on input line 4.
(pdftex.def)             Requested size: 562.05109pt x 795.0303pt.
File: Exhibits/Display/collection3/collection3.pdf Graphic file (type pdf)
<use Exhibits/Display/collection3/collection3.pdf, page 3>
Package pdftex.def Info: Exhibits/Display/collection3/collection3.pdf , page3 used on input line 4.
(pdftex.def)             Requested size: 562.05109pt x 795.0303pt.


File: Exhibits/Display/collection3/collection3.pdf Graphic file (type pdf)
<use Exhibits/Display/collection3/collection3.pdf, page 3>
Package pdftex.def Info: Exhibits/Display/collection3/collection3.pdf , page3 used on input line 4.
(pdftex.def)             Requested size: 562.05109pt x 795.0303pt.
[600

 <./Exhibits/Display/collection3/collection3.pdf>]
<Exhibits/Display/collection3/collection3.pdf, id=8647, page=4, 597.432pt x 845.07718pt>
File: Exhibits/Display/collection3/collection3.pdf Graphic file (type pdf)
<use Exhibits/Display/collection3/collection3.pdf, page 4>
Package pdftex.def Info: Exhibits/Display/collection3/collection3.pdf , page4 used on input line 4.
(pdftex.def)             Requested size: 562.05109pt x 795.0303pt.
File: Exhibits/Display/collection3/collection3.pdf Graphic file (type pdf)
<use Exhibits/Display/collection3/collection3.pdf, page 4>
Package pdftex.def Info: Exhibits/Display/collection3/collection3.pdf , page4 used on input line 4.
(pdftex.def)             Requested size: 562.05109pt x 795.0303pt.


File: Exhibits/Display/collection3/collection3.pdf Graphic file (type pdf)
<use Exhibits/Display/collection3/collection3.pdf, page 4>
Package pdftex.def Info: Exhibits/Display/collection3/collection3.pdf , page4 used on input line 4.
(pdftex.def)             Requested size: 562.05109pt x 795.0303pt.
[601

 <./Exhibits/Display/collection3/collection3.pdf>]
<Exhibits/Display/collection3/collection3.pdf, id=8676, page=5, 597.432pt x 845.07718pt>
File: Exhibits/Display/collection3/collection3.pdf Graphic file (type pdf)
<use Exhibits/Display/collection3/collection3.pdf, page 5>
Package pdftex.def Info: Exhibits/Display/collection3/collection3.pdf , page5 used on input line 4.
(pdftex.def)             Requested size: 562.05109pt x 795.0303pt.
File: Exhibits/Display/collection3/collection3.pdf Graphic file (type pdf)
<use Exhibits/Display/collection3/collection3.pdf, page 5>
Package pdftex.def Info: Exhibits/Display/collection3/collection3.pdf , page5 used on input line 4.
(pdftex.def)             Requested size: 562.05109pt x 795.0303pt.


File: Exhibits/Display/collection3/collection3.pdf Graphic file (type pdf)
<use Exhibits/Display/collection3/collection3.pdf, page 5>
Package pdftex.def Info: Exhibits/Display/collection3/collection3.pdf , page5 used on input line 4.
(pdftex.def)             Requested size: 562.05109pt x 795.0303pt.
[602

 <./Exhibits/Display/collection3/collection3.pdf>]
<Exhibits/Display/collection3/collection3.pdf, id=8682, page=6, 597.432pt x 845.07718pt>
File: Exhibits/Display/collection3/collection3.pdf Graphic file (type pdf)
<use Exhibits/Display/collection3/collection3.pdf, page 6>
Package pdftex.def Info: Exhibits/Display/collection3/collection3.pdf , page6 used on input line 4.
(pdftex.def)             Requested size: 562.05109pt x 795.0303pt.
File: Exhibits/Display/collection3/collection3.pdf Graphic file (type pdf)
<use Exhibits/Display/collection3/collection3.pdf, page 6>
Package pdftex.def Info: Exhibits/Display/collection3/collection3.pdf , page6 used on input line 4.
(pdftex.def)             Requested size: 562.05109pt x 795.0303pt.


File: Exhibits/Display/collection3/collection3.pdf Graphic file (type pdf)
<use Exhibits/Display/collection3/collection3.pdf, page 6>
Package pdftex.def Info: Exhibits/Display/collection3/collection3.pdf , page6 used on input line 4.
(pdftex.def)             Requested size: 562.05109pt x 795.0303pt.
[603

 <./Exhibits/Display/collection3/collection3.pdf>]
<Exhibits/Display/collection3/collection3.pdf, id=8689, page=7, 597.432pt x 845.07718pt>
File: Exhibits/Display/collection3/collection3.pdf Graphic file (type pdf)
<use Exhibits/Display/collection3/collection3.pdf, page 7>
Package pdftex.def Info: Exhibits/Display/collection3/collection3.pdf , page7 used on input line 4.
(pdftex.def)             Requested size: 562.05109pt x 795.0303pt.
File: Exhibits/Display/collection3/collection3.pdf Graphic file (type pdf)
<use Exhibits/Display/collection3/collection3.pdf, page 7>
Package pdftex.def Info: Exhibits/Display/collection3/collection3.pdf , page7 used on input line 4.
(pdftex.def)             Requested size: 562.05109pt x 795.0303pt.


File: Exhibits/Display/collection3/collection3.pdf Graphic file (type pdf)
<use Exhibits/Display/collection3/collection3.pdf, page 7>
Package pdftex.def Info: Exhibits/Display/collection3/collection3.pdf , page7 used on input line 4.
(pdftex.def)             Requested size: 562.05109pt x 795.0303pt.
[604

 <./Exhibits/Display/collection3/collection3.pdf>]
<Exhibits/Display/collection3/collection3.pdf, id=8696, page=8, 597.432pt x 845.07718pt>
File: Exhibits/Display/collection3/collection3.pdf Graphic file (type pdf)
<use Exhibits/Display/collection3/collection3.pdf, page 8>
Package pdftex.def Info: Exhibits/Display/collection3/collection3.pdf , page8 used on input line 4.
(pdftex.def)             Requested size: 562.05109pt x 795.0303pt.
File: Exhibits/Display/collection3/collection3.pdf Graphic file (type pdf)
<use Exhibits/Display/collection3/collection3.pdf, page 8>
Package pdftex.def Info: Exhibits/Display/collection3/collection3.pdf , page8 used on input line 4.
(pdftex.def)             Requested size: 562.05109pt x 795.0303pt.


File: Exhibits/Display/collection3/collection3.pdf Graphic file (type pdf)
<use Exhibits/Display/collection3/collection3.pdf, page 8>
Package pdftex.def Info: Exhibits/Display/collection3/collection3.pdf , page8 used on input line 4.
(pdftex.def)             Requested size: 562.05109pt x 795.0303pt.
[605

 <./Exhibits/Display/collection3/collection3.pdf>]
<Exhibits/Display/collection3/collection3.pdf, id=8702, page=9, 597.432pt x 845.07718pt>
File: Exhibits/Display/collection3/collection3.pdf Graphic file (type pdf)
<use Exhibits/Display/collection3/collection3.pdf, page 9>
Package pdftex.def Info: Exhibits/Display/collection3/collection3.pdf , page9 used on input line 4.
(pdftex.def)             Requested size: 562.05109pt x 795.0303pt.
File: Exhibits/Display/collection3/collection3.pdf Graphic file (type pdf)
<use Exhibits/Display/collection3/collection3.pdf, page 9>
Package pdftex.def Info: Exhibits/Display/collection3/collection3.pdf , page9 used on input line 4.
(pdftex.def)             Requested size: 562.05109pt x 795.0303pt.


File: Exhibits/Display/collection3/collection3.pdf Graphic file (type pdf)
<use Exhibits/Display/collection3/collection3.pdf, page 9>
Package pdftex.def Info: Exhibits/Display/collection3/collection3.pdf , page9 used on input line 4.
(pdftex.def)             Requested size: 562.05109pt x 795.0303pt.
[606

 <./Exhibits/Display/collection3/collection3.pdf>]
<Exhibits/Display/collection3/collection3.pdf, id=8708, page=10, 597.432pt x 845.07718pt>
File: Exhibits/Display/collection3/collection3.pdf Graphic file (type pdf)
<use Exhibits/Display/collection3/collection3.pdf, page 10>
Package pdftex.def Info: Exhibits/Display/collection3/collection3.pdf , page10 used on input line 4.
(pdftex.def)             Requested size: 562.05109pt x 795.0303pt.
File: Exhibits/Display/collection3/collection3.pdf Graphic file (type pdf)
<use Exhibits/Display/collection3/collection3.pdf, page 10>
Package pdftex.def Info: Exhibits/Display/collection3/collection3.pdf , page10 used on input line 4.
(pdftex.def)             Requested size: 562.05109pt x 795.0303pt.


File: Exhibits/Display/collection3/collection3.pdf Graphic file (type pdf)
<use Exhibits/Display/collection3/collection3.pdf, page 10>
Package pdftex.def Info: Exhibits/Display/collection3/collection3.pdf , page10 used on input line 4.
(pdftex.def)             Requested size: 562.05109pt x 795.0303pt.
[607

 <./Exhibits/Display/collection3/collection3.pdf>]
<Exhibits/Display/collection3/collection3.pdf, id=8715, page=11, 597.432pt x 845.07718pt>
File: Exhibits/Display/collection3/collection3.pdf Graphic file (type pdf)
<use Exhibits/Display/collection3/collection3.pdf, page 11>
Package pdftex.def Info: Exhibits/Display/collection3/collection3.pdf , page11 used on input line 4.
(pdftex.def)             Requested size: 562.05109pt x 795.0303pt.
File: Exhibits/Display/collection3/collection3.pdf Graphic file (type pdf)
<use Exhibits/Display/collection3/collection3.pdf, page 11>
Package pdftex.def Info: Exhibits/Display/collection3/collection3.pdf , page11 used on input line 4.
(pdftex.def)             Requested size: 562.05109pt x 795.0303pt.


File: Exhibits/Display/collection3/collection3.pdf Graphic file (type pdf)
<use Exhibits/Display/collection3/collection3.pdf, page 11>
Package pdftex.def Info: Exhibits/Display/collection3/collection3.pdf , page11 used on input line 4.
(pdftex.def)             Requested size: 562.05109pt x 795.0303pt.
[608

 <./Exhibits/Display/collection3/collection3.pdf>]
<Exhibits/Display/collection3/collection3.pdf, id=8732, page=12, 597.432pt x 845.07718pt>
File: Exhibits/Display/collection3/collection3.pdf Graphic file (type pdf)
<use Exhibits/Display/collection3/collection3.pdf, page 12>
Package pdftex.def Info: Exhibits/Display/collection3/collection3.pdf , page12 used on input line 4.
(pdftex.def)             Requested size: 562.05109pt x 795.0303pt.
File: Exhibits/Display/collection3/collection3.pdf Graphic file (type pdf)
<use Exhibits/Display/collection3/collection3.pdf, page 12>
Package pdftex.def Info: Exhibits/Display/collection3/collection3.pdf , page12 used on input line 4.
(pdftex.def)             Requested size: 562.05109pt x 795.0303pt.


File: Exhibits/Display/collection3/collection3.pdf Graphic file (type pdf)
<use Exhibits/Display/collection3/collection3.pdf, page 12>
Package pdftex.def Info: Exhibits/Display/collection3/collection3.pdf , page12 used on input line 4.
(pdftex.def)             Requested size: 562.05109pt x 795.0303pt.
[609

 <./Exhibits/Display/collection3/collection3.pdf>]
<Exhibits/Display/collection3/collection3.pdf, id=8738, page=13, 597.432pt x 845.07718pt>
File: Exhibits/Display/collection3/collection3.pdf Graphic file (type pdf)
<use Exhibits/Display/collection3/collection3.pdf, page 13>
Package pdftex.def Info: Exhibits/Display/collection3/collection3.pdf , page13 used on input line 4.
(pdftex.def)             Requested size: 562.05109pt x 795.0303pt.
File: Exhibits/Display/collection3/collection3.pdf Graphic file (type pdf)
<use Exhibits/Display/collection3/collection3.pdf, page 13>
Package pdftex.def Info: Exhibits/Display/collection3/collection3.pdf , page13 used on input line 4.
(pdftex.def)             Requested size: 562.05109pt x 795.0303pt.


File: Exhibits/Display/collection3/collection3.pdf Graphic file (type pdf)
<use Exhibits/Display/collection3/collection3.pdf, page 13>
Package pdftex.def Info: Exhibits/Display/collection3/collection3.pdf , page13 used on input line 4.
(pdftex.def)             Requested size: 562.05109pt x 795.0303pt.
[610

 <./Exhibits/Display/collection3/collection3.pdf>]
<Exhibits/Display/collection3/collection3.pdf, id=8761, page=14, 597.432pt x 845.07718pt>
File: Exhibits/Display/collection3/collection3.pdf Graphic file (type pdf)
<use Exhibits/Display/collection3/collection3.pdf, page 14>
Package pdftex.def Info: Exhibits/Display/collection3/collection3.pdf , page14 used on input line 4.
(pdftex.def)             Requested size: 562.05109pt x 795.0303pt.
File: Exhibits/Display/collection3/collection3.pdf Graphic file (type pdf)
<use Exhibits/Display/collection3/collection3.pdf, page 14>
Package pdftex.def Info: Exhibits/Display/collection3/collection3.pdf , page14 used on input line 4.
(pdftex.def)             Requested size: 562.05109pt x 795.0303pt.


File: Exhibits/Display/collection3/collection3.pdf Graphic file (type pdf)
<use Exhibits/Display/collection3/collection3.pdf, page 14>
Package pdftex.def Info: Exhibits/Display/collection3/collection3.pdf , page14 used on input line 4.
(pdftex.def)             Requested size: 562.05109pt x 795.0303pt.
[611

 <./Exhibits/Display/collection3/collection3.pdf>]
<Exhibits/Display/collection3/collection3.pdf, id=8767, page=15, 597.432pt x 845.07718pt>
File: Exhibits/Display/collection3/collection3.pdf Graphic file (type pdf)
<use Exhibits/Display/collection3/collection3.pdf, page 15>
Package pdftex.def Info: Exhibits/Display/collection3/collection3.pdf , page15 used on input line 4.
(pdftex.def)             Requested size: 562.05109pt x 795.0303pt.
File: Exhibits/Display/collection3/collection3.pdf Graphic file (type pdf)
<use Exhibits/Display/collection3/collection3.pdf, page 15>
Package pdftex.def Info: Exhibits/Display/collection3/collection3.pdf , page15 used on input line 4.
(pdftex.def)             Requested size: 562.05109pt x 795.0303pt.


File: Exhibits/Display/collection3/collection3.pdf Graphic file (type pdf)
<use Exhibits/Display/collection3/collection3.pdf, page 15>
Package pdftex.def Info: Exhibits/Display/collection3/collection3.pdf , page15 used on input line 4.
(pdftex.def)             Requested size: 562.05109pt x 795.0303pt.
[612

 <./Exhibits/Display/collection3/collection3.pdf>]
<Exhibits/Display/collection3/collection3.pdf, id=8773, page=16, 597.432pt x 845.07718pt>
File: Exhibits/Display/collection3/collection3.pdf Graphic file (type pdf)
<use Exhibits/Display/collection3/collection3.pdf, page 16>
Package pdftex.def Info: Exhibits/Display/collection3/collection3.pdf , page16 used on input line 4.
(pdftex.def)             Requested size: 562.05109pt x 795.0303pt.
File: Exhibits/Display/collection3/collection3.pdf Graphic file (type pdf)
<use Exhibits/Display/collection3/collection3.pdf, page 16>
Package pdftex.def Info: Exhibits/Display/collection3/collection3.pdf , page16 used on input line 4.
(pdftex.def)             Requested size: 562.05109pt x 795.0303pt.


File: Exhibits/Display/collection3/collection3.pdf Graphic file (type pdf)
<use Exhibits/Display/collection3/collection3.pdf, page 16>
Package pdftex.def Info: Exhibits/Display/collection3/collection3.pdf , page16 used on input line 4.
(pdftex.def)             Requested size: 562.05109pt x 795.0303pt.
[613

 <./Exhibits/Display/collection3/collection3.pdf>]) (./Exhibits/Display/diploma3/diploma3.tex

[614


]
<Exhibits/Display/diploma3/diploma3.jpeg, id=8785, 680.5425pt x 963.6pt>
File: Exhibits/Display/diploma3/diploma3.jpeg Graphic file (type jpg)
<use Exhibits/Display/diploma3/diploma3.jpeg>
Package pdftex.def Info: Exhibits/Display/diploma3/diploma3.jpeg  used on input line 5.
(pdftex.def)             Requested size: 446.39099pt x 632.0669pt.
)

[615

 <./Exhibits/Display/diploma3/diploma3.jpeg>] (./Exhibits/Display/certificate4/certificate4.tex

[616

]
<Exhibits/Display/certificate4/certificate4.jpeg, id=8795, 752.8125pt x 532.23843pt>
File: Exhibits/Display/certificate4/certificate4.jpeg Graphic file (type jpg)
<use Exhibits/Display/certificate4/certificate4.jpeg>
Package pdftex.def Info: Exhibits/Display/certificate4/certificate4.jpeg  used on input line 5.
(pdftex.def)             Requested size: 446.39099pt x 315.60973pt.
)

[617

 <./Exhibits/Display/certificate4/certificate4.jpeg>] (./Exhibits/Display/collection4/collection4.tex

[618

]
<Exhibits/Display/collection4/collection4.pdf, id=8805, 421.21367pt x 597.55246pt>
File: Exhibits/Display/collection4/collection4.pdf Graphic file (type pdf)
<use Exhibits/Display/collection4/collection4.pdf>
Package pdftex.def Info: Exhibits/Display/collection4/collection4.pdf  used on input line 4.
(pdftex.def)             Requested size: 421.21263pt x 597.551pt.
<Exhibits/Display/collection4/collection4.pdf, id=8807, page=1, 421.21367pt x 597.55246pt>
File: Exhibits/Display/collection4/collection4.pdf Graphic file (type pdf)
<use Exhibits/Display/collection4/collection4.pdf, page 1>
Package pdftex.def Info: Exhibits/Display/collection4/collection4.pdf , page1 used on input line 4.
(pdftex.def)             Requested size: 421.21263pt x 597.551pt.
File: Exhibits/Display/collection4/collection4.pdf Graphic file (type pdf)
<use Exhibits/Display/collection4/collection4.pdf, page 1>
Package pdftex.def Info: Exhibits/Display/collection4/collection4.pdf , page1 used on input line 4.
(pdftex.def)             Requested size: 560.88841pt x 795.7013pt.
File: Exhibits/Display/collection4/collection4.pdf Graphic file (type pdf)
<use Exhibits/Display/collection4/collection4.pdf, page 1>
Package pdftex.def Info: Exhibits/Display/collection4/collection4.pdf , page1 used on input line 4.
(pdftex.def)             Requested size: 560.88841pt x 795.7013pt.
File: Exhibits/Display/collection4/collection4.pdf Graphic file (type pdf)
<use Exhibits/Display/collection4/collection4.pdf, page 1>
Package pdftex.def Info: Exhibits/Display/collection4/collection4.pdf , page1 used on input line 4.
(pdftex.def)             Requested size: 560.88841pt x 795.7013pt.


File: Exhibits/Display/collection4/collection4.pdf Graphic file (type pdf)
<use Exhibits/Display/collection4/collection4.pdf, page 1>
Package pdftex.def Info: Exhibits/Display/collection4/collection4.pdf , page1 used on input line 4.
(pdftex.def)             Requested size: 560.88841pt x 795.7013pt.
[619


 <./Exhibits/Display/collection4/collection4.pdf>]
<Exhibits/Display/collection4/collection4.pdf, id=8825, page=2, 421.21367pt x 597.55246pt>
File: Exhibits/Display/collection4/collection4.pdf Graphic file (type pdf)
<use Exhibits/Display/collection4/collection4.pdf, page 2>
Package pdftex.def Info: Exhibits/Display/collection4/collection4.pdf , page2 used on input line 4.
(pdftex.def)             Requested size: 560.88841pt x 795.7013pt.
File: Exhibits/Display/collection4/collection4.pdf Graphic file (type pdf)
<use Exhibits/Display/collection4/collection4.pdf, page 2>
Package pdftex.def Info: Exhibits/Display/collection4/collection4.pdf , page2 used on input line 4.
(pdftex.def)             Requested size: 560.88841pt x 795.7013pt.


File: Exhibits/Display/collection4/collection4.pdf Graphic file (type pdf)
<use Exhibits/Display/collection4/collection4.pdf, page 2>
Package pdftex.def Info: Exhibits/Display/collection4/collection4.pdf , page2 used on input line 4.
(pdftex.def)             Requested size: 560.88841pt x 795.7013pt.
[620

 <./Exhibits/Display/collection4/collection4.pdf>]
<Exhibits/Display/collection4/collection4.pdf, id=8859, page=3, 421.21367pt x 597.55246pt>
File: Exhibits/Display/collection4/collection4.pdf Graphic file (type pdf)
<use Exhibits/Display/collection4/collection4.pdf, page 3>
Package pdftex.def Info: Exhibits/Display/collection4/collection4.pdf , page3 used on input line 4.
(pdftex.def)             Requested size: 560.88841pt x 795.7013pt.
File: Exhibits/Display/collection4/collection4.pdf Graphic file (type pdf)
<use Exhibits/Display/collection4/collection4.pdf, page 3>
Package pdftex.def Info: Exhibits/Display/collection4/collection4.pdf , page3 used on input line 4.
(pdftex.def)             Requested size: 560.88841pt x 795.7013pt.


File: Exhibits/Display/collection4/collection4.pdf Graphic file (type pdf)
<use Exhibits/Display/collection4/collection4.pdf, page 3>
Package pdftex.def Info: Exhibits/Display/collection4/collection4.pdf , page3 used on input line 4.
(pdftex.def)             Requested size: 560.88841pt x 795.7013pt.
[621

 <./Exhibits/Display/collection4/collection4.pdf>]
<Exhibits/Display/collection4/collection4.pdf, id=8899, page=4, 421.21367pt x 597.55246pt>
File: Exhibits/Display/collection4/collection4.pdf Graphic file (type pdf)
<use Exhibits/Display/collection4/collection4.pdf, page 4>
Package pdftex.def Info: Exhibits/Display/collection4/collection4.pdf , page4 used on input line 4.
(pdftex.def)             Requested size: 560.88841pt x 795.7013pt.
File: Exhibits/Display/collection4/collection4.pdf Graphic file (type pdf)
<use Exhibits/Display/collection4/collection4.pdf, page 4>
Package pdftex.def Info: Exhibits/Display/collection4/collection4.pdf , page4 used on input line 4.
(pdftex.def)             Requested size: 560.88841pt x 795.7013pt.


File: Exhibits/Display/collection4/collection4.pdf Graphic file (type pdf)
<use Exhibits/Display/collection4/collection4.pdf, page 4>
Package pdftex.def Info: Exhibits/Display/collection4/collection4.pdf , page4 used on input line 4.
(pdftex.def)             Requested size: 560.88841pt x 795.7013pt.
[622

 <./Exhibits/Display/collection4/collection4.pdf>]
<Exhibits/Display/collection4/collection4.pdf, id=8916, page=5, 421.21367pt x 597.55246pt>
File: Exhibits/Display/collection4/collection4.pdf Graphic file (type pdf)
<use Exhibits/Display/collection4/collection4.pdf, page 5>
Package pdftex.def Info: Exhibits/Display/collection4/collection4.pdf , page5 used on input line 4.
(pdftex.def)             Requested size: 560.88841pt x 795.7013pt.
File: Exhibits/Display/collection4/collection4.pdf Graphic file (type pdf)
<use Exhibits/Display/collection4/collection4.pdf, page 5>
Package pdftex.def Info: Exhibits/Display/collection4/collection4.pdf , page5 used on input line 4.
(pdftex.def)             Requested size: 560.88841pt x 795.7013pt.


File: Exhibits/Display/collection4/collection4.pdf Graphic file (type pdf)
<use Exhibits/Display/collection4/collection4.pdf, page 5>
Package pdftex.def Info: Exhibits/Display/collection4/collection4.pdf , page5 used on input line 4.
(pdftex.def)             Requested size: 560.88841pt x 795.7013pt.
[623

 <./Exhibits/Display/collection4/collection4.pdf>]
<Exhibits/Display/collection4/collection4.pdf, id=8922, page=6, 421.21367pt x 597.55246pt>
File: Exhibits/Display/collection4/collection4.pdf Graphic file (type pdf)
<use Exhibits/Display/collection4/collection4.pdf, page 6>
Package pdftex.def Info: Exhibits/Display/collection4/collection4.pdf , page6 used on input line 4.
(pdftex.def)             Requested size: 560.88841pt x 795.7013pt.
File: Exhibits/Display/collection4/collection4.pdf Graphic file (type pdf)
<use Exhibits/Display/collection4/collection4.pdf, page 6>
Package pdftex.def Info: Exhibits/Display/collection4/collection4.pdf , page6 used on input line 4.
(pdftex.def)             Requested size: 560.88841pt x 795.7013pt.


File: Exhibits/Display/collection4/collection4.pdf Graphic file (type pdf)
<use Exhibits/Display/collection4/collection4.pdf, page 6>
Package pdftex.def Info: Exhibits/Display/collection4/collection4.pdf , page6 used on input line 4.
(pdftex.def)             Requested size: 560.88841pt x 795.7013pt.
[624

 <./Exhibits/Display/collection4/collection4.pdf>]
<Exhibits/Display/collection4/collection4.pdf, id=8931, page=7, 421.21367pt x 597.55246pt>
File: Exhibits/Display/collection4/collection4.pdf Graphic file (type pdf)
<use Exhibits/Display/collection4/collection4.pdf, page 7>
Package pdftex.def Info: Exhibits/Display/collection4/collection4.pdf , page7 used on input line 4.
(pdftex.def)             Requested size: 560.88841pt x 795.7013pt.
File: Exhibits/Display/collection4/collection4.pdf Graphic file (type pdf)
<use Exhibits/Display/collection4/collection4.pdf, page 7>
Package pdftex.def Info: Exhibits/Display/collection4/collection4.pdf , page7 used on input line 4.
(pdftex.def)             Requested size: 560.88841pt x 795.7013pt.


File: Exhibits/Display/collection4/collection4.pdf Graphic file (type pdf)
<use Exhibits/Display/collection4/collection4.pdf, page 7>
Package pdftex.def Info: Exhibits/Display/collection4/collection4.pdf , page7 used on input line 4.
(pdftex.def)             Requested size: 560.88841pt x 795.7013pt.
[625

 <./Exhibits/Display/collection4/collection4.pdf>]
<Exhibits/Display/collection4/collection4.pdf, id=8938, page=8, 421.21367pt x 597.55246pt>
File: Exhibits/Display/collection4/collection4.pdf Graphic file (type pdf)
<use Exhibits/Display/collection4/collection4.pdf, page 8>
Package pdftex.def Info: Exhibits/Display/collection4/collection4.pdf , page8 used on input line 4.
(pdftex.def)             Requested size: 560.88841pt x 795.7013pt.
File: Exhibits/Display/collection4/collection4.pdf Graphic file (type pdf)
<use Exhibits/Display/collection4/collection4.pdf, page 8>
Package pdftex.def Info: Exhibits/Display/collection4/collection4.pdf , page8 used on input line 4.
(pdftex.def)             Requested size: 560.88841pt x 795.7013pt.


File: Exhibits/Display/collection4/collection4.pdf Graphic file (type pdf)
<use Exhibits/Display/collection4/collection4.pdf, page 8>
Package pdftex.def Info: Exhibits/Display/collection4/collection4.pdf , page8 used on input line 4.
(pdftex.def)             Requested size: 560.88841pt x 795.7013pt.
[626

 <./Exhibits/Display/collection4/collection4.pdf>]
<Exhibits/Display/collection4/collection4.pdf, id=8944, page=9, 421.21367pt x 597.55246pt>
File: Exhibits/Display/collection4/collection4.pdf Graphic file (type pdf)
<use Exhibits/Display/collection4/collection4.pdf, page 9>
Package pdftex.def Info: Exhibits/Display/collection4/collection4.pdf , page9 used on input line 4.
(pdftex.def)             Requested size: 560.88841pt x 795.7013pt.
File: Exhibits/Display/collection4/collection4.pdf Graphic file (type pdf)
<use Exhibits/Display/collection4/collection4.pdf, page 9>
Package pdftex.def Info: Exhibits/Display/collection4/collection4.pdf , page9 used on input line 4.
(pdftex.def)             Requested size: 560.88841pt x 795.7013pt.


File: Exhibits/Display/collection4/collection4.pdf Graphic file (type pdf)
<use Exhibits/Display/collection4/collection4.pdf, page 9>
Package pdftex.def Info: Exhibits/Display/collection4/collection4.pdf , page9 used on input line 4.
(pdftex.def)             Requested size: 560.88841pt x 795.7013pt.
[627

 <./Exhibits/Display/collection4/collection4.pdf>]
<Exhibits/Display/collection4/collection4.pdf, id=8950, page=10, 421.21367pt x 597.55246pt>
File: Exhibits/Display/collection4/collection4.pdf Graphic file (type pdf)
<use Exhibits/Display/collection4/collection4.pdf, page 10>
Package pdftex.def Info: Exhibits/Display/collection4/collection4.pdf , page10 used on input line 4.
(pdftex.def)             Requested size: 560.88841pt x 795.7013pt.
File: Exhibits/Display/collection4/collection4.pdf Graphic file (type pdf)
<use Exhibits/Display/collection4/collection4.pdf, page 10>
Package pdftex.def Info: Exhibits/Display/collection4/collection4.pdf , page10 used on input line 4.
(pdftex.def)             Requested size: 560.88841pt x 795.7013pt.


File: Exhibits/Display/collection4/collection4.pdf Graphic file (type pdf)
<use Exhibits/Display/collection4/collection4.pdf, page 10>
Package pdftex.def Info: Exhibits/Display/collection4/collection4.pdf , page10 used on input line 4.
(pdftex.def)             Requested size: 560.88841pt x 795.7013pt.
[628

 <./Exhibits/Display/collection4/collection4.pdf>]
<Exhibits/Display/collection4/collection4.pdf, id=8956, page=11, 421.21367pt x 597.55246pt>
File: Exhibits/Display/collection4/collection4.pdf Graphic file (type pdf)
<use Exhibits/Display/collection4/collection4.pdf, page 11>
Package pdftex.def Info: Exhibits/Display/collection4/collection4.pdf , page11 used on input line 4.
(pdftex.def)             Requested size: 560.88841pt x 795.7013pt.
File: Exhibits/Display/collection4/collection4.pdf Graphic file (type pdf)
<use Exhibits/Display/collection4/collection4.pdf, page 11>
Package pdftex.def Info: Exhibits/Display/collection4/collection4.pdf , page11 used on input line 4.
(pdftex.def)             Requested size: 560.88841pt x 795.7013pt.


File: Exhibits/Display/collection4/collection4.pdf Graphic file (type pdf)
<use Exhibits/Display/collection4/collection4.pdf, page 11>
Package pdftex.def Info: Exhibits/Display/collection4/collection4.pdf , page11 used on input line 4.
(pdftex.def)             Requested size: 560.88841pt x 795.7013pt.
[629

 <./Exhibits/Display/collection4/collection4.pdf>]
<Exhibits/Display/collection4/collection4.pdf, id=8962, page=12, 421.21367pt x 597.55246pt>
File: Exhibits/Display/collection4/collection4.pdf Graphic file (type pdf)
<use Exhibits/Display/collection4/collection4.pdf, page 12>
Package pdftex.def Info: Exhibits/Display/collection4/collection4.pdf , page12 used on input line 4.
(pdftex.def)             Requested size: 560.88841pt x 795.7013pt.
File: Exhibits/Display/collection4/collection4.pdf Graphic file (type pdf)
<use Exhibits/Display/collection4/collection4.pdf, page 12>
Package pdftex.def Info: Exhibits/Display/collection4/collection4.pdf , page12 used on input line 4.
(pdftex.def)             Requested size: 560.88841pt x 795.7013pt.


File: Exhibits/Display/collection4/collection4.pdf Graphic file (type pdf)
<use Exhibits/Display/collection4/collection4.pdf, page 12>
Package pdftex.def Info: Exhibits/Display/collection4/collection4.pdf , page12 used on input line 4.
(pdftex.def)             Requested size: 560.88841pt x 795.7013pt.
[630

 <./Exhibits/Display/collection4/collection4.pdf>]
<Exhibits/Display/collection4/collection4.pdf, id=8968, page=13, 421.21367pt x 597.55246pt>
File: Exhibits/Display/collection4/collection4.pdf Graphic file (type pdf)
<use Exhibits/Display/collection4/collection4.pdf, page 13>
Package pdftex.def Info: Exhibits/Display/collection4/collection4.pdf , page13 used on input line 4.
(pdftex.def)             Requested size: 560.88841pt x 795.7013pt.
File: Exhibits/Display/collection4/collection4.pdf Graphic file (type pdf)
<use Exhibits/Display/collection4/collection4.pdf, page 13>
Package pdftex.def Info: Exhibits/Display/collection4/collection4.pdf , page13 used on input line 4.
(pdftex.def)             Requested size: 560.88841pt x 795.7013pt.


File: Exhibits/Display/collection4/collection4.pdf Graphic file (type pdf)
<use Exhibits/Display/collection4/collection4.pdf, page 13>
Package pdftex.def Info: Exhibits/Display/collection4/collection4.pdf , page13 used on input line 4.
(pdftex.def)             Requested size: 560.88841pt x 795.7013pt.
[631

 <./Exhibits/Display/collection4/collection4.pdf>]
<Exhibits/Display/collection4/collection4.pdf, id=8975, page=14, 421.21367pt x 597.55246pt>
File: Exhibits/Display/collection4/collection4.pdf Graphic file (type pdf)
<use Exhibits/Display/collection4/collection4.pdf, page 14>
Package pdftex.def Info: Exhibits/Display/collection4/collection4.pdf , page14 used on input line 4.
(pdftex.def)             Requested size: 560.88841pt x 795.7013pt.
File: Exhibits/Display/collection4/collection4.pdf Graphic file (type pdf)
<use Exhibits/Display/collection4/collection4.pdf, page 14>
Package pdftex.def Info: Exhibits/Display/collection4/collection4.pdf , page14 used on input line 4.
(pdftex.def)             Requested size: 560.88841pt x 795.7013pt.


File: Exhibits/Display/collection4/collection4.pdf Graphic file (type pdf)
<use Exhibits/Display/collection4/collection4.pdf, page 14>
Package pdftex.def Info: Exhibits/Display/collection4/collection4.pdf , page14 used on input line 4.
(pdftex.def)             Requested size: 560.88841pt x 795.7013pt.
[632

 <./Exhibits/Display/collection4/collection4.pdf>]
<Exhibits/Display/collection4/collection4.pdf, id=8981, page=15, 421.21367pt x 597.55246pt>
File: Exhibits/Display/collection4/collection4.pdf Graphic file (type pdf)
<use Exhibits/Display/collection4/collection4.pdf, page 15>
Package pdftex.def Info: Exhibits/Display/collection4/collection4.pdf , page15 used on input line 4.
(pdftex.def)             Requested size: 560.88841pt x 795.7013pt.
File: Exhibits/Display/collection4/collection4.pdf Graphic file (type pdf)
<use Exhibits/Display/collection4/collection4.pdf, page 15>
Package pdftex.def Info: Exhibits/Display/collection4/collection4.pdf , page15 used on input line 4.
(pdftex.def)             Requested size: 560.88841pt x 795.7013pt.


File: Exhibits/Display/collection4/collection4.pdf Graphic file (type pdf)
<use Exhibits/Display/collection4/collection4.pdf, page 15>
Package pdftex.def Info: Exhibits/Display/collection4/collection4.pdf , page15 used on input line 4.
(pdftex.def)             Requested size: 560.88841pt x 795.7013pt.
[633

 <./Exhibits/Display/collection4/collection4.pdf>]
<Exhibits/Display/collection4/collection4.pdf, id=8988, page=16, 421.21367pt x 597.55246pt>
File: Exhibits/Display/collection4/collection4.pdf Graphic file (type pdf)
<use Exhibits/Display/collection4/collection4.pdf, page 16>
Package pdftex.def Info: Exhibits/Display/collection4/collection4.pdf , page16 used on input line 4.
(pdftex.def)             Requested size: 560.88841pt x 795.7013pt.
File: Exhibits/Display/collection4/collection4.pdf Graphic file (type pdf)
<use Exhibits/Display/collection4/collection4.pdf, page 16>
Package pdftex.def Info: Exhibits/Display/collection4/collection4.pdf , page16 used on input line 4.
(pdftex.def)             Requested size: 560.88841pt x 795.7013pt.


File: Exhibits/Display/collection4/collection4.pdf Graphic file (type pdf)
<use Exhibits/Display/collection4/collection4.pdf, page 16>
Package pdftex.def Info: Exhibits/Display/collection4/collection4.pdf , page16 used on input line 4.
(pdftex.def)             Requested size: 560.88841pt x 795.7013pt.
[634

 <./Exhibits/Display/collection4/collection4.pdf>]
<Exhibits/Display/collection4/collection4.pdf, id=8994, page=17, 421.21367pt x 597.55246pt>
File: Exhibits/Display/collection4/collection4.pdf Graphic file (type pdf)
<use Exhibits/Display/collection4/collection4.pdf, page 17>
Package pdftex.def Info: Exhibits/Display/collection4/collection4.pdf , page17 used on input line 4.
(pdftex.def)             Requested size: 560.88841pt x 795.7013pt.
File: Exhibits/Display/collection4/collection4.pdf Graphic file (type pdf)
<use Exhibits/Display/collection4/collection4.pdf, page 17>
Package pdftex.def Info: Exhibits/Display/collection4/collection4.pdf , page17 used on input line 4.
(pdftex.def)             Requested size: 560.88841pt x 795.7013pt.


File: Exhibits/Display/collection4/collection4.pdf Graphic file (type pdf)
<use Exhibits/Display/collection4/collection4.pdf, page 17>
Package pdftex.def Info: Exhibits/Display/collection4/collection4.pdf , page17 used on input line 4.
(pdftex.def)             Requested size: 560.88841pt x 795.7013pt.
[635

 <./Exhibits/Display/collection4/collection4.pdf>]
<Exhibits/Display/collection4/collection4.pdf, id=9000, page=18, 421.21367pt x 597.55246pt>
File: Exhibits/Display/collection4/collection4.pdf Graphic file (type pdf)
<use Exhibits/Display/collection4/collection4.pdf, page 18>
Package pdftex.def Info: Exhibits/Display/collection4/collection4.pdf , page18 used on input line 4.
(pdftex.def)             Requested size: 560.88841pt x 795.7013pt.
File: Exhibits/Display/collection4/collection4.pdf Graphic file (type pdf)
<use Exhibits/Display/collection4/collection4.pdf, page 18>
Package pdftex.def Info: Exhibits/Display/collection4/collection4.pdf , page18 used on input line 4.
(pdftex.def)             Requested size: 560.88841pt x 795.7013pt.


File: Exhibits/Display/collection4/collection4.pdf Graphic file (type pdf)
<use Exhibits/Display/collection4/collection4.pdf, page 18>
Package pdftex.def Info: Exhibits/Display/collection4/collection4.pdf , page18 used on input line 4.
(pdftex.def)             Requested size: 560.88841pt x 795.7013pt.
[636

 <./Exhibits/Display/collection4/collection4.pdf>]) (./Exhibits/Display/collection5/collection5.tex

[637


]
<Exhibits/Display/collection5/collection5.pdf, id=9012, 597.55246pt x 845.19763pt>
File: Exhibits/Display/collection5/collection5.pdf Graphic file (type pdf)
<use Exhibits/Display/collection5/collection5.pdf>
Package pdftex.def Info: Exhibits/Display/collection5/collection5.pdf  used on input line 4.
(pdftex.def)             Requested size: 597.551pt x 845.19557pt.
<Exhibits/Display/collection5/collection5.pdf, id=9014, page=1, 597.55246pt x 845.19763pt>
File: Exhibits/Display/collection5/collection5.pdf Graphic file (type pdf)
<use Exhibits/Display/collection5/collection5.pdf, page 1>
Package pdftex.def Info: Exhibits/Display/collection5/collection5.pdf , page1 used on input line 4.
(pdftex.def)             Requested size: 597.551pt x 845.19557pt.
File: Exhibits/Display/collection5/collection5.pdf Graphic file (type pdf)
<use Exhibits/Display/collection5/collection5.pdf, page 1>
Package pdftex.def Info: Exhibits/Display/collection5/collection5.pdf , page1 used on input line 4.
(pdftex.def)             Requested size: 562.1644pt x 795.14362pt.
File: Exhibits/Display/collection5/collection5.pdf Graphic file (type pdf)
<use Exhibits/Display/collection5/collection5.pdf, page 1>
Package pdftex.def Info: Exhibits/Display/collection5/collection5.pdf , page1 used on input line 4.
(pdftex.def)             Requested size: 562.1644pt x 795.14362pt.
File: Exhibits/Display/collection5/collection5.pdf Graphic file (type pdf)
<use Exhibits/Display/collection5/collection5.pdf, page 1>
Package pdftex.def Info: Exhibits/Display/collection5/collection5.pdf , page1 used on input line 4.
(pdftex.def)             Requested size: 562.1644pt x 795.14362pt.


File: Exhibits/Display/collection5/collection5.pdf Graphic file (type pdf)
<use Exhibits/Display/collection5/collection5.pdf, page 1>
Package pdftex.def Info: Exhibits/Display/collection5/collection5.pdf , page1 used on input line 4.
(pdftex.def)             Requested size: 562.1644pt x 795.14362pt.
[638


 <./Exhibits/Display/collection5/collection5.pdf>]
<Exhibits/Display/collection5/collection5.pdf, id=9028, page=2, 597.55246pt x 845.19763pt>
File: Exhibits/Display/collection5/collection5.pdf Graphic file (type pdf)
<use Exhibits/Display/collection5/collection5.pdf, page 2>
Package pdftex.def Info: Exhibits/Display/collection5/collection5.pdf , page2 used on input line 4.
(pdftex.def)             Requested size: 562.1644pt x 795.14362pt.
File: Exhibits/Display/collection5/collection5.pdf Graphic file (type pdf)
<use Exhibits/Display/collection5/collection5.pdf, page 2>
Package pdftex.def Info: Exhibits/Display/collection5/collection5.pdf , page2 used on input line 4.
(pdftex.def)             Requested size: 562.1644pt x 795.14362pt.


File: Exhibits/Display/collection5/collection5.pdf Graphic file (type pdf)
<use Exhibits/Display/collection5/collection5.pdf, page 2>
Package pdftex.def Info: Exhibits/Display/collection5/collection5.pdf , page2 used on input line 4.
(pdftex.def)             Requested size: 562.1644pt x 795.14362pt.
[639

 <./Exhibits/Display/collection5/collection5.pdf>]
<Exhibits/Display/collection5/collection5.pdf, id=9054, page=3, 597.55246pt x 845.19763pt>
File: Exhibits/Display/collection5/collection5.pdf Graphic file (type pdf)
<use Exhibits/Display/collection5/collection5.pdf, page 3>
Package pdftex.def Info: Exhibits/Display/collection5/collection5.pdf , page3 used on input line 4.
(pdftex.def)             Requested size: 562.1644pt x 795.14362pt.
File: Exhibits/Display/collection5/collection5.pdf Graphic file (type pdf)
<use Exhibits/Display/collection5/collection5.pdf, page 3>
Package pdftex.def Info: Exhibits/Display/collection5/collection5.pdf , page3 used on input line 4.
(pdftex.def)             Requested size: 562.1644pt x 795.14362pt.


File: Exhibits/Display/collection5/collection5.pdf Graphic file (type pdf)
<use Exhibits/Display/collection5/collection5.pdf, page 3>
Package pdftex.def Info: Exhibits/Display/collection5/collection5.pdf , page3 used on input line 4.
(pdftex.def)             Requested size: 562.1644pt x 795.14362pt.
[640

 <./Exhibits/Display/collection5/collection5.pdf>]
<Exhibits/Display/collection5/collection5.pdf, id=9072, page=4, 597.55246pt x 845.19763pt>
File: Exhibits/Display/collection5/collection5.pdf Graphic file (type pdf)
<use Exhibits/Display/collection5/collection5.pdf, page 4>
Package pdftex.def Info: Exhibits/Display/collection5/collection5.pdf , page4 used on input line 4.
(pdftex.def)             Requested size: 562.1644pt x 795.14362pt.
File: Exhibits/Display/collection5/collection5.pdf Graphic file (type pdf)
<use Exhibits/Display/collection5/collection5.pdf, page 4>
Package pdftex.def Info: Exhibits/Display/collection5/collection5.pdf , page4 used on input line 4.
(pdftex.def)             Requested size: 562.1644pt x 795.14362pt.


File: Exhibits/Display/collection5/collection5.pdf Graphic file (type pdf)
<use Exhibits/Display/collection5/collection5.pdf, page 4>
Package pdftex.def Info: Exhibits/Display/collection5/collection5.pdf , page4 used on input line 4.
(pdftex.def)             Requested size: 562.1644pt x 795.14362pt.
[641

 <./Exhibits/Display/collection5/collection5.pdf>]
<Exhibits/Display/collection5/collection5.pdf, id=9078, page=5, 597.55246pt x 845.19763pt>
File: Exhibits/Display/collection5/collection5.pdf Graphic file (type pdf)
<use Exhibits/Display/collection5/collection5.pdf, page 5>
Package pdftex.def Info: Exhibits/Display/collection5/collection5.pdf , page5 used on input line 4.
(pdftex.def)             Requested size: 562.1644pt x 795.14362pt.
File: Exhibits/Display/collection5/collection5.pdf Graphic file (type pdf)
<use Exhibits/Display/collection5/collection5.pdf, page 5>
Package pdftex.def Info: Exhibits/Display/collection5/collection5.pdf , page5 used on input line 4.
(pdftex.def)             Requested size: 562.1644pt x 795.14362pt.


File: Exhibits/Display/collection5/collection5.pdf Graphic file (type pdf)
<use Exhibits/Display/collection5/collection5.pdf, page 5>
Package pdftex.def Info: Exhibits/Display/collection5/collection5.pdf , page5 used on input line 4.
(pdftex.def)             Requested size: 562.1644pt x 795.14362pt.
[642

 <./Exhibits/Display/collection5/collection5.pdf>]
<Exhibits/Display/collection5/collection5.pdf, id=9085, page=6, 597.55246pt x 845.19763pt>
File: Exhibits/Display/collection5/collection5.pdf Graphic file (type pdf)
<use Exhibits/Display/collection5/collection5.pdf, page 6>
Package pdftex.def Info: Exhibits/Display/collection5/collection5.pdf , page6 used on input line 4.
(pdftex.def)             Requested size: 562.1644pt x 795.14362pt.
File: Exhibits/Display/collection5/collection5.pdf Graphic file (type pdf)
<use Exhibits/Display/collection5/collection5.pdf, page 6>
Package pdftex.def Info: Exhibits/Display/collection5/collection5.pdf , page6 used on input line 4.
(pdftex.def)             Requested size: 562.1644pt x 795.14362pt.


File: Exhibits/Display/collection5/collection5.pdf Graphic file (type pdf)
<use Exhibits/Display/collection5/collection5.pdf, page 6>
Package pdftex.def Info: Exhibits/Display/collection5/collection5.pdf , page6 used on input line 4.
(pdftex.def)             Requested size: 562.1644pt x 795.14362pt.
[643

 <./Exhibits/Display/collection5/collection5.pdf>]
<Exhibits/Display/collection5/collection5.pdf, id=9092, page=7, 597.55246pt x 845.19763pt>
File: Exhibits/Display/collection5/collection5.pdf Graphic file (type pdf)
<use Exhibits/Display/collection5/collection5.pdf, page 7>
Package pdftex.def Info: Exhibits/Display/collection5/collection5.pdf , page7 used on input line 4.
(pdftex.def)             Requested size: 562.1644pt x 795.14362pt.
File: Exhibits/Display/collection5/collection5.pdf Graphic file (type pdf)
<use Exhibits/Display/collection5/collection5.pdf, page 7>
Package pdftex.def Info: Exhibits/Display/collection5/collection5.pdf , page7 used on input line 4.
(pdftex.def)             Requested size: 562.1644pt x 795.14362pt.


File: Exhibits/Display/collection5/collection5.pdf Graphic file (type pdf)
<use Exhibits/Display/collection5/collection5.pdf, page 7>
Package pdftex.def Info: Exhibits/Display/collection5/collection5.pdf , page7 used on input line 4.
(pdftex.def)             Requested size: 562.1644pt x 795.14362pt.
[644

 <./Exhibits/Display/collection5/collection5.pdf>]
<Exhibits/Display/collection5/collection5.pdf, id=9098, page=8, 597.55246pt x 845.19763pt>
File: Exhibits/Display/collection5/collection5.pdf Graphic file (type pdf)
<use Exhibits/Display/collection5/collection5.pdf, page 8>
Package pdftex.def Info: Exhibits/Display/collection5/collection5.pdf , page8 used on input line 4.
(pdftex.def)             Requested size: 562.1644pt x 795.14362pt.
File: Exhibits/Display/collection5/collection5.pdf Graphic file (type pdf)
<use Exhibits/Display/collection5/collection5.pdf, page 8>
Package pdftex.def Info: Exhibits/Display/collection5/collection5.pdf , page8 used on input line 4.
(pdftex.def)             Requested size: 562.1644pt x 795.14362pt.


File: Exhibits/Display/collection5/collection5.pdf Graphic file (type pdf)
<use Exhibits/Display/collection5/collection5.pdf, page 8>
Package pdftex.def Info: Exhibits/Display/collection5/collection5.pdf , page8 used on input line 4.
(pdftex.def)             Requested size: 562.1644pt x 795.14362pt.
[645

 <./Exhibits/Display/collection5/collection5.pdf>]
<Exhibits/Display/collection5/collection5.pdf, id=9104, page=9, 597.55246pt x 845.19763pt>
File: Exhibits/Display/collection5/collection5.pdf Graphic file (type pdf)
<use Exhibits/Display/collection5/collection5.pdf, page 9>
Package pdftex.def Info: Exhibits/Display/collection5/collection5.pdf , page9 used on input line 4.
(pdftex.def)             Requested size: 562.1644pt x 795.14362pt.
File: Exhibits/Display/collection5/collection5.pdf Graphic file (type pdf)
<use Exhibits/Display/collection5/collection5.pdf, page 9>
Package pdftex.def Info: Exhibits/Display/collection5/collection5.pdf , page9 used on input line 4.
(pdftex.def)             Requested size: 562.1644pt x 795.14362pt.


File: Exhibits/Display/collection5/collection5.pdf Graphic file (type pdf)
<use Exhibits/Display/collection5/collection5.pdf, page 9>
Package pdftex.def Info: Exhibits/Display/collection5/collection5.pdf , page9 used on input line 4.
(pdftex.def)             Requested size: 562.1644pt x 795.14362pt.
[646

 <./Exhibits/Display/collection5/collection5.pdf>]
<Exhibits/Display/collection5/collection5.pdf, id=9110, page=10, 597.55246pt x 845.19763pt>
File: Exhibits/Display/collection5/collection5.pdf Graphic file (type pdf)
<use Exhibits/Display/collection5/collection5.pdf, page 10>
Package pdftex.def Info: Exhibits/Display/collection5/collection5.pdf , page10 used on input line 4.
(pdftex.def)             Requested size: 562.1644pt x 795.14362pt.
File: Exhibits/Display/collection5/collection5.pdf Graphic file (type pdf)
<use Exhibits/Display/collection5/collection5.pdf, page 10>
Package pdftex.def Info: Exhibits/Display/collection5/collection5.pdf , page10 used on input line 4.
(pdftex.def)             Requested size: 562.1644pt x 795.14362pt.


File: Exhibits/Display/collection5/collection5.pdf Graphic file (type pdf)
<use Exhibits/Display/collection5/collection5.pdf, page 10>
Package pdftex.def Info: Exhibits/Display/collection5/collection5.pdf , page10 used on input line 4.
(pdftex.def)             Requested size: 562.1644pt x 795.14362pt.
[647

 <./Exhibits/Display/collection5/collection5.pdf>]
<Exhibits/Display/collection5/collection5.pdf, id=9116, page=11, 597.55246pt x 845.19763pt>
File: Exhibits/Display/collection5/collection5.pdf Graphic file (type pdf)
<use Exhibits/Display/collection5/collection5.pdf, page 11>
Package pdftex.def Info: Exhibits/Display/collection5/collection5.pdf , page11 used on input line 4.
(pdftex.def)             Requested size: 562.1644pt x 795.14362pt.
File: Exhibits/Display/collection5/collection5.pdf Graphic file (type pdf)
<use Exhibits/Display/collection5/collection5.pdf, page 11>
Package pdftex.def Info: Exhibits/Display/collection5/collection5.pdf , page11 used on input line 4.
(pdftex.def)             Requested size: 562.1644pt x 795.14362pt.


File: Exhibits/Display/collection5/collection5.pdf Graphic file (type pdf)
<use Exhibits/Display/collection5/collection5.pdf, page 11>
Package pdftex.def Info: Exhibits/Display/collection5/collection5.pdf , page11 used on input line 4.
(pdftex.def)             Requested size: 562.1644pt x 795.14362pt.
[648

 <./Exhibits/Display/collection5/collection5.pdf>]
<Exhibits/Display/collection5/collection5.pdf, id=9125, page=12, 597.55246pt x 845.19763pt>
File: Exhibits/Display/collection5/collection5.pdf Graphic file (type pdf)
<use Exhibits/Display/collection5/collection5.pdf, page 12>
Package pdftex.def Info: Exhibits/Display/collection5/collection5.pdf , page12 used on input line 4.
(pdftex.def)             Requested size: 562.1644pt x 795.14362pt.
File: Exhibits/Display/collection5/collection5.pdf Graphic file (type pdf)
<use Exhibits/Display/collection5/collection5.pdf, page 12>
Package pdftex.def Info: Exhibits/Display/collection5/collection5.pdf , page12 used on input line 4.
(pdftex.def)             Requested size: 562.1644pt x 795.14362pt.


File: Exhibits/Display/collection5/collection5.pdf Graphic file (type pdf)
<use Exhibits/Display/collection5/collection5.pdf, page 12>
Package pdftex.def Info: Exhibits/Display/collection5/collection5.pdf , page12 used on input line 4.
(pdftex.def)             Requested size: 562.1644pt x 795.14362pt.
[649

 <./Exhibits/Display/collection5/collection5.pdf>]
<Exhibits/Display/collection5/collection5.pdf, id=9132, page=13, 597.55246pt x 845.19763pt>
File: Exhibits/Display/collection5/collection5.pdf Graphic file (type pdf)
<use Exhibits/Display/collection5/collection5.pdf, page 13>
Package pdftex.def Info: Exhibits/Display/collection5/collection5.pdf , page13 used on input line 4.
(pdftex.def)             Requested size: 562.1644pt x 795.14362pt.
File: Exhibits/Display/collection5/collection5.pdf Graphic file (type pdf)
<use Exhibits/Display/collection5/collection5.pdf, page 13>
Package pdftex.def Info: Exhibits/Display/collection5/collection5.pdf , page13 used on input line 4.
(pdftex.def)             Requested size: 562.1644pt x 795.14362pt.


File: Exhibits/Display/collection5/collection5.pdf Graphic file (type pdf)
<use Exhibits/Display/collection5/collection5.pdf, page 13>
Package pdftex.def Info: Exhibits/Display/collection5/collection5.pdf , page13 used on input line 4.
(pdftex.def)             Requested size: 562.1644pt x 795.14362pt.
[650

 <./Exhibits/Display/collection5/collection5.pdf>]
<Exhibits/Display/collection5/collection5.pdf, id=9138, page=14, 597.55246pt x 845.19763pt>
File: Exhibits/Display/collection5/collection5.pdf Graphic file (type pdf)
<use Exhibits/Display/collection5/collection5.pdf, page 14>
Package pdftex.def Info: Exhibits/Display/collection5/collection5.pdf , page14 used on input line 4.
(pdftex.def)             Requested size: 562.1644pt x 795.14362pt.
File: Exhibits/Display/collection5/collection5.pdf Graphic file (type pdf)
<use Exhibits/Display/collection5/collection5.pdf, page 14>
Package pdftex.def Info: Exhibits/Display/collection5/collection5.pdf , page14 used on input line 4.
(pdftex.def)             Requested size: 562.1644pt x 795.14362pt.


File: Exhibits/Display/collection5/collection5.pdf Graphic file (type pdf)
<use Exhibits/Display/collection5/collection5.pdf, page 14>
Package pdftex.def Info: Exhibits/Display/collection5/collection5.pdf , page14 used on input line 4.
(pdftex.def)             Requested size: 562.1644pt x 795.14362pt.
[651

 <./Exhibits/Display/collection5/collection5.pdf>]) (./Exhibits/Display/diploma5/diploma5.tex

[652


]
<Exhibits/Display/diploma5/diploma5.pdf, id=9149, 597.55246pt x 845.07718pt>
File: Exhibits/Display/diploma5/diploma5.pdf Graphic file (type pdf)
<use Exhibits/Display/diploma5/diploma5.pdf>
Package pdftex.def Info: Exhibits/Display/diploma5/diploma5.pdf  used on input line 4.
(pdftex.def)             Requested size: 597.551pt x 845.07512pt.
<Exhibits/Display/diploma5/diploma5.pdf, id=9151, page=1, 597.55246pt x 845.07718pt>
File: Exhibits/Display/diploma5/diploma5.pdf Graphic file (type pdf)
<use Exhibits/Display/diploma5/diploma5.pdf, page 1>
Package pdftex.def Info: Exhibits/Display/diploma5/diploma5.pdf , page1 used on input line 4.
(pdftex.def)             Requested size: 597.551pt x 845.07512pt.
File: Exhibits/Display/diploma5/diploma5.pdf Graphic file (type pdf)
<use Exhibits/Display/diploma5/diploma5.pdf, page 1>
Package pdftex.def Info: Exhibits/Display/diploma5/diploma5.pdf , page1 used on input line 4.
(pdftex.def)             Requested size: 562.1644pt x 795.0303pt.
File: Exhibits/Display/diploma5/diploma5.pdf Graphic file (type pdf)
<use Exhibits/Display/diploma5/diploma5.pdf, page 1>
Package pdftex.def Info: Exhibits/Display/diploma5/diploma5.pdf , page1 used on input line 4.
(pdftex.def)             Requested size: 562.1644pt x 795.0303pt.
File: Exhibits/Display/diploma5/diploma5.pdf Graphic file (type pdf)
<use Exhibits/Display/diploma5/diploma5.pdf, page 1>
Package pdftex.def Info: Exhibits/Display/diploma5/diploma5.pdf , page1 used on input line 4.
(pdftex.def)             Requested size: 562.1644pt x 795.0303pt.


File: Exhibits/Display/diploma5/diploma5.pdf Graphic file (type pdf)
<use Exhibits/Display/diploma5/diploma5.pdf, page 1>
Package pdftex.def Info: Exhibits/Display/diploma5/diploma5.pdf , page1 used on input line 4.
(pdftex.def)             Requested size: 562.1644pt x 795.0303pt.
[653


 <./Exhibits/Display/diploma5/diploma5.pdf>]) (./Exhibits/Display/ProfitEducationDay2023/ProfitEducationDay2023.tex

[654


]
<Exhibits/Display/ProfitEducationDay2023/ProfitEducationDay2023.pdf, id=9189, 963.6pt x 542.025pt>
File: Exhibits/Display/ProfitEducationDay2023/ProfitEducationDay2023.pdf Graphic file (type pdf)
<use Exhibits/Display/ProfitEducationDay2023/ProfitEducationDay2023.pdf>
Package pdftex.def Info: Exhibits/Display/ProfitEducationDay2023/ProfitEducationDay2023.pdf  used on input line 4.
(pdftex.def)             Requested size: 963.59766pt x 542.02367pt.
<Exhibits/Display/ProfitEducationDay2023/ProfitEducationDay2023.pdf, id=9191, page=1, 963.6pt x 542.025pt>
File: Exhibits/Display/ProfitEducationDay2023/ProfitEducationDay2023.pdf Graphic file (type pdf)
<use Exhibits/Display/ProfitEducationDay2023/ProfitEducationDay2023.pdf, page 1>
Package pdftex.def Info: Exhibits/Display/ProfitEducationDay2023/ProfitEducationDay2023.pdf , page1 used on input line 4.
(pdftex.def)             Requested size: 963.59766pt x 542.02367pt.
File: Exhibits/Display/ProfitEducationDay2023/ProfitEducationDay2023.pdf Graphic file (type pdf)
<use Exhibits/Display/ProfitEducationDay2023/ProfitEducationDay2023.pdf, page 1>
Package pdftex.def Info: Exhibits/Display/ProfitEducationDay2023/ProfitEducationDay2023.pdf , page1 used on input line 4.
(pdftex.def)             Requested size: 614.67285pt x 345.75346pt.
File: Exhibits/Display/ProfitEducationDay2023/ProfitEducationDay2023.pdf Graphic file (type pdf)
<use Exhibits/Display/ProfitEducationDay2023/ProfitEducationDay2023.pdf, page 1>
Package pdftex.def Info: Exhibits/Display/ProfitEducationDay2023/ProfitEducationDay2023.pdf , page1 used on input line 4.
(pdftex.def)             Requested size: 614.67285pt x 345.75346pt.
File: Exhibits/Display/ProfitEducationDay2023/ProfitEducationDay2023.pdf Graphic file (type pdf)
<use Exhibits/Display/ProfitEducationDay2023/ProfitEducationDay2023.pdf, page 1>
Package pdftex.def Info: Exhibits/Display/ProfitEducationDay2023/ProfitEducationDay2023.pdf , page1 used on input line 4.
(pdftex.def)             Requested size: 614.67285pt x 345.75346pt.


File: Exhibits/Display/ProfitEducationDay2023/ProfitEducationDay2023.pdf Graphic file (type pdf)
<use Exhibits/Display/ProfitEducationDay2023/ProfitEducationDay2023.pdf, page 1>
Package pdftex.def Info: Exhibits/Display/ProfitEducationDay2023/ProfitEducationDay2023.pdf , page1 used on input line 4.
(pdftex.def)             Requested size: 614.67285pt x 345.75346pt.
[655


 <./Exhibits/Display/ProfitEducationDay2023/ProfitEducationDay2023.pdf>]
<Exhibits/Display/ProfitEducationDay2023/ProfitEducationDay2023.pdf, id=9207, page=2, 963.6pt x 542.025pt>
File: Exhibits/Display/ProfitEducationDay2023/ProfitEducationDay2023.pdf Graphic file (type pdf)
<use Exhibits/Display/ProfitEducationDay2023/ProfitEducationDay2023.pdf, page 2>
Package pdftex.def Info: Exhibits/Display/ProfitEducationDay2023/ProfitEducationDay2023.pdf , page2 used on input line 4.
(pdftex.def)             Requested size: 614.67285pt x 345.75346pt.
File: Exhibits/Display/ProfitEducationDay2023/ProfitEducationDay2023.pdf Graphic file (type pdf)
<use Exhibits/Display/ProfitEducationDay2023/ProfitEducationDay2023.pdf, page 2>
Package pdftex.def Info: Exhibits/Display/ProfitEducationDay2023/ProfitEducationDay2023.pdf , page2 used on input line 4.
(pdftex.def)             Requested size: 614.67285pt x 345.75346pt.


File: Exhibits/Display/ProfitEducationDay2023/ProfitEducationDay2023.pdf Graphic file (type pdf)
<use Exhibits/Display/ProfitEducationDay2023/ProfitEducationDay2023.pdf, page 2>
Package pdftex.def Info: Exhibits/Display/ProfitEducationDay2023/ProfitEducationDay2023.pdf , page2 used on input line 4.
(pdftex.def)             Requested size: 614.67285pt x 345.75346pt.
[656

 <./Exhibits/Display/ProfitEducationDay2023/ProfitEducationDay2023.pdf>]
<Exhibits/Display/ProfitEducationDay2023/ProfitEducationDay2023.pdf, id=9213, page=3, 963.6pt x 542.025pt>
File: Exhibits/Display/ProfitEducationDay2023/ProfitEducationDay2023.pdf Graphic file (type pdf)
<use Exhibits/Display/ProfitEducationDay2023/ProfitEducationDay2023.pdf, page 3>
Package pdftex.def Info: Exhibits/Display/ProfitEducationDay2023/ProfitEducationDay2023.pdf , page3 used on input line 4.
(pdftex.def)             Requested size: 614.67285pt x 345.75346pt.
File: Exhibits/Display/ProfitEducationDay2023/ProfitEducationDay2023.pdf Graphic file (type pdf)
<use Exhibits/Display/ProfitEducationDay2023/ProfitEducationDay2023.pdf, page 3>
Package pdftex.def Info: Exhibits/Display/ProfitEducationDay2023/ProfitEducationDay2023.pdf , page3 used on input line 4.
(pdftex.def)             Requested size: 614.67285pt x 345.75346pt.


File: Exhibits/Display/ProfitEducationDay2023/ProfitEducationDay2023.pdf Graphic file (type pdf)
<use Exhibits/Display/ProfitEducationDay2023/ProfitEducationDay2023.pdf, page 3>
Package pdftex.def Info: Exhibits/Display/ProfitEducationDay2023/ProfitEducationDay2023.pdf , page3 used on input line 4.
(pdftex.def)             Requested size: 614.67285pt x 345.75346pt.
[657

 <./Exhibits/Display/ProfitEducationDay2023/ProfitEducationDay2023.pdf>]
<Exhibits/Display/ProfitEducationDay2023/ProfitEducationDay2023.pdf, id=9219, page=4, 963.6pt x 542.025pt>
File: Exhibits/Display/ProfitEducationDay2023/ProfitEducationDay2023.pdf Graphic file (type pdf)
<use Exhibits/Display/ProfitEducationDay2023/ProfitEducationDay2023.pdf, page 4>
Package pdftex.def Info: Exhibits/Display/ProfitEducationDay2023/ProfitEducationDay2023.pdf , page4 used on input line 4.
(pdftex.def)             Requested size: 614.67285pt x 345.75346pt.
File: Exhibits/Display/ProfitEducationDay2023/ProfitEducationDay2023.pdf Graphic file (type pdf)
<use Exhibits/Display/ProfitEducationDay2023/ProfitEducationDay2023.pdf, page 4>
Package pdftex.def Info: Exhibits/Display/ProfitEducationDay2023/ProfitEducationDay2023.pdf , page4 used on input line 4.
(pdftex.def)             Requested size: 614.67285pt x 345.75346pt.


File: Exhibits/Display/ProfitEducationDay2023/ProfitEducationDay2023.pdf Graphic file (type pdf)
<use Exhibits/Display/ProfitEducationDay2023/ProfitEducationDay2023.pdf, page 4>
Package pdftex.def Info: Exhibits/Display/ProfitEducationDay2023/ProfitEducationDay2023.pdf , page4 used on input line 4.
(pdftex.def)             Requested size: 614.67285pt x 345.75346pt.
[658

 <./Exhibits/Display/ProfitEducationDay2023/ProfitEducationDay2023.pdf>]
<Exhibits/Display/ProfitEducationDay2023/ProfitEducationDay2023.pdf, id=9231, page=5, 963.6pt x 542.025pt>
File: Exhibits/Display/ProfitEducationDay2023/ProfitEducationDay2023.pdf Graphic file (type pdf)
<use Exhibits/Display/ProfitEducationDay2023/ProfitEducationDay2023.pdf, page 5>
Package pdftex.def Info: Exhibits/Display/ProfitEducationDay2023/ProfitEducationDay2023.pdf , page5 used on input line 4.
(pdftex.def)             Requested size: 614.67285pt x 345.75346pt.
File: Exhibits/Display/ProfitEducationDay2023/ProfitEducationDay2023.pdf Graphic file (type pdf)
<use Exhibits/Display/ProfitEducationDay2023/ProfitEducationDay2023.pdf, page 5>
Package pdftex.def Info: Exhibits/Display/ProfitEducationDay2023/ProfitEducationDay2023.pdf , page5 used on input line 4.
(pdftex.def)             Requested size: 614.67285pt x 345.75346pt.


File: Exhibits/Display/ProfitEducationDay2023/ProfitEducationDay2023.pdf Graphic file (type pdf)
<use Exhibits/Display/ProfitEducationDay2023/ProfitEducationDay2023.pdf, page 5>
Package pdftex.def Info: Exhibits/Display/ProfitEducationDay2023/ProfitEducationDay2023.pdf , page5 used on input line 4.
(pdftex.def)             Requested size: 614.67285pt x 345.75346pt.
[659

 <./Exhibits/Display/ProfitEducationDay2023/ProfitEducationDay2023.pdf>]
<Exhibits/Display/ProfitEducationDay2023/ProfitEducationDay2023.pdf, id=9239, page=6, 963.6pt x 542.025pt>
File: Exhibits/Display/ProfitEducationDay2023/ProfitEducationDay2023.pdf Graphic file (type pdf)
<use Exhibits/Display/ProfitEducationDay2023/ProfitEducationDay2023.pdf, page 6>
Package pdftex.def Info: Exhibits/Display/ProfitEducationDay2023/ProfitEducationDay2023.pdf , page6 used on input line 4.
(pdftex.def)             Requested size: 614.67285pt x 345.75346pt.
File: Exhibits/Display/ProfitEducationDay2023/ProfitEducationDay2023.pdf Graphic file (type pdf)
<use Exhibits/Display/ProfitEducationDay2023/ProfitEducationDay2023.pdf, page 6>
Package pdftex.def Info: Exhibits/Display/ProfitEducationDay2023/ProfitEducationDay2023.pdf , page6 used on input line 4.
(pdftex.def)             Requested size: 614.67285pt x 345.75346pt.


File: Exhibits/Display/ProfitEducationDay2023/ProfitEducationDay2023.pdf Graphic file (type pdf)
<use Exhibits/Display/ProfitEducationDay2023/ProfitEducationDay2023.pdf, page 6>
Package pdftex.def Info: Exhibits/Display/ProfitEducationDay2023/ProfitEducationDay2023.pdf , page6 used on input line 4.
(pdftex.def)             Requested size: 614.67285pt x 345.75346pt.
[660

 <./Exhibits/Display/ProfitEducationDay2023/ProfitEducationDay2023.pdf>]
<Exhibits/Display/ProfitEducationDay2023/ProfitEducationDay2023.pdf, id=9247, page=7, 963.6pt x 542.025pt>
File: Exhibits/Display/ProfitEducationDay2023/ProfitEducationDay2023.pdf Graphic file (type pdf)
<use Exhibits/Display/ProfitEducationDay2023/ProfitEducationDay2023.pdf, page 7>
Package pdftex.def Info: Exhibits/Display/ProfitEducationDay2023/ProfitEducationDay2023.pdf , page7 used on input line 4.
(pdftex.def)             Requested size: 614.67285pt x 345.75346pt.
File: Exhibits/Display/ProfitEducationDay2023/ProfitEducationDay2023.pdf Graphic file (type pdf)
<use Exhibits/Display/ProfitEducationDay2023/ProfitEducationDay2023.pdf, page 7>
Package pdftex.def Info: Exhibits/Display/ProfitEducationDay2023/ProfitEducationDay2023.pdf , page7 used on input line 4.
(pdftex.def)             Requested size: 614.67285pt x 345.75346pt.


File: Exhibits/Display/ProfitEducationDay2023/ProfitEducationDay2023.pdf Graphic file (type pdf)
<use Exhibits/Display/ProfitEducationDay2023/ProfitEducationDay2023.pdf, page 7>
Package pdftex.def Info: Exhibits/Display/ProfitEducationDay2023/ProfitEducationDay2023.pdf , page7 used on input line 4.
(pdftex.def)             Requested size: 614.67285pt x 345.75346pt.
[661

 <./Exhibits/Display/ProfitEducationDay2023/ProfitEducationDay2023.pdf>]
<Exhibits/Display/ProfitEducationDay2023/ProfitEducationDay2023.pdf, id=9256, page=8, 963.6pt x 542.025pt>
File: Exhibits/Display/ProfitEducationDay2023/ProfitEducationDay2023.pdf Graphic file (type pdf)
<use Exhibits/Display/ProfitEducationDay2023/ProfitEducationDay2023.pdf, page 8>
Package pdftex.def Info: Exhibits/Display/ProfitEducationDay2023/ProfitEducationDay2023.pdf , page8 used on input line 4.
(pdftex.def)             Requested size: 614.67285pt x 345.75346pt.
File: Exhibits/Display/ProfitEducationDay2023/ProfitEducationDay2023.pdf Graphic file (type pdf)
<use Exhibits/Display/ProfitEducationDay2023/ProfitEducationDay2023.pdf, page 8>
Package pdftex.def Info: Exhibits/Display/ProfitEducationDay2023/ProfitEducationDay2023.pdf , page8 used on input line 4.
(pdftex.def)             Requested size: 614.67285pt x 345.75346pt.


File: Exhibits/Display/ProfitEducationDay2023/ProfitEducationDay2023.pdf Graphic file (type pdf)
<use Exhibits/Display/ProfitEducationDay2023/ProfitEducationDay2023.pdf, page 8>
Package pdftex.def Info: Exhibits/Display/ProfitEducationDay2023/ProfitEducationDay2023.pdf , page8 used on input line 4.
(pdftex.def)             Requested size: 614.67285pt x 345.75346pt.
[662

 <./Exhibits/Display/ProfitEducationDay2023/ProfitEducationDay2023.pdf>]
<Exhibits/Display/ProfitEducationDay2023/ProfitEducationDay2023.pdf, id=9264, page=9, 963.6pt x 542.025pt>
File: Exhibits/Display/ProfitEducationDay2023/ProfitEducationDay2023.pdf Graphic file (type pdf)
<use Exhibits/Display/ProfitEducationDay2023/ProfitEducationDay2023.pdf, page 9>
Package pdftex.def Info: Exhibits/Display/ProfitEducationDay2023/ProfitEducationDay2023.pdf , page9 used on input line 4.
(pdftex.def)             Requested size: 614.67285pt x 345.75346pt.
File: Exhibits/Display/ProfitEducationDay2023/ProfitEducationDay2023.pdf Graphic file (type pdf)
<use Exhibits/Display/ProfitEducationDay2023/ProfitEducationDay2023.pdf, page 9>
Package pdftex.def Info: Exhibits/Display/ProfitEducationDay2023/ProfitEducationDay2023.pdf , page9 used on input line 4.
(pdftex.def)             Requested size: 614.67285pt x 345.75346pt.


File: Exhibits/Display/ProfitEducationDay2023/ProfitEducationDay2023.pdf Graphic file (type pdf)
<use Exhibits/Display/ProfitEducationDay2023/ProfitEducationDay2023.pdf, page 9>
Package pdftex.def Info: Exhibits/Display/ProfitEducationDay2023/ProfitEducationDay2023.pdf , page9 used on input line 4.
(pdftex.def)             Requested size: 614.67285pt x 345.75346pt.
[663

 <./Exhibits/Display/ProfitEducationDay2023/ProfitEducationDay2023.pdf>]
<Exhibits/Display/ProfitEducationDay2023/ProfitEducationDay2023.pdf, id=9274, page=10, 963.6pt x 542.025pt>
File: Exhibits/Display/ProfitEducationDay2023/ProfitEducationDay2023.pdf Graphic file (type pdf)
<use Exhibits/Display/ProfitEducationDay2023/ProfitEducationDay2023.pdf, page 10>
Package pdftex.def Info: Exhibits/Display/ProfitEducationDay2023/ProfitEducationDay2023.pdf , page10 used on input line 4.
(pdftex.def)             Requested size: 614.67285pt x 345.75346pt.
File: Exhibits/Display/ProfitEducationDay2023/ProfitEducationDay2023.pdf Graphic file (type pdf)
<use Exhibits/Display/ProfitEducationDay2023/ProfitEducationDay2023.pdf, page 10>
Package pdftex.def Info: Exhibits/Display/ProfitEducationDay2023/ProfitEducationDay2023.pdf , page10 used on input line 4.
(pdftex.def)             Requested size: 614.67285pt x 345.75346pt.


File: Exhibits/Display/ProfitEducationDay2023/ProfitEducationDay2023.pdf Graphic file (type pdf)
<use Exhibits/Display/ProfitEducationDay2023/ProfitEducationDay2023.pdf, page 10>
Package pdftex.def Info: Exhibits/Display/ProfitEducationDay2023/ProfitEducationDay2023.pdf , page10 used on input line 4.
(pdftex.def)             Requested size: 614.67285pt x 345.75346pt.
[664

 <./Exhibits/Display/ProfitEducationDay2023/ProfitEducationDay2023.pdf>]) (./Exhibits/Display/SmartSityDay2023/SmartSityDay2023.tex

[665

]
<Exhibits/Display/SmartSityDay2023/SmartSityDay2023.pdf, id=9287, 845.04686pt x 597.50786pt>
File: Exhibits/Display/SmartSityDay2023/SmartSityDay2023.pdf Graphic file (type pdf)
<use Exhibits/Display/SmartSityDay2023/SmartSityDay2023.pdf>
Package pdftex.def Info: Exhibits/Display/SmartSityDay2023/SmartSityDay2023.pdf  used on input line 4.
(pdftex.def)             Requested size: 845.0448pt x 597.5064pt.
<Exhibits/Display/SmartSityDay2023/SmartSityDay2023.pdf, id=9289, page=1, 845.04686pt x 597.50786pt>
File: Exhibits/Display/SmartSityDay2023/SmartSityDay2023.pdf Graphic file (type pdf)
<use Exhibits/Display/SmartSityDay2023/SmartSityDay2023.pdf, page 1>
Package pdftex.def Info: Exhibits/Display/SmartSityDay2023/SmartSityDay2023.pdf , page1 used on input line 4.
(pdftex.def)             Requested size: 845.0448pt x 597.5064pt.
File: Exhibits/Display/SmartSityDay2023/SmartSityDay2023.pdf Graphic file (type pdf)
<use Exhibits/Display/SmartSityDay2023/SmartSityDay2023.pdf, page 1>
Package pdftex.def Info: Exhibits/Display/SmartSityDay2023/SmartSityDay2023.pdf , page1 used on input line 4.
(pdftex.def)             Requested size: 614.326pt x 434.3719pt.
File: Exhibits/Display/SmartSityDay2023/SmartSityDay2023.pdf Graphic file (type pdf)
<use Exhibits/Display/SmartSityDay2023/SmartSityDay2023.pdf, page 1>
Package pdftex.def Info: Exhibits/Display/SmartSityDay2023/SmartSityDay2023.pdf , page1 used on input line 4.
(pdftex.def)             Requested size: 614.326pt x 434.3719pt.
File: Exhibits/Display/SmartSityDay2023/SmartSityDay2023.pdf Graphic file (type pdf)
<use Exhibits/Display/SmartSityDay2023/SmartSityDay2023.pdf, page 1>
Package pdftex.def Info: Exhibits/Display/SmartSityDay2023/SmartSityDay2023.pdf , page1 used on input line 4.
(pdftex.def)             Requested size: 614.326pt x 434.3719pt.


File: Exhibits/Display/SmartSityDay2023/SmartSityDay2023.pdf Graphic file (type pdf)
<use Exhibits/Display/SmartSityDay2023/SmartSityDay2023.pdf, page 1>
Package pdftex.def Info: Exhibits/Display/SmartSityDay2023/SmartSityDay2023.pdf , page1 used on input line 4.
(pdftex.def)             Requested size: 614.326pt x 434.3719pt.
[666


 <./Exhibits/Display/SmartSityDay2023/SmartSityDay2023.pdf>]
<Exhibits/Display/SmartSityDay2023/SmartSityDay2023.pdf, id=9312, page=2, 845.04686pt x 597.50786pt>
File: Exhibits/Display/SmartSityDay2023/SmartSityDay2023.pdf Graphic file (type pdf)
<use Exhibits/Display/SmartSityDay2023/SmartSityDay2023.pdf, page 2>
Package pdftex.def Info: Exhibits/Display/SmartSityDay2023/SmartSityDay2023.pdf , page2 used on input line 4.
(pdftex.def)             Requested size: 614.326pt x 434.3719pt.
File: Exhibits/Display/SmartSityDay2023/SmartSityDay2023.pdf Graphic file (type pdf)
<use Exhibits/Display/SmartSityDay2023/SmartSityDay2023.pdf, page 2>
Package pdftex.def Info: Exhibits/Display/SmartSityDay2023/SmartSityDay2023.pdf , page2 used on input line 4.
(pdftex.def)             Requested size: 614.326pt x 434.3719pt.


File: Exhibits/Display/SmartSityDay2023/SmartSityDay2023.pdf Graphic file (type pdf)
<use Exhibits/Display/SmartSityDay2023/SmartSityDay2023.pdf, page 2>
Package pdftex.def Info: Exhibits/Display/SmartSityDay2023/SmartSityDay2023.pdf , page2 used on input line 4.
(pdftex.def)             Requested size: 614.326pt x 434.3719pt.
[667

 <./Exhibits/Display/SmartSityDay2023/SmartSityDay2023.pdf>]
<Exhibits/Display/SmartSityDay2023/SmartSityDay2023.pdf, id=9322, page=3, 845.04686pt x 597.50786pt>
File: Exhibits/Display/SmartSityDay2023/SmartSityDay2023.pdf Graphic file (type pdf)
<use Exhibits/Display/SmartSityDay2023/SmartSityDay2023.pdf, page 3>
Package pdftex.def Info: Exhibits/Display/SmartSityDay2023/SmartSityDay2023.pdf , page3 used on input line 4.
(pdftex.def)             Requested size: 614.326pt x 434.3719pt.
File: Exhibits/Display/SmartSityDay2023/SmartSityDay2023.pdf Graphic file (type pdf)
<use Exhibits/Display/SmartSityDay2023/SmartSityDay2023.pdf, page 3>
Package pdftex.def Info: Exhibits/Display/SmartSityDay2023/SmartSityDay2023.pdf , page3 used on input line 4.
(pdftex.def)             Requested size: 614.326pt x 434.3719pt.


File: Exhibits/Display/SmartSityDay2023/SmartSityDay2023.pdf Graphic file (type pdf)
<use Exhibits/Display/SmartSityDay2023/SmartSityDay2023.pdf, page 3>
Package pdftex.def Info: Exhibits/Display/SmartSityDay2023/SmartSityDay2023.pdf , page3 used on input line 4.
(pdftex.def)             Requested size: 614.326pt x 434.3719pt.
[668

 <./Exhibits/Display/SmartSityDay2023/SmartSityDay2023.pdf>]
<Exhibits/Display/SmartSityDay2023/SmartSityDay2023.pdf, id=9331, page=4, 845.04686pt x 597.50786pt>
File: Exhibits/Display/SmartSityDay2023/SmartSityDay2023.pdf Graphic file (type pdf)
<use Exhibits/Display/SmartSityDay2023/SmartSityDay2023.pdf, page 4>
Package pdftex.def Info: Exhibits/Display/SmartSityDay2023/SmartSityDay2023.pdf , page4 used on input line 4.
(pdftex.def)             Requested size: 614.326pt x 434.3719pt.
File: Exhibits/Display/SmartSityDay2023/SmartSityDay2023.pdf Graphic file (type pdf)
<use Exhibits/Display/SmartSityDay2023/SmartSityDay2023.pdf, page 4>
Package pdftex.def Info: Exhibits/Display/SmartSityDay2023/SmartSityDay2023.pdf , page4 used on input line 4.
(pdftex.def)             Requested size: 614.326pt x 434.3719pt.


File: Exhibits/Display/SmartSityDay2023/SmartSityDay2023.pdf Graphic file (type pdf)
<use Exhibits/Display/SmartSityDay2023/SmartSityDay2023.pdf, page 4>
Package pdftex.def Info: Exhibits/Display/SmartSityDay2023/SmartSityDay2023.pdf , page4 used on input line 4.
(pdftex.def)             Requested size: 614.326pt x 434.3719pt.
[669

 <./Exhibits/Display/SmartSityDay2023/SmartSityDay2023.pdf>]
<Exhibits/Display/SmartSityDay2023/SmartSityDay2023.pdf, id=9340, page=5, 845.04686pt x 597.50786pt>
File: Exhibits/Display/SmartSityDay2023/SmartSityDay2023.pdf Graphic file (type pdf)
<use Exhibits/Display/SmartSityDay2023/SmartSityDay2023.pdf, page 5>
Package pdftex.def Info: Exhibits/Display/SmartSityDay2023/SmartSityDay2023.pdf , page5 used on input line 4.
(pdftex.def)             Requested size: 614.326pt x 434.3719pt.
File: Exhibits/Display/SmartSityDay2023/SmartSityDay2023.pdf Graphic file (type pdf)
<use Exhibits/Display/SmartSityDay2023/SmartSityDay2023.pdf, page 5>
Package pdftex.def Info: Exhibits/Display/SmartSityDay2023/SmartSityDay2023.pdf , page5 used on input line 4.
(pdftex.def)             Requested size: 614.326pt x 434.3719pt.


File: Exhibits/Display/SmartSityDay2023/SmartSityDay2023.pdf Graphic file (type pdf)
<use Exhibits/Display/SmartSityDay2023/SmartSityDay2023.pdf, page 5>
Package pdftex.def Info: Exhibits/Display/SmartSityDay2023/SmartSityDay2023.pdf , page5 used on input line 4.
(pdftex.def)             Requested size: 614.326pt x 434.3719pt.
[670

 <./Exhibits/Display/SmartSityDay2023/SmartSityDay2023.pdf>]
<Exhibits/Display/SmartSityDay2023/SmartSityDay2023.pdf, id=9350, page=6, 845.04686pt x 597.50786pt>
File: Exhibits/Display/SmartSityDay2023/SmartSityDay2023.pdf Graphic file (type pdf)
<use Exhibits/Display/SmartSityDay2023/SmartSityDay2023.pdf, page 6>
Package pdftex.def Info: Exhibits/Display/SmartSityDay2023/SmartSityDay2023.pdf , page6 used on input line 4.
(pdftex.def)             Requested size: 614.326pt x 434.3719pt.
File: Exhibits/Display/SmartSityDay2023/SmartSityDay2023.pdf Graphic file (type pdf)
<use Exhibits/Display/SmartSityDay2023/SmartSityDay2023.pdf, page 6>
Package pdftex.def Info: Exhibits/Display/SmartSityDay2023/SmartSityDay2023.pdf , page6 used on input line 4.
(pdftex.def)             Requested size: 614.326pt x 434.3719pt.


File: Exhibits/Display/SmartSityDay2023/SmartSityDay2023.pdf Graphic file (type pdf)
<use Exhibits/Display/SmartSityDay2023/SmartSityDay2023.pdf, page 6>
Package pdftex.def Info: Exhibits/Display/SmartSityDay2023/SmartSityDay2023.pdf , page6 used on input line 4.
(pdftex.def)             Requested size: 614.326pt x 434.3719pt.
[671

 <./Exhibits/Display/SmartSityDay2023/SmartSityDay2023.pdf>]
<Exhibits/Display/SmartSityDay2023/SmartSityDay2023.pdf, id=9359, page=7, 845.04686pt x 597.50786pt>
File: Exhibits/Display/SmartSityDay2023/SmartSityDay2023.pdf Graphic file (type pdf)
<use Exhibits/Display/SmartSityDay2023/SmartSityDay2023.pdf, page 7>
Package pdftex.def Info: Exhibits/Display/SmartSityDay2023/SmartSityDay2023.pdf , page7 used on input line 4.
(pdftex.def)             Requested size: 614.326pt x 434.3719pt.
File: Exhibits/Display/SmartSityDay2023/SmartSityDay2023.pdf Graphic file (type pdf)
<use Exhibits/Display/SmartSityDay2023/SmartSityDay2023.pdf, page 7>
Package pdftex.def Info: Exhibits/Display/SmartSityDay2023/SmartSityDay2023.pdf , page7 used on input line 4.
(pdftex.def)             Requested size: 614.326pt x 434.3719pt.


File: Exhibits/Display/SmartSityDay2023/SmartSityDay2023.pdf Graphic file (type pdf)
<use Exhibits/Display/SmartSityDay2023/SmartSityDay2023.pdf, page 7>
Package pdftex.def Info: Exhibits/Display/SmartSityDay2023/SmartSityDay2023.pdf , page7 used on input line 4.
(pdftex.def)             Requested size: 614.326pt x 434.3719pt.
[672

 <./Exhibits/Display/SmartSityDay2023/SmartSityDay2023.pdf>]) (./Exhibits/Display/ProfitSmartCityDay2024/ProfitSmartCityDay2024.tex

[673

]
<Exhibits/Display/ProfitSmartCityDay2024/1.png, id=9373, 1425.82687pt x 609.02531pt>
File: Exhibits/Display/ProfitSmartCityDay2024/1.png Graphic file (type png)
<use Exhibits/Display/ProfitSmartCityDay2024/1.png>
Package pdftex.def Info: Exhibits/Display/ProfitSmartCityDay2024/1.png  used on input line 5.
(pdftex.def)             Requested size: 470.05193pt x 200.77452pt.


[674

 <./Exhibits/Display/ProfitSmartCityDay2024/1.png>]
<Exhibits/Display/ProfitSmartCityDay2024/2.png, id=9379, 1051.67906pt x 560.8453pt>
File: Exhibits/Display/ProfitSmartCityDay2024/2.png Graphic file (type png)
<use Exhibits/Display/ProfitSmartCityDay2024/2.png>
Package pdftex.def Info: Exhibits/Display/ProfitSmartCityDay2024/2.png  used on input line 10.
(pdftex.def)             Requested size: 470.05193pt x 250.67505pt.


[675 <./Exhibits/Display/ProfitSmartCityDay2024/2.png>]
<Exhibits/Display/ProfitSmartCityDay2024/3.png, id=9385, 1196.97188pt x 647.41875pt>
File: Exhibits/Display/ProfitSmartCityDay2024/3.png Graphic file (type png)
<use Exhibits/Display/ProfitSmartCityDay2024/3.png>
Package pdftex.def Info: Exhibits/Display/ProfitSmartCityDay2024/3.png  used on input line 14.
(pdftex.def)             Requested size: 470.05193pt x 254.24084pt.


[676 <./Exhibits/Display/ProfitSmartCityDay2024/3.png>]
<Exhibits/Display/ProfitSmartCityDay2024/4.png, id=9391, 1419.05156pt x 497.60907pt>
File: Exhibits/Display/ProfitSmartCityDay2024/4.png Graphic file (type png)
<use Exhibits/Display/ProfitSmartCityDay2024/4.png>
Package pdftex.def Info: Exhibits/Display/ProfitSmartCityDay2024/4.png  used on input line 19.
(pdftex.def)             Requested size: 470.05193pt x 164.82652pt.


[677 <./Exhibits/Display/ProfitSmartCityDay2024/4.png>]
<Exhibits/Display/ProfitSmartCityDay2024/5.png, id=9397, 1268.48906pt x 691.83469pt>
File: Exhibits/Display/ProfitSmartCityDay2024/5.png Graphic file (type png)
<use Exhibits/Display/ProfitSmartCityDay2024/5.png>
Package pdftex.def Info: Exhibits/Display/ProfitSmartCityDay2024/5.png  used on input line 23.
(pdftex.def)             Requested size: 470.05193pt x 256.36542pt.


[678 <./Exhibits/Display/ProfitSmartCityDay2024/5.png>]
<Exhibits/Display/ProfitSmartCityDay2024/6.png, id=9403, 1240.635pt x 537.50812pt>
File: Exhibits/Display/ProfitSmartCityDay2024/6.png Graphic file (type png)
<use Exhibits/Display/ProfitSmartCityDay2024/6.png>
Package pdftex.def Info: Exhibits/Display/ProfitSmartCityDay2024/6.png  used on input line 28.
(pdftex.def)             Requested size: 470.05193pt x 203.64827pt.


[679 <./Exhibits/Display/ProfitSmartCityDay2024/6.png>]
<Exhibits/Display/ProfitSmartCityDay2024/7.png, id=9410, 1437.87187pt x 797.98125pt>
File: Exhibits/Display/ProfitSmartCityDay2024/7.png Graphic file (type png)
<use Exhibits/Display/ProfitSmartCityDay2024/7.png>
Package pdftex.def Info: Exhibits/Display/ProfitSmartCityDay2024/7.png  used on input line 32.
(pdftex.def)             Requested size: 470.05193pt x 260.86285pt.


[680 <./Exhibits/Display/ProfitSmartCityDay2024/7.png>]
<Exhibits/Display/ProfitSmartCityDay2024/8.png, id=9416, 1434.86063pt x 798.73407pt>
File: Exhibits/Display/ProfitSmartCityDay2024/8.png Graphic file (type png)
<use Exhibits/Display/ProfitSmartCityDay2024/8.png>
Package pdftex.def Info: Exhibits/Display/ProfitSmartCityDay2024/8.png  used on input line 37.
(pdftex.def)             Requested size: 470.05193pt x 261.65741pt.
)

[681 <./Exhibits/Display/ProfitSmartCityDay2024/8.png>] (./Exhibits/Display/GoogleDevFest/GoogleDevFest.tex

[682

]
<Exhibits/Display/GoogleDevFest/GoogleDevFest.pdf, id=9427, 597.23125pt x 845.1575pt>
File: Exhibits/Display/GoogleDevFest/GoogleDevFest.pdf Graphic file (type pdf)
<use Exhibits/Display/GoogleDevFest/GoogleDevFest.pdf>
Package pdftex.def Info: Exhibits/Display/GoogleDevFest/GoogleDevFest.pdf  used on input line 4.
(pdftex.def)             Requested size: 597.22978pt x 845.15544pt.
<Exhibits/Display/GoogleDevFest/GoogleDevFest.pdf, id=9429, page=1, 597.23125pt x 845.1575pt>
File: Exhibits/Display/GoogleDevFest/GoogleDevFest.pdf Graphic file (type pdf)
<use Exhibits/Display/GoogleDevFest/GoogleDevFest.pdf, page 1>
Package pdftex.def Info: Exhibits/Display/GoogleDevFest/GoogleDevFest.pdf , page1 used on input line 4.
(pdftex.def)             Requested size: 597.22978pt x 845.15544pt.
File: Exhibits/Display/GoogleDevFest/GoogleDevFest.pdf Graphic file (type pdf)
<use Exhibits/Display/GoogleDevFest/GoogleDevFest.pdf, page 1>
Package pdftex.def Info: Exhibits/Display/GoogleDevFest/GoogleDevFest.pdf , page1 used on input line 4.
(pdftex.def)             Requested size: 561.86221pt x 795.10587pt.
File: Exhibits/Display/GoogleDevFest/GoogleDevFest.pdf Graphic file (type pdf)
<use Exhibits/Display/GoogleDevFest/GoogleDevFest.pdf, page 1>
Package pdftex.def Info: Exhibits/Display/GoogleDevFest/GoogleDevFest.pdf , page1 used on input line 4.
(pdftex.def)             Requested size: 561.86221pt x 795.10587pt.
File: Exhibits/Display/GoogleDevFest/GoogleDevFest.pdf Graphic file (type pdf)
<use Exhibits/Display/GoogleDevFest/GoogleDevFest.pdf, page 1>
Package pdftex.def Info: Exhibits/Display/GoogleDevFest/GoogleDevFest.pdf , page1 used on input line 4.
(pdftex.def)             Requested size: 561.86221pt x 795.10587pt.


File: Exhibits/Display/GoogleDevFest/GoogleDevFest.pdf Graphic file (type pdf)
<use Exhibits/Display/GoogleDevFest/GoogleDevFest.pdf, page 1>
Package pdftex.def Info: Exhibits/Display/GoogleDevFest/GoogleDevFest.pdf , page1 used on input line 4.
(pdftex.def)             Requested size: 561.86221pt x 795.10587pt.
[683


 <./Exhibits/Display/GoogleDevFest/GoogleDevFest.pdf>]
<Exhibits/Display/GoogleDevFest/GoogleDevFest.pdf, id=9495, page=2, 614.295pt x 794.97pt>
File: Exhibits/Display/GoogleDevFest/GoogleDevFest.pdf Graphic file (type pdf)
<use Exhibits/Display/GoogleDevFest/GoogleDevFest.pdf, page 2>
Package pdftex.def Info: Exhibits/Display/GoogleDevFest/GoogleDevFest.pdf , page2 used on input line 4.
(pdftex.def)             Requested size: 577.9154pt x 747.89055pt.
File: Exhibits/Display/GoogleDevFest/GoogleDevFest.pdf Graphic file (type pdf)
<use Exhibits/Display/GoogleDevFest/GoogleDevFest.pdf, page 2>
Package pdftex.def Info: Exhibits/Display/GoogleDevFest/GoogleDevFest.pdf , page2 used on input line 4.
(pdftex.def)             Requested size: 577.9154pt x 747.89055pt.


File: Exhibits/Display/GoogleDevFest/GoogleDevFest.pdf Graphic file (type pdf)
<use Exhibits/Display/GoogleDevFest/GoogleDevFest.pdf, page 2>
Package pdftex.def Info: Exhibits/Display/GoogleDevFest/GoogleDevFest.pdf , page2 used on input line 4.
(pdftex.def)             Requested size: 577.9154pt x 747.89055pt.
[684

 <./Exhibits/Display/GoogleDevFest/GoogleDevFest.pdf>]
<Exhibits/Display/GoogleDevFest/GoogleDevFest.pdf, id=9501, page=3, 614.295pt x 794.97pt>
File: Exhibits/Display/GoogleDevFest/GoogleDevFest.pdf Graphic file (type pdf)
<use Exhibits/Display/GoogleDevFest/GoogleDevFest.pdf, page 3>
Package pdftex.def Info: Exhibits/Display/GoogleDevFest/GoogleDevFest.pdf , page3 used on input line 4.
(pdftex.def)             Requested size: 577.9154pt x 747.89055pt.
File: Exhibits/Display/GoogleDevFest/GoogleDevFest.pdf Graphic file (type pdf)
<use Exhibits/Display/GoogleDevFest/GoogleDevFest.pdf, page 3>
Package pdftex.def Info: Exhibits/Display/GoogleDevFest/GoogleDevFest.pdf , page3 used on input line 4.
(pdftex.def)             Requested size: 577.9154pt x 747.89055pt.


File: Exhibits/Display/GoogleDevFest/GoogleDevFest.pdf Graphic file (type pdf)
<use Exhibits/Display/GoogleDevFest/GoogleDevFest.pdf, page 3>
Package pdftex.def Info: Exhibits/Display/GoogleDevFest/GoogleDevFest.pdf , page3 used on input line 4.
(pdftex.def)             Requested size: 577.9154pt x 747.89055pt.
[685

 <./Exhibits/Display/GoogleDevFest/GoogleDevFest.pdf>]
<Exhibits/Display/GoogleDevFest/GoogleDevFest.pdf, id=9508, page=4, 614.295pt x 794.97pt>
File: Exhibits/Display/GoogleDevFest/GoogleDevFest.pdf Graphic file (type pdf)
<use Exhibits/Display/GoogleDevFest/GoogleDevFest.pdf, page 4>
Package pdftex.def Info: Exhibits/Display/GoogleDevFest/GoogleDevFest.pdf , page4 used on input line 4.
(pdftex.def)             Requested size: 577.9154pt x 747.89055pt.
File: Exhibits/Display/GoogleDevFest/GoogleDevFest.pdf Graphic file (type pdf)
<use Exhibits/Display/GoogleDevFest/GoogleDevFest.pdf, page 4>
Package pdftex.def Info: Exhibits/Display/GoogleDevFest/GoogleDevFest.pdf , page4 used on input line 4.
(pdftex.def)             Requested size: 577.9154pt x 747.89055pt.


File: Exhibits/Display/GoogleDevFest/GoogleDevFest.pdf Graphic file (type pdf)
<use Exhibits/Display/GoogleDevFest/GoogleDevFest.pdf, page 4>
Package pdftex.def Info: Exhibits/Display/GoogleDevFest/GoogleDevFest.pdf , page4 used on input line 4.
(pdftex.def)             Requested size: 577.9154pt x 747.89055pt.
[686

 <./Exhibits/Display/GoogleDevFest/GoogleDevFest.pdf>]
<Exhibits/Display/GoogleDevFest/GoogleDevFest.pdf, id=9514, page=5, 614.295pt x 794.97pt>
File: Exhibits/Display/GoogleDevFest/GoogleDevFest.pdf Graphic file (type pdf)
<use Exhibits/Display/GoogleDevFest/GoogleDevFest.pdf, page 5>
Package pdftex.def Info: Exhibits/Display/GoogleDevFest/GoogleDevFest.pdf , page5 used on input line 4.
(pdftex.def)             Requested size: 577.9154pt x 747.89055pt.
File: Exhibits/Display/GoogleDevFest/GoogleDevFest.pdf Graphic file (type pdf)
<use Exhibits/Display/GoogleDevFest/GoogleDevFest.pdf, page 5>
Package pdftex.def Info: Exhibits/Display/GoogleDevFest/GoogleDevFest.pdf , page5 used on input line 4.
(pdftex.def)             Requested size: 577.9154pt x 747.89055pt.


File: Exhibits/Display/GoogleDevFest/GoogleDevFest.pdf Graphic file (type pdf)
<use Exhibits/Display/GoogleDevFest/GoogleDevFest.pdf, page 5>
Package pdftex.def Info: Exhibits/Display/GoogleDevFest/GoogleDevFest.pdf , page5 used on input line 4.
(pdftex.def)             Requested size: 577.9154pt x 747.89055pt.
[687

 <./Exhibits/Display/GoogleDevFest/GoogleDevFest.pdf>]
<Exhibits/Display/GoogleDevFest/GoogleDevFest.pdf, id=9520, page=6, 614.295pt x 794.97pt>
File: Exhibits/Display/GoogleDevFest/GoogleDevFest.pdf Graphic file (type pdf)
<use Exhibits/Display/GoogleDevFest/GoogleDevFest.pdf, page 6>
Package pdftex.def Info: Exhibits/Display/GoogleDevFest/GoogleDevFest.pdf , page6 used on input line 4.
(pdftex.def)             Requested size: 577.9154pt x 747.89055pt.
File: Exhibits/Display/GoogleDevFest/GoogleDevFest.pdf Graphic file (type pdf)
<use Exhibits/Display/GoogleDevFest/GoogleDevFest.pdf, page 6>
Package pdftex.def Info: Exhibits/Display/GoogleDevFest/GoogleDevFest.pdf , page6 used on input line 4.
(pdftex.def)             Requested size: 577.9154pt x 747.89055pt.


File: Exhibits/Display/GoogleDevFest/GoogleDevFest.pdf Graphic file (type pdf)
<use Exhibits/Display/GoogleDevFest/GoogleDevFest.pdf, page 6>
Package pdftex.def Info: Exhibits/Display/GoogleDevFest/GoogleDevFest.pdf , page6 used on input line 4.
(pdftex.def)             Requested size: 577.9154pt x 747.89055pt.
[688

 <./Exhibits/Display/GoogleDevFest/GoogleDevFest.pdf>])) (./Exhibits/Salary/Salary.tex (./Exhibits/Salary/HRPRITPM1/HRPRITPM1.tex

[689

]
<Exhibits/Salary/HRPRITPM1/../HRPRITPM1.jpeg, id=9532, 906.38625pt x 1284.8pt>
File: Exhibits/Salary/HRPRITPM1/../HRPRITPM1.jpeg Graphic file (type jpg)
<use Exhibits/Salary/HRPRITPM1/../HRPRITPM1.jpeg>
Package pdftex.def Info: Exhibits/Salary/HRPRITPM1/../HRPRITPM1.jpeg  used on input line 5.
(pdftex.def)             Requested size: 470.05193pt x 666.29625pt.


[690

 <./Exhibits/Salary/HRPRITPM1/../HRPRITPM1.jpeg>]
<Exhibits/Salary/HRPRITPM1/../HRPRITPM2.jpeg, id=9537, 894.34125pt x 1284.8pt>
File: Exhibits/Salary/HRPRITPM1/../HRPRITPM2.jpeg Graphic file (type jpg)
<use Exhibits/Salary/HRPRITPM1/../HRPRITPM2.jpeg>
Package pdftex.def Info: Exhibits/Salary/HRPRITPM1/../HRPRITPM2.jpeg  used on input line 9.
(pdftex.def)             Requested size: 470.05193pt x 675.27509pt.


[691 <./Exhibits/Salary/HRPRITPM1/../HRPRITPM2.jpeg>]
<Exhibits/Salary/HRPRITPM1/../HRPRITPM3.jpeg, id=9543, 920.43875pt x 1284.8pt>
File: Exhibits/Salary/HRPRITPM1/../HRPRITPM3.jpeg Graphic file (type jpg)
<use Exhibits/Salary/HRPRITPM1/../HRPRITPM3.jpeg>
Package pdftex.def Info: Exhibits/Salary/HRPRITPM1/../HRPRITPM3.jpeg  used on input line 14.
(pdftex.def)             Requested size: 470.05193pt x 656.14114pt.
)

[692 <./Exhibits/Salary/HRPRITPM1/../HRPRITPM3.jpeg>] (./Exhibits/Salary/HRPR1/HRPR1.tex

[693

]
<Exhibits/Salary/HRPR1/../HRPR1.jpeg, id=9554, 900.36375pt x 1284.8pt>
File: Exhibits/Salary/HRPR1/../HRPR1.jpeg Graphic file (type jpg)
<use Exhibits/Salary/HRPR1/../HRPR1.jpeg>
Package pdftex.def Info: Exhibits/Salary/HRPR1/../HRPR1.jpeg  used on input line 5.
(pdftex.def)             Requested size: 470.05193pt x 670.76607pt.


[694

 <./Exhibits/Salary/HRPR1/../HRPR1.jpeg>]
<Exhibits/Salary/HRPR1/../HRPR2.jpeg, id=9559, 912.40875pt x 1284.8pt>
File: Exhibits/Salary/HRPR1/../HRPR2.jpeg Graphic file (type jpg)
<use Exhibits/Salary/HRPR1/../HRPR2.jpeg>
Package pdftex.def Info: Exhibits/Salary/HRPR1/../HRPR2.jpeg  used on input line 9.
(pdftex.def)             Requested size: 470.05193pt x 661.88525pt.


[695 <./Exhibits/Salary/HRPR1/../HRPR2.jpeg>]
<Exhibits/Salary/HRPR1/../HRPR3.jpeg, id=9564, 892.33376pt x 1284.8pt>
File: Exhibits/Salary/HRPR1/../HRPR3.jpeg Graphic file (type jpg)
<use Exhibits/Salary/HRPR1/../HRPR3.jpeg>
Package pdftex.def Info: Exhibits/Salary/HRPR1/../HRPR3.jpeg  used on input line 13.
(pdftex.def)             Requested size: 470.05193pt x 676.80423pt.

Overfull \vbox (1.33614pt too high) has occurred while \output is active []



[696 <./Exhibits/Salary/HRPR1/../HRPR3.jpeg>]) (./Exhibits/Salary/HH1/HH1.tex

[697

]
<Exhibits/Salary/HH1/../HH1.jpeg, id=9575, 963.6pt x 1284.8pt>
File: Exhibits/Salary/HH1/../HH1.jpeg Graphic file (type jpg)
<use Exhibits/Salary/HH1/../HH1.jpeg>
Package pdftex.def Info: Exhibits/Salary/HH1/../HH1.jpeg  used on input line 5.
(pdftex.def)             Requested size: 470.05193pt x 626.73448pt.


[698

 <./Exhibits/Salary/HH1/../HH1.jpeg>]
<Exhibits/Salary/HH1/../HH2.jpeg, id=9580, 963.6pt x 1284.8pt>
File: Exhibits/Salary/HH1/../HH2.jpeg Graphic file (type jpg)
<use Exhibits/Salary/HH1/../HH2.jpeg>
Package pdftex.def Info: Exhibits/Salary/HH1/../HH2.jpeg  used on input line 10.
(pdftex.def)             Requested size: 470.05193pt x 626.73448pt.
)

[699 <./Exhibits/Salary/HH1/../HH2.jpeg>] (./Exhibits/Salary/RecCom1/RecCom1.tex

[700

]
<Exhibits/Salary/RecCom1/../RecCom1.jpeg, id=9590, 899.36pt x 1284.8pt>
File: Exhibits/Salary/RecCom1/../RecCom1.jpeg Graphic file (type jpg)
<use Exhibits/Salary/RecCom1/../RecCom1.jpeg>
Package pdftex.def Info: Exhibits/Salary/RecCom1/../RecCom1.jpeg  used on input line 5.
(pdftex.def)             Requested size: 470.05193pt x 671.51103pt.


[701

 <./Exhibits/Salary/RecCom1/../RecCom1.jpeg>]
<Exhibits/Salary/RecCom1/../RecCom2.jpeg, id=9595, 904.37875pt x 1284.8pt>
File: Exhibits/Salary/RecCom1/../RecCom2.jpeg Graphic file (type jpg)
<use Exhibits/Salary/RecCom1/../RecCom2.jpeg>
Package pdftex.def Info: Exhibits/Salary/RecCom1/../RecCom2.jpeg  used on input line 9.
(pdftex.def)             Requested size: 470.05193pt x 667.76659pt.
)

[702 <./Exhibits/Salary/RecCom1/../RecCom2.jpeg>] (./Exhibits/Salary/BNSAstanaICTPM2024Letter/BNSAstanaICTPM2024Letter.tex

[703

]
<Exhibits/Salary/BNSAstanaICTPM2024Letter/../NationalBeuro1.jpeg, id=9606, 918.43124pt x 1284.8pt>
File: Exhibits/Salary/BNSAstanaICTPM2024Letter/../NationalBeuro1.jpeg Graphic file (type jpg)
<use Exhibits/Salary/BNSAstanaICTPM2024Letter/../NationalBeuro1.jpeg>
Package pdftex.def Info: Exhibits/Salary/BNSAstanaICTPM2024Letter/../NationalBeuro1.jpeg  used on input line 5.
(pdftex.def)             Requested size: 470.05193pt x 657.57227pt.


[704

 <./Exhibits/Salary/BNSAstanaICTPM2024Letter/../NationalBeuro1.jpeg>]
<Exhibits/Salary/BNSAstanaICTPM2024Letter/../NationalBeuro2.jpeg, id=9611, 906.38625pt x 1284.8pt>
File: Exhibits/Salary/BNSAstanaICTPM2024Letter/../NationalBeuro2.jpeg Graphic file (type jpg)
<use Exhibits/Salary/BNSAstanaICTPM2024Letter/../NationalBeuro2.jpeg>
Package pdftex.def Info: Exhibits/Salary/BNSAstanaICTPM2024Letter/../NationalBeuro2.jpeg  used on input line 10.
(pdftex.def)             Requested size: 470.05193pt x 666.29625pt.
)

[705 <./Exhibits/Salary/BNSAstanaICTPM2024Letter/../NationalBeuro2.jpeg>] (./Exhibits/Salary/IKomekSalary/IKomekSalary.tex

[706

]
<Exhibits/Salary/IKomekSalary/../IKomekSalary.pdf, id=9621, 597.31157pt x 844.83629pt>
File: Exhibits/Salary/IKomekSalary/../IKomekSalary.pdf Graphic file (type pdf)
<use Exhibits/Salary/IKomekSalary/../IKomekSalary.pdf>
Package pdftex.def Info: Exhibits/Salary/IKomekSalary/../IKomekSalary.pdf  used on input line 4.
(pdftex.def)             Requested size: 597.3101pt x 844.83423pt.
<Exhibits/Salary/IKomekSalary/../IKomekSalary.pdf, id=9623, page=1, 597.31157pt x 844.83629pt>
File: Exhibits/Salary/IKomekSalary/../IKomekSalary.pdf Graphic file (type pdf)
<use Exhibits/Salary/IKomekSalary/../IKomekSalary.pdf, page 1>
Package pdftex.def Info: Exhibits/Salary/IKomekSalary/../IKomekSalary.pdf , page1 used on input line 4.
(pdftex.def)             Requested size: 597.3101pt x 844.83423pt.
File: Exhibits/Salary/IKomekSalary/../IKomekSalary.pdf Graphic file (type pdf)
<use Exhibits/Salary/IKomekSalary/../IKomekSalary.pdf, page 1>
Package pdftex.def Info: Exhibits/Salary/IKomekSalary/../IKomekSalary.pdf , page1 used on input line 4.
(pdftex.def)             Requested size: 562.60312pt x 795.74474pt.
File: Exhibits/Salary/IKomekSalary/../IKomekSalary.pdf Graphic file (type pdf)
<use Exhibits/Salary/IKomekSalary/../IKomekSalary.pdf, page 1>
Package pdftex.def Info: Exhibits/Salary/IKomekSalary/../IKomekSalary.pdf , page1 used on input line 4.
(pdftex.def)             Requested size: 562.60312pt x 795.74474pt.
File: Exhibits/Salary/IKomekSalary/../IKomekSalary.pdf Graphic file (type pdf)
<use Exhibits/Salary/IKomekSalary/../IKomekSalary.pdf, page 1>
Package pdftex.def Info: Exhibits/Salary/IKomekSalary/../IKomekSalary.pdf , page1 used on input line 4.
(pdftex.def)             Requested size: 562.60312pt x 795.74474pt.


File: Exhibits/Salary/IKomekSalary/../IKomekSalary.pdf Graphic file (type pdf)
<use Exhibits/Salary/IKomekSalary/../IKomekSalary.pdf, page 1>
Package pdftex.def Info: Exhibits/Salary/IKomekSalary/../IKomekSalary.pdf , page1 used on input line 4.
(pdftex.def)             Requested size: 562.60312pt x 795.74474pt.
[707


 <./Exhibits/Salary/IKomekSalary/../IKomekSalary.pdf, page is rotated 90 degrees>]) (./Exhibits/Salary/STSSalary/STSSalary.tex

[708


]
<Exhibits/Salary/STSSalary/../STSSalary.jpeg, id=9636, 963.6pt x 1284.8pt>
File: Exhibits/Salary/STSSalary/../STSSalary.jpeg Graphic file (type jpg)
<use Exhibits/Salary/STSSalary/../STSSalary.jpeg>
Package pdftex.def Info: Exhibits/Salary/STSSalary/../STSSalary.jpeg  used on input line 5.
(pdftex.def)             Requested size: 470.05193pt x 626.73448pt.
)

[709

 <./Exhibits/Salary/STSSalary/../STSSalary.jpeg>]) (./Exhibits/Events/Events.tex (./Exhibits/Events/AzimutCisco/AzimutCisco.tex

[710

]
<Exhibits/Events/AzimutCisco/AzimutCisco.pdf, id=9647, 614.295pt x 794.97pt>
File: Exhibits/Events/AzimutCisco/AzimutCisco.pdf Graphic file (type pdf)
<use Exhibits/Events/AzimutCisco/AzimutCisco.pdf>
Package pdftex.def Info: Exhibits/Events/AzimutCisco/AzimutCisco.pdf  used on input line 4.
(pdftex.def)             Requested size: 614.29349pt x 794.96806pt.
<Exhibits/Events/AzimutCisco/AzimutCisco.pdf, id=9649, page=1, 614.295pt x 794.97pt>
File: Exhibits/Events/AzimutCisco/AzimutCisco.pdf Graphic file (type pdf)
<use Exhibits/Events/AzimutCisco/AzimutCisco.pdf, page 1>
Package pdftex.def Info: Exhibits/Events/AzimutCisco/AzimutCisco.pdf , page1 used on input line 4.
(pdftex.def)             Requested size: 614.29349pt x 794.96806pt.
File: Exhibits/Events/AzimutCisco/AzimutCisco.pdf Graphic file (type pdf)
<use Exhibits/Events/AzimutCisco/AzimutCisco.pdf, page 1>
Package pdftex.def Info: Exhibits/Events/AzimutCisco/AzimutCisco.pdf , page1 used on input line 4.
(pdftex.def)             Requested size: 614.58406pt x 795.3441pt.
File: Exhibits/Events/AzimutCisco/AzimutCisco.pdf Graphic file (type pdf)
<use Exhibits/Events/AzimutCisco/AzimutCisco.pdf, page 1>
Package pdftex.def Info: Exhibits/Events/AzimutCisco/AzimutCisco.pdf , page1 used on input line 4.
(pdftex.def)             Requested size: 614.58406pt x 795.3441pt.
File: Exhibits/Events/AzimutCisco/AzimutCisco.pdf Graphic file (type pdf)
<use Exhibits/Events/AzimutCisco/AzimutCisco.pdf, page 1>
Package pdftex.def Info: Exhibits/Events/AzimutCisco/AzimutCisco.pdf , page1 used on input line 4.
(pdftex.def)             Requested size: 614.58406pt x 795.3441pt.


File: Exhibits/Events/AzimutCisco/AzimutCisco.pdf Graphic file (type pdf)
<use Exhibits/Events/AzimutCisco/AzimutCisco.pdf, page 1>
Package pdftex.def Info: Exhibits/Events/AzimutCisco/AzimutCisco.pdf , page1 used on input line 4.
(pdftex.def)             Requested size: 614.58406pt x 795.3441pt.
[711


 <./Exhibits/Events/AzimutCisco/AzimutCisco.pdf>]) (./Exhibits/Events/DigitalAlmaty2023/DigitalAlmaty2023.tex

[712

]
<Exhibits/Events/DigitalAlmaty2023/DigitalAlmaty2023.pdf, id=9715, 597.51233pt x 845.0471pt>
File: Exhibits/Events/DigitalAlmaty2023/DigitalAlmaty2023.pdf Graphic file (type pdf)
<use Exhibits/Events/DigitalAlmaty2023/DigitalAlmaty2023.pdf>
Package pdftex.def Info: Exhibits/Events/DigitalAlmaty2023/DigitalAlmaty2023.pdf  used on input line 4.
(pdftex.def)             Requested size: 597.51086pt x 845.04504pt.
<Exhibits/Events/DigitalAlmaty2023/DigitalAlmaty2023.pdf, id=9717, page=1, 597.51233pt x 845.0471pt>
File: Exhibits/Events/DigitalAlmaty2023/DigitalAlmaty2023.pdf Graphic file (type pdf)
<use Exhibits/Events/DigitalAlmaty2023/DigitalAlmaty2023.pdf, page 1>
Package pdftex.def Info: Exhibits/Events/DigitalAlmaty2023/DigitalAlmaty2023.pdf , page1 used on input line 4.
(pdftex.def)             Requested size: 597.51086pt x 845.04504pt.
File: Exhibits/Events/DigitalAlmaty2023/DigitalAlmaty2023.pdf Graphic file (type pdf)
<use Exhibits/Events/DigitalAlmaty2023/DigitalAlmaty2023.pdf, page 1>
Package pdftex.def Info: Exhibits/Events/DigitalAlmaty2023/DigitalAlmaty2023.pdf , page1 used on input line 4.
(pdftex.def)             Requested size: 562.12665pt x 795.00201pt.
File: Exhibits/Events/DigitalAlmaty2023/DigitalAlmaty2023.pdf Graphic file (type pdf)
<use Exhibits/Events/DigitalAlmaty2023/DigitalAlmaty2023.pdf, page 1>
Package pdftex.def Info: Exhibits/Events/DigitalAlmaty2023/DigitalAlmaty2023.pdf , page1 used on input line 4.
(pdftex.def)             Requested size: 562.12665pt x 795.00201pt.
File: Exhibits/Events/DigitalAlmaty2023/DigitalAlmaty2023.pdf Graphic file (type pdf)
<use Exhibits/Events/DigitalAlmaty2023/DigitalAlmaty2023.pdf, page 1>
Package pdftex.def Info: Exhibits/Events/DigitalAlmaty2023/DigitalAlmaty2023.pdf , page1 used on input line 4.
(pdftex.def)             Requested size: 562.12665pt x 795.00201pt.


File: Exhibits/Events/DigitalAlmaty2023/DigitalAlmaty2023.pdf Graphic file (type pdf)
<use Exhibits/Events/DigitalAlmaty2023/DigitalAlmaty2023.pdf, page 1>
Package pdftex.def Info: Exhibits/Events/DigitalAlmaty2023/DigitalAlmaty2023.pdf , page1 used on input line 4.
(pdftex.def)             Requested size: 562.12665pt x 795.00201pt.
[713


 <./Exhibits/Events/DigitalAlmaty2023/DigitalAlmaty2023.pdf>]
<Exhibits/Events/DigitalAlmaty2023/DigitalAlmaty2023.pdf, id=9757, page=2, 597.51233pt x 845.0471pt>
File: Exhibits/Events/DigitalAlmaty2023/DigitalAlmaty2023.pdf Graphic file (type pdf)
<use Exhibits/Events/DigitalAlmaty2023/DigitalAlmaty2023.pdf, page 2>
Package pdftex.def Info: Exhibits/Events/DigitalAlmaty2023/DigitalAlmaty2023.pdf , page2 used on input line 4.
(pdftex.def)             Requested size: 562.12665pt x 795.00201pt.
File: Exhibits/Events/DigitalAlmaty2023/DigitalAlmaty2023.pdf Graphic file (type pdf)
<use Exhibits/Events/DigitalAlmaty2023/DigitalAlmaty2023.pdf, page 2>
Package pdftex.def Info: Exhibits/Events/DigitalAlmaty2023/DigitalAlmaty2023.pdf , page2 used on input line 4.
(pdftex.def)             Requested size: 562.12665pt x 795.00201pt.


File: Exhibits/Events/DigitalAlmaty2023/DigitalAlmaty2023.pdf Graphic file (type pdf)
<use Exhibits/Events/DigitalAlmaty2023/DigitalAlmaty2023.pdf, page 2>
Package pdftex.def Info: Exhibits/Events/DigitalAlmaty2023/DigitalAlmaty2023.pdf , page2 used on input line 4.
(pdftex.def)             Requested size: 562.12665pt x 795.00201pt.
[714

 <./Exhibits/Events/DigitalAlmaty2023/DigitalAlmaty2023.pdf>]
<Exhibits/Events/DigitalAlmaty2023/DigitalAlmaty2023.pdf, id=9763, page=3, 597.51233pt x 845.0471pt>
File: Exhibits/Events/DigitalAlmaty2023/DigitalAlmaty2023.pdf Graphic file (type pdf)
<use Exhibits/Events/DigitalAlmaty2023/DigitalAlmaty2023.pdf, page 3>
Package pdftex.def Info: Exhibits/Events/DigitalAlmaty2023/DigitalAlmaty2023.pdf , page3 used on input line 4.
(pdftex.def)             Requested size: 562.12665pt x 795.00201pt.
File: Exhibits/Events/DigitalAlmaty2023/DigitalAlmaty2023.pdf Graphic file (type pdf)
<use Exhibits/Events/DigitalAlmaty2023/DigitalAlmaty2023.pdf, page 3>
Package pdftex.def Info: Exhibits/Events/DigitalAlmaty2023/DigitalAlmaty2023.pdf , page3 used on input line 4.
(pdftex.def)             Requested size: 562.12665pt x 795.00201pt.


File: Exhibits/Events/DigitalAlmaty2023/DigitalAlmaty2023.pdf Graphic file (type pdf)
<use Exhibits/Events/DigitalAlmaty2023/DigitalAlmaty2023.pdf, page 3>
Package pdftex.def Info: Exhibits/Events/DigitalAlmaty2023/DigitalAlmaty2023.pdf , page3 used on input line 4.
(pdftex.def)             Requested size: 562.12665pt x 795.00201pt.
[715

 <./Exhibits/Events/DigitalAlmaty2023/DigitalAlmaty2023.pdf>]) (./Exhibits/Events/DigitalAlmaty2024/DigitalAlmaty2024.tex

[716

]
<Exhibits/Events/DigitalAlmaty2024/DigitalAlmaty2024.pdf, id=9775, 597.432pt x 845.07718pt>
File: Exhibits/Events/DigitalAlmaty2024/DigitalAlmaty2024.pdf Graphic file (type pdf)
<use Exhibits/Events/DigitalAlmaty2024/DigitalAlmaty2024.pdf>
Package pdftex.def Info: Exhibits/Events/DigitalAlmaty2024/DigitalAlmaty2024.pdf  used on input line 4.
(pdftex.def)             Requested size: 597.43054pt x 845.07512pt.
<Exhibits/Events/DigitalAlmaty2024/DigitalAlmaty2024.pdf, id=9777, page=1, 597.432pt x 845.07718pt>
File: Exhibits/Events/DigitalAlmaty2024/DigitalAlmaty2024.pdf Graphic file (type pdf)
<use Exhibits/Events/DigitalAlmaty2024/DigitalAlmaty2024.pdf, page 1>
Package pdftex.def Info: Exhibits/Events/DigitalAlmaty2024/DigitalAlmaty2024.pdf , page1 used on input line 4.
(pdftex.def)             Requested size: 597.43054pt x 845.07512pt.
File: Exhibits/Events/DigitalAlmaty2024/DigitalAlmaty2024.pdf Graphic file (type pdf)
<use Exhibits/Events/DigitalAlmaty2024/DigitalAlmaty2024.pdf, page 1>
Package pdftex.def Info: Exhibits/Events/DigitalAlmaty2024/DigitalAlmaty2024.pdf , page1 used on input line 4.
(pdftex.def)             Requested size: 562.05109pt x 795.0303pt.
File: Exhibits/Events/DigitalAlmaty2024/DigitalAlmaty2024.pdf Graphic file (type pdf)
<use Exhibits/Events/DigitalAlmaty2024/DigitalAlmaty2024.pdf, page 1>
Package pdftex.def Info: Exhibits/Events/DigitalAlmaty2024/DigitalAlmaty2024.pdf , page1 used on input line 4.
(pdftex.def)             Requested size: 562.05109pt x 795.0303pt.
File: Exhibits/Events/DigitalAlmaty2024/DigitalAlmaty2024.pdf Graphic file (type pdf)
<use Exhibits/Events/DigitalAlmaty2024/DigitalAlmaty2024.pdf, page 1>
Package pdftex.def Info: Exhibits/Events/DigitalAlmaty2024/DigitalAlmaty2024.pdf , page1 used on input line 4.
(pdftex.def)             Requested size: 562.05109pt x 795.0303pt.


File: Exhibits/Events/DigitalAlmaty2024/DigitalAlmaty2024.pdf Graphic file (type pdf)
<use Exhibits/Events/DigitalAlmaty2024/DigitalAlmaty2024.pdf, page 1>
Package pdftex.def Info: Exhibits/Events/DigitalAlmaty2024/DigitalAlmaty2024.pdf , page1 used on input line 4.
(pdftex.def)             Requested size: 562.05109pt x 795.0303pt.
[717


 <./Exhibits/Events/DigitalAlmaty2024/DigitalAlmaty2024.pdf>]
<Exhibits/Events/DigitalAlmaty2024/DigitalAlmaty2024.pdf, id=9837, page=2, 597.432pt x 845.07718pt>
File: Exhibits/Events/DigitalAlmaty2024/DigitalAlmaty2024.pdf Graphic file (type pdf)
<use Exhibits/Events/DigitalAlmaty2024/DigitalAlmaty2024.pdf, page 2>
Package pdftex.def Info: Exhibits/Events/DigitalAlmaty2024/DigitalAlmaty2024.pdf , page2 used on input line 4.
(pdftex.def)             Requested size: 562.05109pt x 795.0303pt.
File: Exhibits/Events/DigitalAlmaty2024/DigitalAlmaty2024.pdf Graphic file (type pdf)
<use Exhibits/Events/DigitalAlmaty2024/DigitalAlmaty2024.pdf, page 2>
Package pdftex.def Info: Exhibits/Events/DigitalAlmaty2024/DigitalAlmaty2024.pdf , page2 used on input line 4.
(pdftex.def)             Requested size: 562.05109pt x 795.0303pt.


File: Exhibits/Events/DigitalAlmaty2024/DigitalAlmaty2024.pdf Graphic file (type pdf)
<use Exhibits/Events/DigitalAlmaty2024/DigitalAlmaty2024.pdf, page 2>
Package pdftex.def Info: Exhibits/Events/DigitalAlmaty2024/DigitalAlmaty2024.pdf , page2 used on input line 4.
(pdftex.def)             Requested size: 562.05109pt x 795.0303pt.
[718

 <./Exhibits/Events/DigitalAlmaty2024/DigitalAlmaty2024.pdf>]
<Exhibits/Events/DigitalAlmaty2024/DigitalAlmaty2024.pdf, id=9843, page=3, 597.432pt x 845.07718pt>
File: Exhibits/Events/DigitalAlmaty2024/DigitalAlmaty2024.pdf Graphic file (type pdf)
<use Exhibits/Events/DigitalAlmaty2024/DigitalAlmaty2024.pdf, page 3>
Package pdftex.def Info: Exhibits/Events/DigitalAlmaty2024/DigitalAlmaty2024.pdf , page3 used on input line 4.
(pdftex.def)             Requested size: 562.05109pt x 795.0303pt.
File: Exhibits/Events/DigitalAlmaty2024/DigitalAlmaty2024.pdf Graphic file (type pdf)
<use Exhibits/Events/DigitalAlmaty2024/DigitalAlmaty2024.pdf, page 3>
Package pdftex.def Info: Exhibits/Events/DigitalAlmaty2024/DigitalAlmaty2024.pdf , page3 used on input line 4.
(pdftex.def)             Requested size: 562.05109pt x 795.0303pt.


File: Exhibits/Events/DigitalAlmaty2024/DigitalAlmaty2024.pdf Graphic file (type pdf)
<use Exhibits/Events/DigitalAlmaty2024/DigitalAlmaty2024.pdf, page 3>
Package pdftex.def Info: Exhibits/Events/DigitalAlmaty2024/DigitalAlmaty2024.pdf , page3 used on input line 4.
(pdftex.def)             Requested size: 562.05109pt x 795.0303pt.
[719

 <./Exhibits/Events/DigitalAlmaty2024/DigitalAlmaty2024.pdf>]
<Exhibits/Events/DigitalAlmaty2024/DigitalAlmaty2024.pdf, id=9850, page=4, 597.432pt x 845.07718pt>
File: Exhibits/Events/DigitalAlmaty2024/DigitalAlmaty2024.pdf Graphic file (type pdf)
<use Exhibits/Events/DigitalAlmaty2024/DigitalAlmaty2024.pdf, page 4>
Package pdftex.def Info: Exhibits/Events/DigitalAlmaty2024/DigitalAlmaty2024.pdf , page4 used on input line 4.
(pdftex.def)             Requested size: 562.05109pt x 795.0303pt.
File: Exhibits/Events/DigitalAlmaty2024/DigitalAlmaty2024.pdf Graphic file (type pdf)
<use Exhibits/Events/DigitalAlmaty2024/DigitalAlmaty2024.pdf, page 4>
Package pdftex.def Info: Exhibits/Events/DigitalAlmaty2024/DigitalAlmaty2024.pdf , page4 used on input line 4.
(pdftex.def)             Requested size: 562.05109pt x 795.0303pt.


File: Exhibits/Events/DigitalAlmaty2024/DigitalAlmaty2024.pdf Graphic file (type pdf)
<use Exhibits/Events/DigitalAlmaty2024/DigitalAlmaty2024.pdf, page 4>
Package pdftex.def Info: Exhibits/Events/DigitalAlmaty2024/DigitalAlmaty2024.pdf , page4 used on input line 4.
(pdftex.def)             Requested size: 562.05109pt x 795.0303pt.
[720

 <./Exhibits/Events/DigitalAlmaty2024/DigitalAlmaty2024.pdf>]) (./Exhibits/Events/Dynatrace/Dynatrace.tex

[721

]
<Exhibits/Events/Dynatrace/Dynatrace.pdf, id=9864, 598.15468pt x 845.55902pt>
File: Exhibits/Events/Dynatrace/Dynatrace.pdf Graphic file (type pdf)
<use Exhibits/Events/Dynatrace/Dynatrace.pdf>
Package pdftex.def Info: Exhibits/Events/Dynatrace/Dynatrace.pdf  used on input line 4.
(pdftex.def)             Requested size: 598.15321pt x 845.55696pt.
<Exhibits/Events/Dynatrace/Dynatrace.pdf, id=9866, page=1, 598.15468pt x 845.55902pt>
File: Exhibits/Events/Dynatrace/Dynatrace.pdf Graphic file (type pdf)
<use Exhibits/Events/Dynatrace/Dynatrace.pdf, page 1>
Package pdftex.def Info: Exhibits/Events/Dynatrace/Dynatrace.pdf , page1 used on input line 4.
(pdftex.def)             Requested size: 598.15321pt x 845.55696pt.
File: Exhibits/Events/Dynatrace/Dynatrace.pdf Graphic file (type pdf)
<use Exhibits/Events/Dynatrace/Dynatrace.pdf, page 1>
Package pdftex.def Info: Exhibits/Events/Dynatrace/Dynatrace.pdf , page1 used on input line 4.
(pdftex.def)             Requested size: 562.73096pt x 795.48361pt.
File: Exhibits/Events/Dynatrace/Dynatrace.pdf Graphic file (type pdf)
<use Exhibits/Events/Dynatrace/Dynatrace.pdf, page 1>
Package pdftex.def Info: Exhibits/Events/Dynatrace/Dynatrace.pdf , page1 used on input line 4.
(pdftex.def)             Requested size: 562.73096pt x 795.48361pt.
File: Exhibits/Events/Dynatrace/Dynatrace.pdf Graphic file (type pdf)
<use Exhibits/Events/Dynatrace/Dynatrace.pdf, page 1>
Package pdftex.def Info: Exhibits/Events/Dynatrace/Dynatrace.pdf , page1 used on input line 4.
(pdftex.def)             Requested size: 562.73096pt x 795.48361pt.


File: Exhibits/Events/Dynatrace/Dynatrace.pdf Graphic file (type pdf)
<use Exhibits/Events/Dynatrace/Dynatrace.pdf, page 1>
Package pdftex.def Info: Exhibits/Events/Dynatrace/Dynatrace.pdf , page1 used on input line 4.
(pdftex.def)             Requested size: 562.73096pt x 795.48361pt.
[722


 <./Exhibits/Events/Dynatrace/Dynatrace.pdf>]) (./Exhibits/Events/GITEXDubai/GITEXDubai.tex

[723

]
<Exhibits/Events/GITEXDubai/GITEXDubai.pdf, id=9938, 614.295pt x 794.97pt>
File: Exhibits/Events/GITEXDubai/GITEXDubai.pdf Graphic file (type pdf)
<use Exhibits/Events/GITEXDubai/GITEXDubai.pdf>
Package pdftex.def Info: Exhibits/Events/GITEXDubai/GITEXDubai.pdf  used on input line 4.
(pdftex.def)             Requested size: 614.29349pt x 794.96806pt.
<Exhibits/Events/GITEXDubai/GITEXDubai.pdf, id=9940, page=1, 614.295pt x 794.97pt>
File: Exhibits/Events/GITEXDubai/GITEXDubai.pdf Graphic file (type pdf)
<use Exhibits/Events/GITEXDubai/GITEXDubai.pdf, page 1>
Package pdftex.def Info: Exhibits/Events/GITEXDubai/GITEXDubai.pdf , page1 used on input line 4.
(pdftex.def)             Requested size: 614.29349pt x 794.96806pt.
File: Exhibits/Events/GITEXDubai/GITEXDubai.pdf Graphic file (type pdf)
<use Exhibits/Events/GITEXDubai/GITEXDubai.pdf, page 1>
Package pdftex.def Info: Exhibits/Events/GITEXDubai/GITEXDubai.pdf , page1 used on input line 4.
(pdftex.def)             Requested size: 614.58406pt x 795.3441pt.
File: Exhibits/Events/GITEXDubai/GITEXDubai.pdf Graphic file (type pdf)
<use Exhibits/Events/GITEXDubai/GITEXDubai.pdf, page 1>
Package pdftex.def Info: Exhibits/Events/GITEXDubai/GITEXDubai.pdf , page1 used on input line 4.
(pdftex.def)             Requested size: 614.58406pt x 795.3441pt.
File: Exhibits/Events/GITEXDubai/GITEXDubai.pdf Graphic file (type pdf)
<use Exhibits/Events/GITEXDubai/GITEXDubai.pdf, page 1>
Package pdftex.def Info: Exhibits/Events/GITEXDubai/GITEXDubai.pdf , page1 used on input line 4.
(pdftex.def)             Requested size: 614.58406pt x 795.3441pt.


File: Exhibits/Events/GITEXDubai/GITEXDubai.pdf Graphic file (type pdf)
<use Exhibits/Events/GITEXDubai/GITEXDubai.pdf, page 1>
Package pdftex.def Info: Exhibits/Events/GITEXDubai/GITEXDubai.pdf , page1 used on input line 4.
(pdftex.def)             Requested size: 614.58406pt x 795.3441pt.
[724


 <./Exhibits/Events/GITEXDubai/GITEXDubai.pdf>]) (./Exhibits/Events/KasperskySecurityDay2023/KasperskySecurityDay2023.tex

[725

]
<Exhibits/Events/KasperskySecurityDay2023/KasperskySecurityDay2023.pdf, id=10004, 597.6729pt x 845.19763pt>
File: Exhibits/Events/KasperskySecurityDay2023/KasperskySecurityDay2023.pdf Graphic file (type pdf)
<use Exhibits/Events/KasperskySecurityDay2023/KasperskySecurityDay2023.pdf>
Package pdftex.def Info: Exhibits/Events/KasperskySecurityDay2023/KasperskySecurityDay2023.pdf  used on input line 4.
(pdftex.def)             Requested size: 597.67143pt x 845.19557pt.
<Exhibits/Events/KasperskySecurityDay2023/KasperskySecurityDay2023.pdf, id=10006, page=1, 597.6729pt x 845.19763pt>
File: Exhibits/Events/KasperskySecurityDay2023/KasperskySecurityDay2023.pdf Graphic file (type pdf)
<use Exhibits/Events/KasperskySecurityDay2023/KasperskySecurityDay2023.pdf, page 1>
Package pdftex.def Info: Exhibits/Events/KasperskySecurityDay2023/KasperskySecurityDay2023.pdf , page1 used on input line 4.
(pdftex.def)             Requested size: 597.67143pt x 845.19557pt.
File: Exhibits/Events/KasperskySecurityDay2023/KasperskySecurityDay2023.pdf Graphic file (type pdf)
<use Exhibits/Events/KasperskySecurityDay2023/KasperskySecurityDay2023.pdf, page 1>
Package pdftex.def Info: Exhibits/Events/KasperskySecurityDay2023/KasperskySecurityDay2023.pdf , page1 used on input line 4.
(pdftex.def)             Requested size: 562.27771pt x 795.14362pt.
File: Exhibits/Events/KasperskySecurityDay2023/KasperskySecurityDay2023.pdf Graphic file (type pdf)
<use Exhibits/Events/KasperskySecurityDay2023/KasperskySecurityDay2023.pdf, page 1>
Package pdftex.def Info: Exhibits/Events/KasperskySecurityDay2023/KasperskySecurityDay2023.pdf , page1 used on input line 4.
(pdftex.def)             Requested size: 562.27771pt x 795.14362pt.
File: Exhibits/Events/KasperskySecurityDay2023/KasperskySecurityDay2023.pdf Graphic file (type pdf)
<use Exhibits/Events/KasperskySecurityDay2023/KasperskySecurityDay2023.pdf, page 1>
Package pdftex.def Info: Exhibits/Events/KasperskySecurityDay2023/KasperskySecurityDay2023.pdf , page1 used on input line 4.
(pdftex.def)             Requested size: 562.27771pt x 795.14362pt.


File: Exhibits/Events/KasperskySecurityDay2023/KasperskySecurityDay2023.pdf Graphic file (type pdf)
<use Exhibits/Events/KasperskySecurityDay2023/KasperskySecurityDay2023.pdf, page 1>
Package pdftex.def Info: Exhibits/Events/KasperskySecurityDay2023/KasperskySecurityDay2023.pdf , page1 used on input line 4.
(pdftex.def)             Requested size: 562.27771pt x 795.14362pt.
[726


 <./Exhibits/Events/KasperskySecurityDay2023/KasperskySecurityDay2023.pdf>]) (./Exhibits/Events/KazHackStan/KazHackStan.tex

[727

]
<Exhibits/Events/KazHackStan/KazHackStan.pdf, id=10026, 597.45204pt x 845.1575pt>
File: Exhibits/Events/KazHackStan/KazHackStan.pdf Graphic file (type pdf)
<use Exhibits/Events/KazHackStan/KazHackStan.pdf>
Package pdftex.def Info: Exhibits/Events/KazHackStan/KazHackStan.pdf  used on input line 4.
(pdftex.def)             Requested size: 597.45058pt x 845.15544pt.
<Exhibits/Events/KazHackStan/KazHackStan.pdf, id=10028, page=1, 597.45204pt x 845.1575pt>
File: Exhibits/Events/KazHackStan/KazHackStan.pdf Graphic file (type pdf)
<use Exhibits/Events/KazHackStan/KazHackStan.pdf, page 1>
Package pdftex.def Info: Exhibits/Events/KazHackStan/KazHackStan.pdf , page1 used on input line 4.
(pdftex.def)             Requested size: 597.45058pt x 845.15544pt.
File: Exhibits/Events/KazHackStan/KazHackStan.pdf Graphic file (type pdf)
<use Exhibits/Events/KazHackStan/KazHackStan.pdf, page 1>
Package pdftex.def Info: Exhibits/Events/KazHackStan/KazHackStan.pdf , page1 used on input line 4.
(pdftex.def)             Requested size: 562.06993pt x 795.10587pt.
File: Exhibits/Events/KazHackStan/KazHackStan.pdf Graphic file (type pdf)
<use Exhibits/Events/KazHackStan/KazHackStan.pdf, page 1>
Package pdftex.def Info: Exhibits/Events/KazHackStan/KazHackStan.pdf , page1 used on input line 4.
(pdftex.def)             Requested size: 562.06993pt x 795.10587pt.
File: Exhibits/Events/KazHackStan/KazHackStan.pdf Graphic file (type pdf)
<use Exhibits/Events/KazHackStan/KazHackStan.pdf, page 1>
Package pdftex.def Info: Exhibits/Events/KazHackStan/KazHackStan.pdf , page1 used on input line 4.
(pdftex.def)             Requested size: 562.06993pt x 795.10587pt.


File: Exhibits/Events/KazHackStan/KazHackStan.pdf Graphic file (type pdf)
<use Exhibits/Events/KazHackStan/KazHackStan.pdf, page 1>
Package pdftex.def Info: Exhibits/Events/KazHackStan/KazHackStan.pdf , page1 used on input line 4.
(pdftex.def)             Requested size: 562.06993pt x 795.10587pt.
[728


 <./Exhibits/Events/KazHackStan/KazHackStan.pdf>]) (./Exhibits/Events/MostHub/MostHub.tex

[729

]
<Exhibits/Events/MostHub/MostHub.pdf, id=10078, 598.235pt x 845.1575pt>
File: Exhibits/Events/MostHub/MostHub.pdf Graphic file (type pdf)
<use Exhibits/Events/MostHub/MostHub.pdf>
Package pdftex.def Info: Exhibits/Events/MostHub/MostHub.pdf  used on input line 4.
(pdftex.def)             Requested size: 598.23354pt x 845.15544pt.
<Exhibits/Events/MostHub/MostHub.pdf, id=10080, page=1, 598.235pt x 845.1575pt>
File: Exhibits/Events/MostHub/MostHub.pdf Graphic file (type pdf)
<use Exhibits/Events/MostHub/MostHub.pdf, page 1>
Package pdftex.def Info: Exhibits/Events/MostHub/MostHub.pdf , page1 used on input line 4.
(pdftex.def)             Requested size: 598.23354pt x 845.15544pt.
File: Exhibits/Events/MostHub/MostHub.pdf Graphic file (type pdf)
<use Exhibits/Events/MostHub/MostHub.pdf, page 1>
Package pdftex.def Info: Exhibits/Events/MostHub/MostHub.pdf , page1 used on input line 4.
(pdftex.def)             Requested size: 562.80652pt x 795.10587pt.
File: Exhibits/Events/MostHub/MostHub.pdf Graphic file (type pdf)
<use Exhibits/Events/MostHub/MostHub.pdf, page 1>
Package pdftex.def Info: Exhibits/Events/MostHub/MostHub.pdf , page1 used on input line 4.
(pdftex.def)             Requested size: 562.80652pt x 795.10587pt.
File: Exhibits/Events/MostHub/MostHub.pdf Graphic file (type pdf)
<use Exhibits/Events/MostHub/MostHub.pdf, page 1>
Package pdftex.def Info: Exhibits/Events/MostHub/MostHub.pdf , page1 used on input line 4.
(pdftex.def)             Requested size: 562.80652pt x 795.10587pt.


File: Exhibits/Events/MostHub/MostHub.pdf Graphic file (type pdf)
<use Exhibits/Events/MostHub/MostHub.pdf, page 1>
Package pdftex.def Info: Exhibits/Events/MostHub/MostHub.pdf , page1 used on input line 4.
(pdftex.def)             Requested size: 562.80652pt x 795.10587pt.
[730


 <./Exhibits/Events/MostHub/MostHub.pdf>]) (./Exhibits/Events/OpenTextEurope/OpenTextEurope.tex

[731

]
<Exhibits/Events/OpenTextEurope/OpenTextEurope.pdf, id=10110, 614.295pt x 794.97pt>
File: Exhibits/Events/OpenTextEurope/OpenTextEurope.pdf Graphic file (type pdf)
<use Exhibits/Events/OpenTextEurope/OpenTextEurope.pdf>
Package pdftex.def Info: Exhibits/Events/OpenTextEurope/OpenTextEurope.pdf  used on input line 4.
(pdftex.def)             Requested size: 614.29349pt x 794.96806pt.
<Exhibits/Events/OpenTextEurope/OpenTextEurope.pdf, id=10112, page=1, 614.295pt x 794.97pt>
File: Exhibits/Events/OpenTextEurope/OpenTextEurope.pdf Graphic file (type pdf)
<use Exhibits/Events/OpenTextEurope/OpenTextEurope.pdf, page 1>
Package pdftex.def Info: Exhibits/Events/OpenTextEurope/OpenTextEurope.pdf , page1 used on input line 4.
(pdftex.def)             Requested size: 614.29349pt x 794.96806pt.
File: Exhibits/Events/OpenTextEurope/OpenTextEurope.pdf Graphic file (type pdf)
<use Exhibits/Events/OpenTextEurope/OpenTextEurope.pdf, page 1>
Package pdftex.def Info: Exhibits/Events/OpenTextEurope/OpenTextEurope.pdf , page1 used on input line 4.
(pdftex.def)             Requested size: 614.58406pt x 795.3441pt.
File: Exhibits/Events/OpenTextEurope/OpenTextEurope.pdf Graphic file (type pdf)
<use Exhibits/Events/OpenTextEurope/OpenTextEurope.pdf, page 1>
Package pdftex.def Info: Exhibits/Events/OpenTextEurope/OpenTextEurope.pdf , page1 used on input line 4.
(pdftex.def)             Requested size: 614.58406pt x 795.3441pt.
File: Exhibits/Events/OpenTextEurope/OpenTextEurope.pdf Graphic file (type pdf)
<use Exhibits/Events/OpenTextEurope/OpenTextEurope.pdf, page 1>
Package pdftex.def Info: Exhibits/Events/OpenTextEurope/OpenTextEurope.pdf , page1 used on input line 4.
(pdftex.def)             Requested size: 614.58406pt x 795.3441pt.


File: Exhibits/Events/OpenTextEurope/OpenTextEurope.pdf Graphic file (type pdf)
<use Exhibits/Events/OpenTextEurope/OpenTextEurope.pdf, page 1>
Package pdftex.def Info: Exhibits/Events/OpenTextEurope/OpenTextEurope.pdf , page1 used on input line 4.
(pdftex.def)             Requested size: 614.58406pt x 795.3441pt.
[732


 <./Exhibits/Events/OpenTextEurope/OpenTextEurope.pdf>]) (./Exhibits/Events/ProfitInfrustructureDay/ProfitInfrustructureDay.tex

[733

]
<Exhibits/Events/ProfitInfrustructureDay/ProfitInfrustructureDay.pdf, id=10169, 597.38184pt x 845.16754pt>
File: Exhibits/Events/ProfitInfrustructureDay/ProfitInfrustructureDay.pdf Graphic file (type pdf)
<use Exhibits/Events/ProfitInfrustructureDay/ProfitInfrustructureDay.pdf>
Package pdftex.def Info: Exhibits/Events/ProfitInfrustructureDay/ProfitInfrustructureDay.pdf  used on input line 4.
(pdftex.def)             Requested size: 597.38037pt x 845.16547pt.
<Exhibits/Events/ProfitInfrustructureDay/ProfitInfrustructureDay.pdf, id=10171, page=1, 597.38184pt x 845.16754pt>
File: Exhibits/Events/ProfitInfrustructureDay/ProfitInfrustructureDay.pdf Graphic file (type pdf)
<use Exhibits/Events/ProfitInfrustructureDay/ProfitInfrustructureDay.pdf, page 1>
Package pdftex.def Info: Exhibits/Events/ProfitInfrustructureDay/ProfitInfrustructureDay.pdf , page1 used on input line 4.
(pdftex.def)             Requested size: 597.38037pt x 845.16547pt.
File: Exhibits/Events/ProfitInfrustructureDay/ProfitInfrustructureDay.pdf Graphic file (type pdf)
<use Exhibits/Events/ProfitInfrustructureDay/ProfitInfrustructureDay.pdf, page 1>
Package pdftex.def Info: Exhibits/Events/ProfitInfrustructureDay/ProfitInfrustructureDay.pdf , page1 used on input line 4.
(pdftex.def)             Requested size: 562.00388pt x 795.1153pt.
File: Exhibits/Events/ProfitInfrustructureDay/ProfitInfrustructureDay.pdf Graphic file (type pdf)
<use Exhibits/Events/ProfitInfrustructureDay/ProfitInfrustructureDay.pdf, page 1>
Package pdftex.def Info: Exhibits/Events/ProfitInfrustructureDay/ProfitInfrustructureDay.pdf , page1 used on input line 4.
(pdftex.def)             Requested size: 562.00388pt x 795.1153pt.
File: Exhibits/Events/ProfitInfrustructureDay/ProfitInfrustructureDay.pdf Graphic file (type pdf)
<use Exhibits/Events/ProfitInfrustructureDay/ProfitInfrustructureDay.pdf, page 1>
Package pdftex.def Info: Exhibits/Events/ProfitInfrustructureDay/ProfitInfrustructureDay.pdf , page1 used on input line 4.
(pdftex.def)             Requested size: 562.00388pt x 795.1153pt.


File: Exhibits/Events/ProfitInfrustructureDay/ProfitInfrustructureDay.pdf Graphic file (type pdf)
<use Exhibits/Events/ProfitInfrustructureDay/ProfitInfrustructureDay.pdf, page 1>
Package pdftex.def Info: Exhibits/Events/ProfitInfrustructureDay/ProfitInfrustructureDay.pdf , page1 used on input line 4.
(pdftex.def)             Requested size: 562.00388pt x 795.1153pt.
[734


 <./Exhibits/Events/ProfitInfrustructureDay/ProfitInfrustructureDay.pdf>]
<Exhibits/Events/ProfitInfrustructureDay/ProfitInfrustructureDay.pdf, id=10245, page=2, 597.38184pt x 845.16754pt>
File: Exhibits/Events/ProfitInfrustructureDay/ProfitInfrustructureDay.pdf Graphic file (type pdf)
<use Exhibits/Events/ProfitInfrustructureDay/ProfitInfrustructureDay.pdf, page 2>
Package pdftex.def Info: Exhibits/Events/ProfitInfrustructureDay/ProfitInfrustructureDay.pdf , page2 used on input line 4.
(pdftex.def)             Requested size: 562.00388pt x 795.1153pt.
File: Exhibits/Events/ProfitInfrustructureDay/ProfitInfrustructureDay.pdf Graphic file (type pdf)
<use Exhibits/Events/ProfitInfrustructureDay/ProfitInfrustructureDay.pdf, page 2>
Package pdftex.def Info: Exhibits/Events/ProfitInfrustructureDay/ProfitInfrustructureDay.pdf , page2 used on input line 4.
(pdftex.def)             Requested size: 562.00388pt x 795.1153pt.


File: Exhibits/Events/ProfitInfrustructureDay/ProfitInfrustructureDay.pdf Graphic file (type pdf)
<use Exhibits/Events/ProfitInfrustructureDay/ProfitInfrustructureDay.pdf, page 2>
Package pdftex.def Info: Exhibits/Events/ProfitInfrustructureDay/ProfitInfrustructureDay.pdf , page2 used on input line 4.
(pdftex.def)             Requested size: 562.00388pt x 795.1153pt.
[735

 <./Exhibits/Events/ProfitInfrustructureDay/ProfitInfrustructureDay.pdf>]) (./Exhibits/Events/Securex2024/Securex2024.tex

[736

]
<Exhibits/Events/Securex2024/Securex2024.pdf, id=10258, 597.23125pt x 844.15375pt>
File: Exhibits/Events/Securex2024/Securex2024.pdf Graphic file (type pdf)
<use Exhibits/Events/Securex2024/Securex2024.pdf>
Package pdftex.def Info: Exhibits/Events/Securex2024/Securex2024.pdf  used on input line 4.
(pdftex.def)             Requested size: 597.22978pt x 844.15169pt.
<Exhibits/Events/Securex2024/Securex2024.pdf, id=10260, page=1, 597.23125pt x 844.15375pt>
File: Exhibits/Events/Securex2024/Securex2024.pdf Graphic file (type pdf)
<use Exhibits/Events/Securex2024/Securex2024.pdf, page 1>
Package pdftex.def Info: Exhibits/Events/Securex2024/Securex2024.pdf , page1 used on input line 4.
(pdftex.def)             Requested size: 597.22978pt x 844.15169pt.
File: Exhibits/Events/Securex2024/Securex2024.pdf Graphic file (type pdf)
<use Exhibits/Events/Securex2024/Securex2024.pdf, page 1>
Package pdftex.def Info: Exhibits/Events/Securex2024/Securex2024.pdf , page1 used on input line 4.
(pdftex.def)             Requested size: 562.52745pt x 795.10185pt.
File: Exhibits/Events/Securex2024/Securex2024.pdf Graphic file (type pdf)
<use Exhibits/Events/Securex2024/Securex2024.pdf, page 1>
Package pdftex.def Info: Exhibits/Events/Securex2024/Securex2024.pdf , page1 used on input line 4.
(pdftex.def)             Requested size: 562.52745pt x 795.10185pt.
File: Exhibits/Events/Securex2024/Securex2024.pdf Graphic file (type pdf)
<use Exhibits/Events/Securex2024/Securex2024.pdf, page 1>
Package pdftex.def Info: Exhibits/Events/Securex2024/Securex2024.pdf , page1 used on input line 4.
(pdftex.def)             Requested size: 562.52745pt x 795.10185pt.


File: Exhibits/Events/Securex2024/Securex2024.pdf Graphic file (type pdf)
<use Exhibits/Events/Securex2024/Securex2024.pdf, page 1>
Package pdftex.def Info: Exhibits/Events/Securex2024/Securex2024.pdf , page1 used on input line 4.
(pdftex.def)             Requested size: 562.52745pt x 795.10185pt.
[737


 <./Exhibits/Events/Securex2024/Securex2024.pdf>]) (./Exhibits/Events/SecurexProgram/SecurexProgram.tex

[738

]
<Exhibits/Events/SecurexProgram/SecurexProgram.pdf, id=10273, 597.432pt x 845.07718pt>
File: Exhibits/Events/SecurexProgram/SecurexProgram.pdf Graphic file (type pdf)
<use Exhibits/Events/SecurexProgram/SecurexProgram.pdf>
Package pdftex.def Info: Exhibits/Events/SecurexProgram/SecurexProgram.pdf  used on input line 4.
(pdftex.def)             Requested size: 597.43054pt x 845.07512pt.
<Exhibits/Events/SecurexProgram/SecurexProgram.pdf, id=10275, page=1, 597.432pt x 845.07718pt>
File: Exhibits/Events/SecurexProgram/SecurexProgram.pdf Graphic file (type pdf)
<use Exhibits/Events/SecurexProgram/SecurexProgram.pdf, page 1>
Package pdftex.def Info: Exhibits/Events/SecurexProgram/SecurexProgram.pdf , page1 used on input line 4.
(pdftex.def)             Requested size: 597.43054pt x 845.07512pt.
File: Exhibits/Events/SecurexProgram/SecurexProgram.pdf Graphic file (type pdf)
<use Exhibits/Events/SecurexProgram/SecurexProgram.pdf, page 1>
Package pdftex.def Info: Exhibits/Events/SecurexProgram/SecurexProgram.pdf , page1 used on input line 4.
(pdftex.def)             Requested size: 562.05109pt x 795.0303pt.
File: Exhibits/Events/SecurexProgram/SecurexProgram.pdf Graphic file (type pdf)
<use Exhibits/Events/SecurexProgram/SecurexProgram.pdf, page 1>
Package pdftex.def Info: Exhibits/Events/SecurexProgram/SecurexProgram.pdf , page1 used on input line 4.
(pdftex.def)             Requested size: 562.05109pt x 795.0303pt.
File: Exhibits/Events/SecurexProgram/SecurexProgram.pdf Graphic file (type pdf)
<use Exhibits/Events/SecurexProgram/SecurexProgram.pdf, page 1>
Package pdftex.def Info: Exhibits/Events/SecurexProgram/SecurexProgram.pdf , page1 used on input line 4.
(pdftex.def)             Requested size: 562.05109pt x 795.0303pt.


File: Exhibits/Events/SecurexProgram/SecurexProgram.pdf Graphic file (type pdf)
<use Exhibits/Events/SecurexProgram/SecurexProgram.pdf, page 1>
Package pdftex.def Info: Exhibits/Events/SecurexProgram/SecurexProgram.pdf , page1 used on input line 4.
(pdftex.def)             Requested size: 562.05109pt x 795.0303pt.
[739


 <./Exhibits/Events/SecurexProgram/SecurexProgram.pdf>]
<Exhibits/Events/SecurexProgram/SecurexProgram.pdf, id=10330, page=2, 597.432pt x 845.07718pt>
File: Exhibits/Events/SecurexProgram/SecurexProgram.pdf Graphic file (type pdf)
<use Exhibits/Events/SecurexProgram/SecurexProgram.pdf, page 2>
Package pdftex.def Info: Exhibits/Events/SecurexProgram/SecurexProgram.pdf , page2 used on input line 4.
(pdftex.def)             Requested size: 562.05109pt x 795.0303pt.
File: Exhibits/Events/SecurexProgram/SecurexProgram.pdf Graphic file (type pdf)
<use Exhibits/Events/SecurexProgram/SecurexProgram.pdf, page 2>
Package pdftex.def Info: Exhibits/Events/SecurexProgram/SecurexProgram.pdf , page2 used on input line 4.
(pdftex.def)             Requested size: 562.05109pt x 795.0303pt.


File: Exhibits/Events/SecurexProgram/SecurexProgram.pdf Graphic file (type pdf)
<use Exhibits/Events/SecurexProgram/SecurexProgram.pdf, page 2>
Package pdftex.def Info: Exhibits/Events/SecurexProgram/SecurexProgram.pdf , page2 used on input line 4.
(pdftex.def)             Requested size: 562.05109pt x 795.0303pt.
[740

 <./Exhibits/Events/SecurexProgram/SecurexProgram.pdf>]
<Exhibits/Events/SecurexProgram/SecurexProgram.pdf, id=10340, page=3, 597.432pt x 845.07718pt>
File: Exhibits/Events/SecurexProgram/SecurexProgram.pdf Graphic file (type pdf)
<use Exhibits/Events/SecurexProgram/SecurexProgram.pdf, page 3>
Package pdftex.def Info: Exhibits/Events/SecurexProgram/SecurexProgram.pdf , page3 used on input line 4.
(pdftex.def)             Requested size: 562.05109pt x 795.0303pt.
File: Exhibits/Events/SecurexProgram/SecurexProgram.pdf Graphic file (type pdf)
<use Exhibits/Events/SecurexProgram/SecurexProgram.pdf, page 3>
Package pdftex.def Info: Exhibits/Events/SecurexProgram/SecurexProgram.pdf , page3 used on input line 4.
(pdftex.def)             Requested size: 562.05109pt x 795.0303pt.


File: Exhibits/Events/SecurexProgram/SecurexProgram.pdf Graphic file (type pdf)
<use Exhibits/Events/SecurexProgram/SecurexProgram.pdf, page 3>
Package pdftex.def Info: Exhibits/Events/SecurexProgram/SecurexProgram.pdf , page3 used on input line 4.
(pdftex.def)             Requested size: 562.05109pt x 795.0303pt.
[741

 <./Exhibits/Events/SecurexProgram/SecurexProgram.pdf>]
<Exhibits/Events/SecurexProgram/SecurexProgram.pdf, id=10346, page=4, 597.432pt x 845.07718pt>
File: Exhibits/Events/SecurexProgram/SecurexProgram.pdf Graphic file (type pdf)
<use Exhibits/Events/SecurexProgram/SecurexProgram.pdf, page 4>
Package pdftex.def Info: Exhibits/Events/SecurexProgram/SecurexProgram.pdf , page4 used on input line 4.
(pdftex.def)             Requested size: 562.05109pt x 795.0303pt.
File: Exhibits/Events/SecurexProgram/SecurexProgram.pdf Graphic file (type pdf)
<use Exhibits/Events/SecurexProgram/SecurexProgram.pdf, page 4>
Package pdftex.def Info: Exhibits/Events/SecurexProgram/SecurexProgram.pdf , page4 used on input line 4.
(pdftex.def)             Requested size: 562.05109pt x 795.0303pt.


File: Exhibits/Events/SecurexProgram/SecurexProgram.pdf Graphic file (type pdf)
<use Exhibits/Events/SecurexProgram/SecurexProgram.pdf, page 4>
Package pdftex.def Info: Exhibits/Events/SecurexProgram/SecurexProgram.pdf , page4 used on input line 4.
(pdftex.def)             Requested size: 562.05109pt x 795.0303pt.
[742

 <./Exhibits/Events/SecurexProgram/SecurexProgram.pdf>])))
\openout2 = `inkin.wrt'.

 (%OUTDIR%/inkin.aux)
\openout2 = `inkin.Awards'.

 (%OUTDIR%/inkin.wrt)
\openout2 = `inkin.Associations'.

 (%OUTDIR%/inkin.wrt)
\openout2 = `inkin.Published'.

 (%OUTDIR%/inkin.wrt)
\openout2 = `inkin.Judging'.

 (%OUTDIR%/inkin.wrt)
\openout2 = `inkin.CompanyInfo'.

 (%OUTDIR%/inkin.wrt)
\openout2 = `inkin.Contributions'.

 (%OUTDIR%/inkin.wrt)
\openout2 = `inkin.Articles'.

 (%OUTDIR%/inkin.wrt)
\openout2 = `inkin.Role'.

 (%OUTDIR%/inkin.wrt)
\openout2 = `inkin.Display'.

 (%OUTDIR%/inkin.wrt)
\openout2 = `inkin.Salary'.

 (%OUTDIR%/inkin.wrt)
\openout2 = `inkin.Events'.

 (%OUTDIR%/inkin.wrt)
 ***********
LaTeX2e <2024-11-01> patch level 2
L3 programming layer <2025-01-18>
 ***********


LaTeX Warning: There were undefined references.

Package rerunfilecheck Info: File `inkin.out' has not changed.
(rerunfilecheck)             Checksum: B1F452C34B6151696673FDC4F079EB36;19407.
 ) 
Here is how much of TeX's memory you used:
 22288 strings out of 473190
 548009 string characters out of 5715800
 751856 words of memory out of 5000000
 42476 multiletter control sequences out of 15000+600000
 579119 words of font info for 186 fonts, out of 8000000 for 9000
 1141 hyphenation exceptions out of 8191
 99i,17n,124p,1962b,805s stack positions out of 10000i,1000n,20000p,200000b,200000s
</usr/local/texlive/2025/texmf-dist/fonts/type1/public/amsfonts/cm/cmmi12.pfb></usr/local/texlive/2025/texmf-dist/fonts/type1/public/amsfonts/cm/cmr12.pfb></usr/local/texlive/2025/texmf-dist/fonts/type1/public/amsfonts/cm/cmsy10.pfb></usr/local/texlive/2025/texmf-dist/fonts/type1/public/marvosym/marvosym.pfb></usr/local/texlive/2025/texmf-dist/fonts/type1/public/cm-super/sfbi1200.pfb></usr/local/texlive/2025/texmf-dist/fonts/type1/public/cm-super/sfbx1200.pfb></usr/local/texlive/2025/texmf-dist/fonts/type1/public/cm-super/sfbx1440.pfb></usr/local/texlive/2025/texmf-dist/fonts/type1/public/cm-super/sfbx1728.pfb></usr/local/texlive/2025/texmf-dist/fonts/type1/public/cm-super/sfrm1200.pfb></usr/local/texlive/2025/texmf-dist/fonts/type1/public/cm-super/sfti1200.pfb></usr/local/texlive/2025/texmf-dist/fonts/type1/public/cm-super/sftt1200.pfb>
Output written on %OUTDIR%/inkin.pdf (742 pages, 182357618 bytes).
PDF statistics:
 10686 PDF objects out of 10688 (max. 8388607)
 6680 compressed objects within 67 object streams
 1227 named destinations out of 1440 (max. 500000)
 28776 words of extra memory for PDF output out of 29859 (max. 10000000)

